week_start,week_end,iod_bom
2008-07-28,2008-08-03,0.01
2008-08-04,2008-08-10,0.1
2008-08-11,2008-08-17,-0.13
2008-08-18,2008-08-24,0.33
2008-08-25,2008-08-31,0.27
2008-09-01,2008-09-07,0.25
2008-09-08,2008-09-14,0.0
2008-09-15,2008-09-21,-0.26
2008-09-22,2008-09-28,-0.17
2008-09-29,2008-10-05,0.04
2008-10-06,2008-10-12,0.35
2008-10-13,2008-10-19,0.01
2008-10-20,2008-10-26,-0.47
2008-10-27,2008-11-02,-0.31
2008-11-03,2008-11-09,-0.02
2008-11-10,2008-11-16,0.03
2008-11-17,2008-11-23,-0.13
2008-11-24,2008-11-30,0.07
2008-12-01,2008-12-07,0.18
2008-12-08,2008-12-14,0.09
2008-12-15,2008-12-21,0.07
2008-12-22,2008-12-28,0.33
2008-12-29,2009-01-04,0.28
2009-01-05,2009-01-11,-0.06
2009-01-12,2009-01-18,0.0
2009-01-19,2009-01-25,0.1
2009-01-26,2009-02-01,0.27
2009-02-02,2009-02-08,0.47
2009-02-09,2009-02-15,0.58
2009-02-16,2009-02-22,0.37
2009-02-23,2009-03-01,0.54
2009-03-02,2009-03-08,0.72
2009-03-09,2009-03-15,0.33
2009-03-16,2009-03-22,0.36
2009-03-23,2009-03-29,0.18
2009-03-30,2009-04-05,0.27
2009-04-06,2009-04-12,0.33
2009-04-13,2009-04-19,0.09
2009-04-20,2009-04-26,0.01
2009-04-27,2009-05-03,0.05
2009-05-04,2009-05-10,0.34
2009-05-11,2009-05-17,0.57
2009-05-18,2009-05-24,0.3
2009-05-25,2009-05-31,-0.04
2009-06-01,2009-06-07,0.2
2009-06-08,2009-06-14,0.2
2009-06-15,2009-06-21,0.37
2009-06-22,2009-06-28,0.24
2009-06-29,2009-07-05,-0.06
2009-07-06,2009-07-12,-0.5
2009-07-13,2009-07-19,-0.43
2009-07-20,2009-07-26,-0.22
2009-07-27,2009-08-02,-0.01
2009-08-03,2009-08-09,-0.03
2009-08-10,2009-08-16,-0.29
2009-08-17,2009-08-23,-0.22
2009-08-24,2009-08-30,-0.21
2009-08-31,2009-09-06,-0.35
2009-09-07,2009-09-13,-0.52
2009-09-14,2009-09-20,-0.13
2009-09-21,2009-09-27,-0.08
2009-09-28,2009-10-04,-0.37
2009-10-05,2009-10-11,-0.26
2009-10-12,2009-10-18,0.02
2009-10-19,2009-10-25,-0.04
2009-10-26,2009-11-01,-0.16
2009-11-02,2009-11-08,-0.18
2009-11-09,2009-11-15,-0.22
2009-11-16,2009-11-22,-0.06
2009-11-23,2009-11-29,0.2
2009-11-30,2009-12-06,0.46
2009-12-07,2009-12-13,0.5
2009-12-14,2009-12-20,0.47
2009-12-21,2009-12-27,0.16
2009-12-28,2010-01-03,0.64
2010-01-04,2010-01-10,0.69
2010-01-11,2010-01-17,0.35
2010-01-18,2010-01-24,0.46
2010-01-25,2010-01-31,0.13
2010-02-01,2010-02-07,0.26
2010-02-08,2010-02-14,0.02
2010-02-15,2010-02-21,0.26
2010-02-22,2010-02-28,0.25
2010-03-01,2010-03-07,0.28
2010-03-08,2010-03-14,0.24
2010-03-15,2010-03-21,0.16
2010-03-22,2010-03-28,0.28
2010-03-29,2010-04-04,0.66
2010-04-05,2010-04-11,0.48
2010-04-12,2010-04-18,0.24
2010-04-19,2010-04-25,0.14
2010-04-26,2010-05-02,-0.02
2010-05-03,2010-05-09,-0.14
2010-05-10,2010-05-16,0.03
2010-05-17,2010-05-23,-0.25
2010-05-24,2010-05-30,-0.33
2010-05-31,2010-06-06,0.12
2010-06-07,2010-06-13,0.26
2010-06-14,2010-06-20,-0.14
2010-06-21,2010-06-27,0.08
2010-06-28,2010-07-04,0.28
2010-07-05,2010-07-11,-0.2
2010-07-12,2010-07-18,0.2
2010-07-19,2010-07-25,-0.23
2010-07-26,2010-08-01,-0.43
2010-08-02,2010-08-08,-0.52
2010-08-09,2010-08-15,-0.58
2010-08-16,2010-08-22,-0.59
2010-08-23,2010-08-29,-1.05
2010-08-30,2010-09-05,-0.94
2010-09-06,2010-09-12,-0.65
2010-09-13,2010-09-19,-1.15
2010-09-20,2010-09-26,-1.22
2010-09-27,2010-10-03,-1.26
2010-10-04,2010-10-10,-1.27
2010-10-11,2010-10-17,-1.34
2010-10-18,2010-10-24,-1.04
2010-10-25,2010-10-31,-0.46
2010-11-01,2010-11-07,-0.39
2010-11-08,2010-11-14,-0.34
2010-11-15,2010-11-21,-0.14
2010-11-22,2010-11-28,0.0
2010-11-29,2010-12-05,-0.14
2010-12-06,2010-12-12,-0.32
2010-12-13,2010-12-19,-0.15
2010-12-20,2010-12-26,-0.12
2010-12-27,2011-01-02,0.04
2011-01-03,2011-01-09,0.03
2011-01-10,2011-01-16,0.1
2011-01-17,2011-01-23,0.23
2011-01-24,2011-01-30,0.06
2011-01-31,2011-02-06,-0.07
2011-02-07,2011-02-13,-0.1
2011-02-14,2011-02-20,-0.11
2011-02-21,2011-02-27,0.01
2011-02-28,2011-03-06,0.15
2011-03-07,2011-03-13,0.29
2011-03-14,2011-03-20,0.03
2011-03-21,2011-03-27,0.05
2011-03-28,2011-04-03,0.34
2011-04-04,2011-04-10,0.21
2011-04-11,2011-04-17,0.17
2011-04-18,2011-04-24,0.01
2011-04-25,2011-05-01,0.0
2011-05-02,2011-05-08,0.18
2011-05-09,2011-05-15,0.01
2011-05-16,2011-05-22,-0.01
2011-05-23,2011-05-29,0.07
2011-05-30,2011-06-05,-0.07
2011-06-06,2011-06-12,-0.12
2011-06-13,2011-06-19,0.11
2011-06-20,2011-06-26,0.42
2011-06-27,2011-07-03,0.44
2011-07-04,2011-07-10,0.34
2011-07-11,2011-07-17,0.46
2011-07-18,2011-07-24,0.1
2011-07-25,2011-07-31,0.17
2011-08-01,2011-08-07,0.32
2011-08-08,2011-08-14,0.18
2011-08-15,2011-08-21,0.26
2011-08-22,2011-08-28,0.54
2011-08-29,2011-09-04,0.42
2011-09-05,2011-09-11,0.59
2011-09-12,2011-09-18,0.55
2011-09-19,2011-09-25,0.55
2011-09-26,2011-10-02,0.6
2011-10-03,2011-10-09,0.59
2011-10-10,2011-10-16,0.57
2011-10-17,2011-10-23,0.44
2011-10-24,2011-10-30,0.09
2011-10-31,2011-11-06,0.26
2011-11-07,2011-11-13,0.09
2011-11-14,2011-11-20,0.12
2011-11-21,2011-11-27,0.07
2011-11-28,2011-12-04,0.3
2011-12-05,2011-12-11,-0.02
2011-12-12,2011-12-18,0.29
2011-12-19,2011-12-25,0.61
2011-12-26,2012-01-01,0.26
2012-01-02,2012-01-08,0.03
2012-01-09,2012-01-15,0.39
2012-01-16,2012-01-22,0.22
2012-01-23,2012-01-29,0.19
2012-01-30,2012-02-05,0.23
2012-02-06,2012-02-12,0.0
2012-02-13,2012-02-19,0.11
2012-02-20,2012-02-26,0.1
2012-02-27,2012-03-04,0.13
2012-03-05,2012-03-11,0.05
2012-03-12,2012-03-18,-0.09
2012-03-19,2012-03-25,0.27
2012-03-26,2012-04-01,0.15
2012-04-02,2012-04-08,0.05
2012-04-09,2012-04-15,0.01
2012-04-16,2012-04-22,0.4
2012-04-23,2012-04-29,0.0
2012-04-30,2012-05-06,-0.07
2012-05-07,2012-05-13,0.06
2012-05-14,2012-05-20,0.2
2012-05-21,2012-05-27,0.67
2012-05-28,2012-06-03,0.44
2012-06-04,2012-06-10,0.11
2012-06-11,2012-06-17,-0.32
2012-06-18,2012-06-24,-0.15
2012-06-25,2012-07-01,-0.18
2012-07-02,2012-07-08,0.14
2012-07-09,2012-07-15,0.01
2012-07-16,2012-07-22,0.21
2012-07-23,2012-07-29,0.21
2012-07-30,2012-08-05,0.35
2012-08-06,2012-08-12,0.24
2012-08-13,2012-08-19,0.39
2012-08-20,2012-08-26,0.45
2012-08-27,2012-09-02,0.43
2012-09-03,2012-09-09,0.22
2012-09-10,2012-09-16,0.18
2012-09-17,2012-09-23,0.01
2012-09-24,2012-09-30,0.36
2012-10-01,2012-10-07,0.04
2012-10-08,2012-10-14,0.23
2012-10-15,2012-10-21,0.38
2012-10-22,2012-10-28,0.09
2012-10-29,2012-11-04,0.12
2012-11-05,2012-11-11,0.27
2012-11-12,2012-11-18,0.52
2012-11-19,2012-11-25,0.32
2012-11-26,2012-12-02,0.46
2012-12-03,2012-12-09,0.24
2012-12-10,2012-12-16,0.49
2012-12-17,2012-12-23,0.65
2012-12-24,2012-12-30,0.44
2012-12-31,2013-01-06,0.36
2013-01-07,2013-01-13,0.86
2013-01-14,2013-01-20,0.46
2013-01-21,2013-01-27,0.09
2013-01-28,2013-02-03,-0.2
2013-02-04,2013-02-10,0.24
2013-02-11,2013-02-17,0.14
2013-02-18,2013-02-24,0.64
2013-02-25,2013-03-03,0.59
2013-03-04,2013-03-10,0.08
2013-03-11,2013-03-17,0.0
2013-03-18,2013-03-24,-0.06
2013-03-25,2013-03-31,0.27
2013-04-01,2013-04-07,0.41
2013-04-08,2013-04-14,0.2
2013-04-15,2013-04-21,0.23
2013-04-22,2013-04-28,0.06
2013-04-29,2013-05-05,0.14
2013-05-06,2013-05-12,0.01
2013-05-13,2013-05-19,-0.7
2013-05-20,2013-05-26,-0.5
2013-05-27,2013-06-02,-0.27
2013-06-03,2013-06-09,-0.31
2013-06-10,2013-06-16,-0.32
2013-06-17,2013-06-23,-0.63
2013-06-24,2013-06-30,-0.65
2013-07-01,2013-07-07,-0.24
2013-07-08,2013-07-14,-0.34
2013-07-15,2013-07-21,-0.58
2013-07-22,2013-07-28,-0.75
2013-07-29,2013-08-04,-0.47
2013-08-05,2013-08-11,-0.4
2013-08-12,2013-08-18,-0.42
2013-08-19,2013-08-25,-0.35
2013-08-26,2013-09-01,-0.49
2013-09-02,2013-09-08,-0.02
2013-09-09,2013-09-15,-0.15
2013-09-16,2013-09-22,-0.48
2013-09-23,2013-09-29,-0.5
2013-09-30,2013-10-06,-0.6
2013-10-07,2013-10-13,-0.06
2013-10-14,2013-10-20,0.01
2013-10-21,2013-10-27,-0.12
2013-10-28,2013-11-03,0.07
2013-11-04,2013-11-10,0.37
2013-11-11,2013-11-17,0.55
2013-11-18,2013-11-24,0.44
2013-11-25,2013-12-01,0.64
2013-12-02,2013-12-08,0.53
2013-12-09,2013-12-15,0.36
2013-12-16,2013-12-22,0.19
2013-12-23,2013-12-29,-0.04
2013-12-30,2014-01-05,0.21
2014-01-06,2014-01-12,0.24
2014-01-13,2014-01-19,0.25
2014-01-20,2014-01-26,0.33
2014-01-27,2014-02-02,0.29
2014-02-03,2014-02-09,0.33
2014-02-10,2014-02-16,-0.03
2014-02-17,2014-02-23,-0.1
2014-02-24,2014-03-02,0.13
2014-03-03,2014-03-09,-0.22
2014-03-10,2014-03-16,-0.32
2014-03-17,2014-03-23,-0.35
2014-03-24,2014-03-30,-0.59
2014-03-31,2014-04-06,-0.33
2014-04-07,2014-04-13,-0.33
2014-04-14,2014-04-20,-0.08
2014-04-21,2014-04-27,0.09
2014-04-28,2014-05-04,-0.16
2014-05-05,2014-05-11,-0.17
2014-05-12,2014-05-18,0.22
2014-05-19,2014-05-25,0.09
2014-05-26,2014-06-01,0.02
2014-06-02,2014-06-08,0.02
2014-06-09,2014-06-15,-0.29
2014-06-16,2014-06-22,-0.53
2014-06-23,2014-06-29,-0.46
2014-06-30,2014-07-06,-0.46
2014-07-07,2014-07-13,-0.26
2014-07-14,2014-07-20,-0.76
2014-07-21,2014-07-27,-0.85
2014-07-28,2014-08-03,-0.56
2014-08-04,2014-08-10,-0.79
2014-08-11,2014-08-17,-0.78
2014-08-18,2014-08-24,-0.72
2014-08-25,2014-08-31,-0.34
2014-09-01,2014-09-07,-0.84
2014-09-08,2014-09-14,-0.53
2014-09-15,2014-09-21,-0.17
2014-09-22,2014-09-28,-0.13
2014-09-29,2014-10-05,-0.01
2014-10-06,2014-10-12,0.15
2014-10-13,2014-10-19,0.19
2014-10-20,2014-10-26,0.24
2014-10-27,2014-11-02,0.14
2014-11-03,2014-11-09,0.52
2014-11-10,2014-11-16,0.29
2014-11-17,2014-11-23,0.31
2014-11-24,2014-11-30,0.51
2014-12-01,2014-12-07,0.36
2014-12-08,2014-12-14,0.25
2014-12-15,2014-12-21,0.11
2014-12-22,2014-12-28,0.21
2014-12-29,2015-01-04,-0.13
2015-01-05,2015-01-11,-0.22
2015-01-12,2015-01-18,-0.34
2015-01-19,2015-01-25,-0.22
2015-01-26,2015-02-01,-0.44
2015-02-02,2015-02-08,-0.2
2015-02-09,2015-02-15,-0.3
2015-02-16,2015-02-22,-0.14
2015-02-23,2015-03-01,-0.48
2015-03-02,2015-03-08,-0.27
2015-03-09,2015-03-15,0.18
2015-03-16,2015-03-22,0.01
2015-03-23,2015-03-29,0.05
2015-03-30,2015-04-05,0.12
2015-04-06,2015-04-12,0.11
2015-04-13,2015-04-19,0.2
2015-04-20,2015-04-26,0.25
2015-04-27,2015-05-03,0.33
2015-05-04,2015-05-10,0.44
2015-05-11,2015-05-17,0.6
2015-05-18,2015-05-24,0.49
2015-05-25,2015-05-31,0.64
2015-06-01,2015-06-07,0.63
2015-06-08,2015-06-14,0.61
2015-06-15,2015-06-21,0.27
2015-06-22,2015-06-28,-0.03
2015-06-29,2015-07-05,0.37
2015-07-06,2015-07-12,0.65
2015-07-13,2015-07-19,0.43
2015-07-20,2015-07-26,0.03
2015-07-27,2015-08-02,0.13
2015-08-03,2015-08-09,0.65
2015-08-10,2015-08-16,0.45
2015-08-17,2015-08-23,0.28
2015-08-24,2015-08-30,0.56
2015-08-31,2015-09-06,0.63
2015-09-07,2015-09-13,0.93
2015-09-14,2015-09-20,1.06
2015-09-21,2015-09-27,0.78
2015-09-28,2015-10-04,1.08
2015-10-05,2015-10-11,1.07
2015-10-12,2015-10-18,0.82
2015-10-19,2015-10-25,0.7
2015-10-26,2015-11-01,0.68
2015-11-02,2015-11-08,0.81
2015-11-09,2015-11-15,0.81
2015-11-16,2015-11-22,0.56
2015-11-23,2015-11-29,0.51
2015-11-30,2015-12-06,0.55
2015-12-07,2015-12-13,0.46
2015-12-14,2015-12-20,0.55
2015-12-21,2015-12-27,0.45
2015-12-28,2016-01-03,-0.15
2016-01-04,2016-01-10,-0.11
2016-01-11,2016-01-17,0.01
2016-01-18,2016-01-24,-0.24
2016-01-25,2016-01-31,-0.27
2016-02-01,2016-02-07,0.06
2016-02-08,2016-02-14,0.36
2016-02-15,2016-02-21,-0.16
2016-02-22,2016-02-28,-0.07
2016-02-29,2016-03-06,0.1
2016-03-07,2016-03-13,0.13
2016-03-14,2016-03-20,0.31
2016-03-21,2016-03-27,0.28
2016-03-28,2016-04-03,-0.22
2016-04-04,2016-04-10,0.12
2016-04-11,2016-04-17,0.14
2016-04-18,2016-04-24,-0.14
2016-04-25,2016-05-01,0.23
2016-05-02,2016-05-08,0.25
2016-05-09,2016-05-15,0.09
2016-05-16,2016-05-22,-0.22
2016-05-23,2016-05-29,-0.5
2016-05-30,2016-06-05,-0.47
2016-06-06,2016-06-12,-0.62
2016-06-13,2016-06-19,-0.23
2016-06-20,2016-06-26,-0.56
2016-06-27,2016-07-03,-0.94
2016-07-04,2016-07-10,-1.3
2016-07-11,2016-07-17,-1.12
2016-07-18,2016-07-24,-0.63
2016-07-25,2016-07-31,-1.06
2016-08-01,2016-08-07,-0.81
2016-08-08,2016-08-14,-0.61
2016-08-15,2016-08-21,-0.56
2016-08-22,2016-08-28,-0.61
2016-08-29,2016-09-04,-1.23
2016-09-05,2016-09-11,-1.37
2016-09-12,2016-09-18,-1.46
2016-09-19,2016-09-25,-1.05
2016-09-26,2016-10-02,-0.82
2016-10-03,2016-10-09,-0.55
2016-10-10,2016-10-16,-0.58
2016-10-17,2016-10-23,-0.85
2016-10-24,2016-10-30,-0.38
2016-10-31,2016-11-06,-0.23
2016-11-07,2016-11-13,-0.37
2016-11-14,2016-11-20,-0.29
2016-11-21,2016-11-27,-0.07
2016-11-28,2016-12-04,0.08
2016-12-05,2016-12-11,0.25
2016-12-12,2016-12-18,-0.05
2016-12-19,2016-12-25,0.04
2016-12-26,2017-01-01,0.02
2017-01-02,2017-01-08,0.25
2017-01-09,2017-01-15,0.04
2017-01-16,2017-01-22,0.07
2017-01-23,2017-01-29,0.25
2017-01-30,2017-02-05,0.48
2017-02-06,2017-02-12,0.5
2017-02-13,2017-02-19,0.32
2017-02-20,2017-02-26,0.18
2017-02-27,2017-03-05,0.2
2017-03-06,2017-03-12,0.07
2017-03-13,2017-03-19,-0.06
2017-03-20,2017-03-26,0.25
2017-03-27,2017-04-02,0.2
2017-04-03,2017-04-09,0.27
2017-04-10,2017-04-16,0.34
2017-04-17,2017-04-23,0.38
2017-04-24,2017-04-30,0.38
2017-05-01,2017-05-07,0.27
2017-05-08,2017-05-14,0.55
2017-05-15,2017-05-21,0.54
2017-05-22,2017-05-28,0.38
2017-05-29,2017-06-04,0.31
2017-06-05,2017-06-11,-0.01
2017-06-12,2017-06-18,0.17
2017-06-19,2017-06-25,0.4
2017-06-26,2017-07-02,0.09
2017-07-03,2017-07-09,0.0
2017-07-10,2017-07-16,0.07
2017-07-17,2017-07-23,0.16
2017-07-24,2017-07-30,0.24
2017-07-31,2017-08-06,0.56
2017-08-21,2017-08-27,0.23
2017-08-28,2017-09-03,0.29
2017-09-04,2017-09-10,0.31
2017-09-11,2017-09-17,-0.1
2017-09-18,2017-09-24,-0.18
2017-09-25,2017-10-01,-0.32
2017-10-02,2017-10-08,-0.15
2017-10-09,2017-10-15,0.03
2017-10-16,2017-10-22,-0.24
2017-10-23,2017-10-29,-0.12
2017-10-30,2017-11-05,0.09
2017-11-06,2017-11-12,0.12
2017-11-13,2017-11-19,-0.13
2017-11-20,2017-11-26,-0.05
2017-11-27,2017-12-03,0.24
2017-12-04,2017-12-10,-0.4
2017-12-11,2017-12-17,-0.6
2017-12-18,2017-12-24,-0.33
2017-12-25,2017-12-31,-0.34
2018-01-01,2018-01-07,-0.23
2018-01-08,2018-01-14,-0.21
2018-01-15,2018-01-21,-0.04
2018-01-22,2018-01-28,0.17
2018-01-29,2018-02-04,0.08
2018-02-05,2018-02-11,-0.02
2018-02-12,2018-02-18,0.33
2018-02-19,2018-02-25,0.4
2018-02-26,2018-03-04,0.08
2018-03-05,2018-03-11,-0.13
2018-03-12,2018-03-18,-0.28
2018-03-19,2018-03-25,-0.13
2018-03-26,2018-04-01,0.25
2018-04-02,2018-04-08,0.24
2018-04-09,2018-04-15,0.25
2018-04-16,2018-04-22,0.09
2018-04-23,2018-04-29,0.02
2018-04-30,2018-05-06,0.0
2018-05-07,2018-05-13,0.19
2018-05-14,2018-05-20,0.3
2018-05-21,2018-05-27,0.05
2018-05-28,2018-06-03,-0.19
2018-06-04,2018-06-10,-0.36
2018-06-11,2018-06-17,-0.35
2018-06-18,2018-06-24,-0.13
2018-06-25,2018-07-01,-0.1
2018-07-02,2018-07-08,-0.05
2018-07-09,2018-07-15,0.08
2018-07-16,2018-07-22,-0.21
2018-07-23,2018-07-29,-0.24
2018-07-30,2018-08-05,0.09
2018-08-06,2018-08-12,0.26
2018-08-13,2018-08-19,-0.25
2018-08-20,2018-08-26,-0.37
2018-08-27,2018-09-02,-0.3
2018-09-03,2018-09-09,0.17
2018-09-10,2018-09-16,0.47
2018-09-17,2018-09-23,0.6
2018-09-24,2018-09-30,0.45
2018-10-01,2018-10-07,0.24
2018-10-08,2018-10-14,-0.09
2018-10-15,2018-10-21,0.09
2018-10-22,2018-10-28,0.33
2018-10-29,2018-11-04,0.22
2018-11-05,2018-11-11,0.4
2018-11-12,2018-11-18,0.5
2018-11-19,2018-11-25,0.3
2018-11-26,2018-12-02,0.38
2018-12-03,2018-12-09,0.39
2018-12-10,2018-12-16,0.49
2018-12-17,2018-12-23,0.07
2018-12-24,2018-12-30,0.26
2018-12-31,2019-01-06,0.51
2019-01-07,2019-01-13,0.22
2019-01-14,2019-01-20,0.19
2019-01-21,2019-01-27,0.24
2019-01-28,2019-02-03,0.12
2019-02-04,2019-02-10,-0.21
2019-02-11,2019-02-17,-0.08
2019-02-18,2019-02-24,-0.18
2019-02-25,2019-03-03,-0.18
2019-03-04,2019-03-10,-0.01
2019-03-11,2019-03-17,0.02
2019-03-18,2019-03-24,-0.11
2019-03-25,2019-03-31,-0.28
2019-04-01,2019-04-07,-0.33
2019-04-08,2019-04-14,-0.06
2019-04-15,2019-04-21,-0.02
2019-04-22,2019-04-28,0.43
2019-04-29,2019-05-05,0.14
2019-05-06,2019-05-12,0.32
2019-05-13,2019-05-19,0.61
2019-05-20,2019-05-26,0.87
2019-05-27,2019-06-02,1.1
2019-06-03,2019-06-09,1.11
2019-06-10,2019-06-16,0.9
2019-06-17,2019-06-23,0.74
2019-06-24,2019-06-30,0.67
2019-07-01,2019-07-07,0.54
2019-07-08,2019-07-14,0.66
2019-07-15,2019-07-21,0.81
2019-07-22,2019-07-28,0.53
2019-07-29,2019-08-04,0.83
2019-08-05,2019-08-11,1.12
2019-08-12,2019-08-18,0.98
2019-08-19,2019-08-25,1.18
2019-08-26,2019-09-01,1.06
2019-09-02,2019-09-08,1.03
2019-09-09,2019-09-15,0.93
2019-09-16,2019-09-22,1.3
2019-09-23,2019-09-29,1.54
2019-09-30,2019-10-06,1.71
2019-10-07,2019-10-13,1.93
2019-10-14,2019-10-20,1.91
2019-10-21,2019-10-27,1.75
2019-10-28,2019-11-03,1.69
2019-11-04,2019-11-10,1.67
2019-11-11,2019-11-17,1.52
2019-11-18,2019-11-24,1.55
2019-11-25,2019-12-01,1.21
2019-12-02,2019-12-08,0.93
2019-12-09,2019-12-15,1.0
2019-12-16,2019-12-22,0.75
2019-12-23,2019-12-29,0.6
2019-12-30,2020-01-05,0.59
2020-01-06,2020-01-12,0.67
2020-01-13,2020-01-19,0.47
2020-01-20,2020-01-26,0.09
2020-01-27,2020-02-02,0.12
2020-02-03,2020-02-09,0.36
2020-02-10,2020-02-16,0.38
2020-02-17,2020-02-23,0.17
2020-02-24,2020-03-01,0.07
2020-03-02,2020-03-08,0.2
2020-03-09,2020-03-15,-0.07
2020-03-16,2020-03-22,-0.06
2020-03-23,2020-03-29,0.2
2020-03-30,2020-04-05,0.02
2020-04-06,2020-04-12,0.08
2020-04-13,2020-04-19,0.08
2020-04-20,2020-04-26,0.0
2020-04-27,2020-05-03,0.13
2020-05-04,2020-05-10,0.27
2020-05-11,2020-05-17,0.59
2020-05-18,2020-05-24,0.5
2020-05-25,2020-05-31,0.61
2020-06-01,2020-06-07,0.87
2020-06-08,2020-06-14,1.03
2020-06-15,2020-06-21,0.95
2020-06-22,2020-06-28,0.75
2020-06-29,2020-07-05,0.68
2020-07-06,2020-07-12,0.55
2020-07-13,2020-07-19,0.44
2020-07-20,2020-07-26,0.15
2020-07-27,2020-08-02,0.29
2020-08-03,2020-08-09,-0.02
2020-08-10,2020-08-16,-0.73
2020-08-17,2020-08-23,-0.96
2020-08-24,2020-08-30,-0.79
2020-08-31,2020-09-06,-0.43
2020-09-07,2020-09-13,-0.47
2020-09-14,2020-09-20,-0.59
2020-09-21,2020-09-27,-0.82
2020-09-28,2020-10-04,-0.62
2020-10-05,2020-10-11,-0.02
2020-10-12,2020-10-18,0.08
2020-10-19,2020-10-25,-0.27
2020-10-26,2020-11-01,-0.33
2020-11-02,2020-11-08,-0.18
2020-11-09,2020-11-15,-0.14
2020-11-16,2020-11-22,-0.34
2020-11-23,2020-11-29,-0.24
2020-11-30,2020-12-06,-0.01
2020-12-07,2020-12-13,0.03
2020-12-14,2020-12-20,0.06
2020-12-21,2020-12-27,0.15
2020-12-28,2021-01-03,0.31
2021-01-04,2021-01-10,0.06
2021-01-11,2021-01-17,-0.21
2021-01-18,2021-01-24,-0.1
2021-01-25,2021-01-31,0.1
2021-02-01,2021-02-07,0.13
2021-02-08,2021-02-14,-0.04
2021-02-15,2021-02-21,-0.03
2021-02-22,2021-02-28,0.02
2021-03-01,2021-03-07,0.0
2021-03-08,2021-03-14,0.14
2021-03-15,2021-03-21,0.15
2021-03-22,2021-03-28,0.06
2021-03-29,2021-04-04,0.04
2021-04-05,2021-04-11,0.21
2021-04-12,2021-04-18,0.21
2021-04-19,2021-04-25,0.27
2021-04-26,2021-05-02,0.42
2021-05-03,2021-05-09,0.48
2021-05-10,2021-05-16,0.15
2021-05-17,2021-05-23,-0.51
2021-05-24,2021-05-30,-0.72
2021-05-31,2021-06-06,-0.51
2021-06-07,2021-06-13,-0.36
2021-06-14,2021-06-20,-0.42
2021-06-21,2021-06-27,-0.41
2021-06-28,2021-07-04,-0.13
2021-07-05,2021-07-11,-0.24
2021-07-12,2021-07-18,-0.46
2021-07-19,2021-07-25,-0.78
2021-07-26,2021-08-01,-0.9
2021-08-02,2021-08-08,-0.82
2021-08-09,2021-08-15,-0.8
2021-08-16,2021-08-22,-0.7
2021-08-23,2021-08-29,-0.62
2021-08-30,2021-09-05,-0.69
2021-09-06,2021-09-12,-0.68
2021-09-13,2021-09-19,-0.83
2021-09-20,2021-09-26,-0.67
2021-09-27,2021-10-03,-0.91
2021-10-04,2021-10-10,-0.89
2021-10-11,2021-10-17,-0.75
2021-10-18,2021-10-24,-0.98
2021-10-25,2021-10-31,-0.68
2021-11-01,2021-11-07,-0.58
2021-11-08,2021-11-14,-0.45
2021-11-15,2021-11-21,-0.56
2021-11-22,2021-11-28,-0.45
2021-11-29,2021-12-05,-0.29
2021-12-06,2021-12-12,-0.26
2021-12-13,2021-12-19,-0.31
2021-12-20,2021-12-26,-0.06
2021-12-27,2022-01-02,0.07
2022-01-03,2022-01-09,0.06
2022-01-10,2022-01-16,0.03
2022-01-17,2022-01-23,-0.15
2022-01-24,2022-01-30,-0.56
2022-01-31,2022-02-06,-0.79
2022-02-07,2022-02-13,-0.46
2022-02-14,2022-02-20,-0.32
2022-02-21,2022-02-27,-0.37
2022-02-28,2022-03-06,-0.16
2022-03-07,2022-03-13,-0.12
2022-03-14,2022-03-20,-0.04
2022-03-21,2022-03-27,-0.05
2022-03-28,2022-04-03,-0.17
2022-04-04,2022-04-10,-0.08
2022-04-11,2022-04-17,-0.15
2022-04-18,2022-04-24,-0.21
2022-04-25,2022-05-01,0.02
2022-05-02,2022-05-08,0.12
2022-05-09,2022-05-15,0.16
2022-05-16,2022-05-22,-0.3
2022-05-23,2022-05-29,-0.26
2022-05-30,2022-06-05,-0.03
2022-06-06,2022-06-12,-0.03
2022-06-13,2022-06-19,-0.17
2022-06-20,2022-06-26,-0.23
2022-06-27,2022-07-03,-0.45
2022-07-04,2022-07-10,-1.02
2022-07-11,2022-07-17,-1.08
2022-07-18,2022-07-24,-1.09
2022-07-25,2022-07-31,-0.8
2022-08-01,2022-08-07,-0.88
2022-08-08,2022-08-14,-1.21
2022-08-15,2022-08-21,-1.37
2022-08-22,2022-08-28,-1.19
2022-08-29,2022-09-04,-1.09
2022-09-05,2022-09-11,-1.42
2022-09-12,2022-09-18,-1.4
2022-09-19,2022-09-25,-1.25
2022-09-26,2022-10-02,-1.17
2022-10-03,2022-10-09,-1.16
2022-10-10,2022-10-16,-1.45
2022-10-17,2022-10-23,-1.34
2022-10-24,2022-10-30,-1.03
2022-10-31,2022-11-06,-0.71
2022-11-07,2022-11-13,-0.46
2022-11-14,2022-11-20,-0.18
2022-11-21,2022-11-27,-0.01
2022-11-28,2022-12-04,-0.13
2022-12-05,2022-12-11,0.04
2022-12-12,2022-12-18,0.19
2022-12-19,2022-12-25,0.17
2022-12-26,2023-01-01,0.42
2023-01-02,2023-01-08,0.58
2023-01-09,2023-01-15,0.33
2023-01-16,2023-01-22,0.01
2023-01-23,2023-01-29,0.22
2023-01-30,2023-02-05,0.35
2023-02-06,2023-02-12,0.38
2023-02-13,2023-02-19,0.25
2023-02-20,2023-02-26,0.13
2023-02-27,2023-03-05,0.63
2023-03-06,2023-03-12,0.5
2023-03-13,2023-03-19,0.48
2023-03-20,2023-03-26,0.4
2023-03-27,2023-04-02,0.44
2023-04-03,2023-04-09,0.42
2023-04-10,2023-04-16,0.16
2023-04-17,2023-04-23,0.18
2023-04-24,2023-04-30,0.14
2023-05-01,2023-05-07,-0.21
2023-05-08,2023-05-14,-0.33
2023-05-15,2023-05-21,0.1
2023-05-22,2023-05-28,0.39
2023-05-29,2023-06-04,0.61
2023-06-05,2023-06-11,0.6
2023-06-12,2023-06-18,0.49
2023-06-19,2023-06-25,0.28
2023-06-26,2023-07-02,0.11
2023-07-03,2023-07-09,-0.13
2023-07-10,2023-07-16,0.02
2023-07-17,2023-07-23,0.22
2023-07-24,2023-07-30,0.21
2023-07-31,2023-08-06,0.36
2023-08-07,2023-08-13,0.34
2023-08-14,2023-08-20,0.7
2023-08-21,2023-08-27,1.1
2023-08-28,2023-09-03,1.11
2023-09-04,2023-09-10,1.03
2023-09-11,2023-09-17,1.16
2023-09-18,2023-09-24,1.38
2023-09-25,2023-10-01,1.53
2023-10-02,2023-10-08,1.75
2023-10-09,2023-10-15,1.91
2023-10-16,2023-10-22,1.91
2023-10-23,2023-10-29,1.51
2023-10-30,2023-11-05,1.55
2023-11-06,2023-11-12,1.52
2023-11-13,2023-11-19,1.6
2023-11-20,2023-11-26,1.66
2023-11-27,2023-12-03,1.63
2023-12-04,2023-12-10,1.51
2023-12-11,2023-12-17,1.29
2023-12-18,2023-12-24,1.06
2023-12-25,2023-12-31,0.88
2024-01-01,2024-01-07,0.89
2024-01-08,2024-01-14,0.62
2024-01-15,2024-01-21,0.93
2024-01-22,2024-01-28,0.74
2024-01-29,2024-02-04,0.5
2024-02-05,2024-02-11,0.42
2024-02-12,2024-02-18,0.06
2024-02-19,2024-02-25,-0.22
2024-02-26,2024-03-03,-0.23
2024-03-04,2024-03-10,0.25
2024-03-11,2024-03-17,0.97
2024-03-18,2024-03-24,0.38
2024-03-25,2024-03-31,0.24
2024-04-01,2024-04-07,0.33
2024-04-08,2024-04-14,0.27
2024-04-15,2024-04-21,0.31
2024-04-22,2024-04-28,0.15
2024-04-29,2024-05-05,0.15
2024-05-06,2024-05-12,0.34
2024-05-13,2024-05-19,0.47
2024-05-20,2024-05-26,0.52
2024-05-27,2024-06-02,0.36
2024-06-03,2024-06-09,0.27
2024-06-10,2024-06-16,0.25
2024-06-17,2024-06-23,0.24
2024-06-24,2024-06-30,0.05
2024-07-01,2024-07-07,-0.19
2024-07-08,2024-07-14,-0.29
2024-07-15,2024-07-21,-0.33
2024-07-22,2024-07-28,-0.3
2024-07-29,2024-08-04,-0.15
2024-08-05,2024-08-11,0.05
2024-08-12,2024-08-18,0.33
2024-08-19,2024-08-25,0.16
2024-08-26,2024-09-01,0.15
2024-09-02,2024-09-08,0.03
2024-09-09,2024-09-15,-0.07
2024-09-16,2024-09-22,-0.03
2024-09-23,2024-09-29,-0.39
2024-09-30,2024-10-06,-0.35
2024-10-07,2024-10-13,-0.58
2024-10-14,2024-10-20,-0.93
2024-10-21,2024-10-27,-0.94
2024-10-28,2024-11-03,-0.7
2024-11-04,2024-11-10,-0.69
2024-11-11,2024-11-17,-0.73
2024-11-18,2024-11-24,-0.54
2024-11-25,2024-12-01,-0.19
2024-12-02,2024-12-08,-0.22
2024-12-09,2024-12-15,-0.15
2024-12-16,2024-12-22,-0.26
2024-12-23,2024-12-29,-0.3
2024-12-30,2025-01-05,-0.16
2025-01-06,2025-01-12,-0.34
2025-01-13,2025-01-19,-0.24
2025-01-20,2025-01-26,-0.06
2025-01-27,2025-02-02,-0.02
2025-02-03,2025-02-09,0.46
2025-02-10,2025-02-16,0.4
2025-02-17,2025-02-23,0.12
2025-02-24,2025-03-02,0.05
2025-03-03,2025-03-09,0.08
2025-03-10,2025-03-16,0.21
2025-03-17,2025-03-23,0.45
2025-03-24,2025-03-30,0.74
2025-03-31,2025-04-06,0.35
2025-04-07,2025-04-13,0.11
2025-04-14,2025-04-20,0.07
2025-04-21,2025-04-27,0.41
2025-04-28,2025-05-04,0.5
2025-05-05,2025-05-11,0.39
2025-05-12,2025-05-18,0.24
2025-05-19,2025-05-25,0.28
2025-05-26,2025-06-01,0.0
2025-06-02,2025-06-08,-0.17
2025-06-09,2025-06-15,-0.05
2025-06-16,2025-06-22,-0.12
2025-06-23,2025-06-29,0.0
2025-06-30,2025-07-06,-0.12
2025-07-07,2025-07-13,-0.15
2025-07-14,2025-07-20,-0.04
2025-07-21,2025-07-27,-0.44
2025-07-28,2025-08-03,-0.6
2025-08-04,2025-08-10,-0.84
2025-08-11,2025-08-17,-0.91
2025-08-18,2025-08-24,-1.2
2025-08-25,2025-08-31,-1.28
2025-09-01,2025-09-07,-1.27
2025-09-08,2025-09-14,-1.17
2025-09-15,2025-09-21,-1.15
2025-09-22,2025-09-28,-1.24
2025-09-29,2025-10-05,-1.49
2025-10-06,2025-10-12,-1.39
2025-10-13,2025-10-19,-1.27
2025-10-20,2025-10-26,-1.61
2025-10-27,2025-11-02,-1.94
2025-11-03,2025-11-09,-1.57
2025-11-10,2025-11-16,-0.99
2025-11-17,2025-11-23,-0.6
2025-11-24,2025-11-30,-0.46
2025-12-01,2025-12-07,-0.63
2025-12-08,2025-12-14,-0.26
2025-12-15,2025-12-21,0.09
2025-12-22,2025-12-28,0.08
2025-12-29,2026-01-04,0.18
2026-01-05,2026-01-11,-0.01
2026-01-12,2026-01-18,-0.04
2026-01-19,2026-01-25,0.45
2026-01-26,2026-02-01,0.59
2026-02-02,2026-02-08,0.46
2026-02-09,2026-02-15,0.53
2026-02-16,2026-02-22,0.63
2026-02-23,2026-03-01,0.69
2026-03-02,2026-03-08,0.86
2026-03-09,2026-03-15,0.53
2026-03-16,2026-03-22,-0.13
2026-03-23,2026-03-29,-0.25
2026-03-30,2026-04-05,-0.14
2026-04-06,2026-04-12,0.06
2026-04-13,2026-04-19,0.01
2026-04-20,2026-04-26,0.09
2026-04-27,2026-05-03,0.01
2026-05-04,2026-05-10,-0.04
2026-05-11,2026-05-17,-0.16
2026-05-18,2026-05-24,-0.34
2026-05-25,2026-05-31,-0.43
2026-06-01,2026-06-07,-0.34
2026-06-08,2026-06-14,-0.13
2026-06-15,2026-06-21,0.01
2026-06-22,2026-06-28,-0.03
2026-06-29,2026-07-05,-0.16
2026-07-06,2026-07-12,-0.06
2026-07-13,2026-07-19,0.25
2026-07-20,2026-07-26,0.44
2026-07-27,2026-08-02,0.63
2026-08-03,2026-08-09,0.41
2026-08-10,2026-08-16,0.18
2026-08-17,2026-08-23,0.17
2026-08-24,2026-08-30,0.22
2026-08-31,2026-09-06,0.25
2026-09-07,2026-09-13,0.65
2026-09-14,2026-09-20,0.7
2026-09-21,2026-09-27,0.76
2026-09-28,2026-10-04,0.6
