location_id,dem_cells,elev_point_m,slope_point_deg,elev_district_mean_m,elev_district_median_m,elev_district_min_m,elev_district_max_m,elev_district_std_m,elev_district_p10_m,elev_district_p90_m,slope_district_mean_deg,slope_district_median_deg,flat_fraction_slope_lt_0.5deg,dist_point_to_river_upland_ge_100km2_km,upland_km2_of_nearest_river_ge_100km2,dist_point_to_river_upland_ge_1000km2_km,upland_km2_of_nearest_river_ge_1000km2,dist_point_to_river_upland_ge_10000km2_km,upland_km2_of_nearest_river_ge_10000km2,dist_district_min_to_river_upland_ge_1000km2_km,dist_district_mean_to_river_upland_ge_1000km2_km,dist_district_median_to_river_upland_ge_1000km2_km,river_proximity_sample_points,dist_district_min_to_river_upland_ge_10000km2_km,dist_district_mean_to_river_upland_ge_10000km2_km,dist_district_median_to_river_upland_ge_10000km2_km,district_area_km2,max_upland_km2_in_district,max_dis_av_cms_in_district,river_density_upland_ge_100km2_km_per_km2,frac_district_within_5km_of_river_upland_ge_1000km2,hybas_lev04_id_point,hybas_main_basin_id_point,hybas_lev04_up_area_km2_point,hybas_lev04_id_district_dominant,hybas_lev04_district_dominant_share,hybas_lev06_id_point,hybas_lev06_up_area_km2_point,created_utc
ZMB-D-0901,4124,1009.0,0.2668101191520691,989.7820077594569,985.0,792.0,1145.0,62.41793258892041,910.0,1079.7000000000003,1.1242979,0.9100625,0.20150339476236664,3.792371047486763,230.6,10.387126341240723,520681.9,10.387126341240723,520681.9,0.0,12.859213327750531,11.462554456883286,179,0.0,13.86515213884168,11.462554456883286,841.2431883954464,522064.1,1066.92,0.09707231318007879,0.21467539046598966,1041438860,1040011660,683379.1,1041438860,1.0,1061478700,539540.7,2026-10-07T11:03:26+00:00
ZMB-D-0902,24833,520.0,0.4612237215042114,629.0312890105907,563.0,480.0,1313.0,173.40429730459354,486.0,927.0,2.1469104,1.2501371,0.3132927958764547,2.593399495031629,177.9,16.794175725181315,592430.5,16.794175725181315,592430.5,0.0,9.509527839030476,8.174556546297229,1080,0.0,15.18094848984437,14.31407842600301,5070.7866060564875,600635.8,1172.212,0.10965710451747727,0.33610984044070835,1041438860,1040011660,683379.1,1041438860,1.0,1061457490,602839.6,2026-10-07T11:03:26+00:00
ZMB-D-0903,18814,652.0,6.772569179534912,662.1361220367811,597.0,479.0,1312.0,186.76419799518118,487.0,963.0,2.6222582,1.5535722,0.2631550972679919,6.167099628213706,116.2,14.93826032451346,1011.1,26.134035633677797,615645.3,0.0,13.72024013174123,12.091633607645898,819,0.0,26.0756669320968,26.147689603094037,3855.8517000540714,616276.5,1205.519,0.10223158261877253,0.2396389092633644,1041438860,1040011660,683379.1,1041438860,0.9996905729124895,1061453310,617103.9,2026-10-07T11:03:26+00:00
ZMB-D-0904,39480,1258.0,0.7004901170730591,1230.8165906788247,1246.0,1025.0,1383.0,72.74698330422981,1117.0,1310.0,0.72698903,0.64598846,0.3201874366767984,0.24870650972042077,435.8,20.646375223604903,1624.4,116.8664388204625,594913.9,0.0,20.157775524036353,20.111447147783885,1720,45.834307410975256,87.41618996986274,86.85982671040708,8080.997183660843,3378.8,6.187,0.06714359957931065,0.09767351159433467,1041438860,1040011660,683379.1,1041438860,0.4984997632420425,1061478700,539540.7,2026-10-07T11:03:26+00:00
ZMB-D-0905,25157,1310.0,0.6587815284729004,1222.049767460349,1239.0,570.0,1391.0,87.1301930255825,1104.0,1322.0,1.1077431,0.8082866,0.1983543347775967,8.509369601777953,129.6,34.255176663868035,1475.6,72.07676938034595,594995.3,0.0,20.246500187616626,19.56431718885095,1089,24.48789748561221,71.90657191555451,74.40673022433015,5154.376648924151,2036.4,5.583,0.07777221816038546,0.12255746593182246,1041438860,1040011660,683379.1,1041438780,0.5116218806391032,1061457490,602839.6,2026-10-07T11:03:26+00:00
ZMB-D-0906,89437,1061.0,0.9968749284744263,1054.2688596442188,1048.0,574.0,1307.0,87.85630376762879,951.0,1172.0,0.6343746,0.45414054,0.5345774120330512,0.4812006254484538,1191.1,0.4812006254484538,1191.1,80.14259188299876,12759.3,0.0,11.905504449523217,10.338945881445618,3885,0.0,62.76205011749301,67.36943364932573,18286.404160853333,523249.3,1068.167,0.08600248165645995,0.26044089976001883,1041473880,1040011660,362355.2,1041473880,0.7871281606735658,1061469810,15403.9,2026-10-07T11:03:26+00:00
ZMB-D-0907,9994,606.0,1.1264755725860596,593.9926956173704,557.0,390.0,1289.0,138.00218479604987,486.0,771.0,2.583862,1.2074368,0.2423454072443466,9.181167187907564,100.5,12.488541368665311,1207.6,32.547756351944166,679385.9,0.0,9.746780463323292,9.746147890902366,435,0.0,22.984174417699574,23.4694307199966,2049.8340099679485,679457.3,1316.776,0.08005727130773788,0.24744457982165305,1041438860,1040011660,683379.1,1041438860,0.9746834379574979,1061438860,683379.1,2026-10-07T11:03:26+00:00
ZMB-D-1001,40362,1020.0,0.0,1025.1621326990735,1026.0,988.0,1063.0,10.535203413612269,1012.0,1039.0,0.14339928,0.08962442,0.9693275853525594,0.07489831902123276,206.9,16.87572672128191,3022.2,28.75160203908858,56197.1,0.0,9.982576125477644,9.241621405605649,1755,0.0,32.12937974025045,32.46257332898654,8284.587413239587,56490.2,74.689,0.0971362188076961,0.25623799286464977,1041473950,1040011660,155287.3,1041473880,0.5352805397526725,1061464500,4202.0,2026-10-07T11:03:26+00:00
ZMB-D-0908,23848,1090.0,1.0941455364227295,1064.9617158671588,1062.0,773.0,1363.0,72.80890479318634,981.0,1161.0,0.8668023,0.46760088,0.5191211003019122,3.5967681113983905,890.8,7.528547052025036,1017.9,47.49388625597234,137862.1,0.0,17.88489061373258,16.05178039383913,1036,0.0,52.87321668615849,57.28376135982392,4900.434995603594,136601.6,506.518,0.08623904610226504,0.15023663471618257,1041438780,1040011660,156566.4,1041438780,0.8154227762103058,1061432330,140403.0,2026-10-07T11:03:26+00:00
ZMB-D-0909,26281,1021.0,0.14273712038993835,1026.409801757924,1013.0,975.0,1226.0,51.56116414954002,981.0,1101.0,0.27803826,0.19726698,0.8012632700429968,4.895765424006723,123.8,17.50210169082295,1310.0,31.76809525966818,121156.6,0.0,11.841667056532415,9.196644268377321,1148,0.0,29.402936142136628,28.705990923866615,5407.791355494656,128097.9,548.562,0.08989154369522083,0.29748771704596105,1041438780,1040011660,156566.4,1041438780,1.0,1061434720,128272.3,2026-10-07T11:03:26+00:00
ZMB-D-0910,18595,1076.0,0.731473445892334,1043.393223984942,1016.0,974.0,1326.0,75.87038548551028,978.0,1157.0,0.57513326,0.26438338,0.66964237698306,3.4633838215995136,436.7,14.304232976301176,1939.9,26.70045219083133,140338.7,0.0,11.523656534262564,8.999712376937074,806,0.0,22.378316522798478,18.280125081869087,3825.714065772408,148974.8,506.518,0.09899315289886036,0.3085496574211251,1041438780,1040011660,156566.4,1041438780,0.9755581288711223,1061438780,156563.2,2026-10-07T11:03:26+00:00
ZMB-D-1002,53575,1077.0,0.19277845323085785,1062.351917872142,1059.0,972.0,1158.0,37.97768948424347,1012.0,1119.0,0.4082612,0.24871852,0.7496780214652357,0.34630530173178314,194.6,20.63923779005329,1017.7,49.07707335730792,10282.9,0.0,11.991847511002645,10.814504678300585,2330,0.0,44.61728124399833,36.2806804151516,11018.9437900891,326538.4,1212.414,0.09995617042912922,0.25419418199170546,1041473880,1040011660,362355.2,1041473880,1.0,1061454200,318866.4,2026-10-07T11:03:26+00:00
ZMB-D-0501,2088,1294.0,0.14244429767131805,1270.6709770114942,1275.0,1178.0,1360.0,28.192728889978696,1228.0,1300.0,0.73740315,0.6250706,0.4209770114942529,3.789848429826145,127.4,30.26868238757241,1158.5,38.26187145444016,153215.5,20.423191094170214,29.713711944423913,29.914229550456813,95,24.20105742053957,38.33465919943533,38.60906229197041,431.4429388172996,148.1,0.507,0.029601422258376205,0.0,1041438780,1040011660,156566.4,1041438780,0.574756970695665,1061432480,4453.5,2026-10-07T11:03:26+00:00
ZMB-D-0101,78411,1054.0,0.40491288900375366,1077.2331688155998,1064.0,977.0,1308.0,70.85169373371464,990.0,1181.0,0.5606974,0.4537212,0.5369909834079402,5.633641358684744,320.2,9.418457309988646,7025.9,11.627147860865243,115779.2,0.0,13.75104243356087,11.930950279030641,3408,0.0,31.467620485998765,27.638735611138745,16142.416767379873,128272.3,559.411,0.10302133415041012,0.24121535547561657,1041438780,1040011660,156566.4,1041438780,0.99385925375327,1061436550,7068.5,2026-10-07T11:03:26+00:00
ZMB-D-0502,22538,912.0,2.0631983280181885,931.5803531812938,992.0,350.0,1439.0,287.90129797862886,419.0,1254.0,3.5793507,2.0708585,0.20241370130446357,1.4644361531558239,110.4,16.069701330890197,153821.7,16.069701330890197,153821.7,0.0,11.127383390494941,8.884218855406315,973,0.0,13.759611143831448,11.326635315128295,4639.593248152589,844494.5,1820.895,0.11293820619772452,0.3215350151380453,1041438780,1040011660,156566.4,1041438780,0.6524325488740211,1061438780,156563.2,2026-10-07T11:03:26+00:00
ZMB-D-0503,18298,560.0,2.287287950515747,505.81735708820634,482.0,325.0,1351.0,132.9989467576247,361.0,684.2999999999993,3.226549,1.79431,0.16990927970269976,6.590828356090207,114.5,15.466187054458661,1268.2,28.868639296507403,855344.8,0.0,6.958429041492279,5.776931571707246,794,0.0,12.461058037133308,10.918680796886129,3774.40909824596,858398.9,1852.087,0.08544847628462743,0.44352051624924094,1041431680,1040011660,859018.4,1041431480,0.5174635810517608,1061431680,859018.4,2026-10-07T11:03:26+00:00
ZMB-D-0504,46317,975.0,2.4237918853759766,890.0708595116264,941.0,368.0,1457.0,228.72959676291987,537.0,1155.0,3.6305575,2.3256867,0.05490424682082173,4.265480037820624,352.4,35.201820728267215,24478.7,35.201820728267215,24478.7,0.0,13.662704397188968,13.26367801180584,2008,0.0,27.886896778471357,28.457610687848106,9561.808091703777,142734.5,698.065,0.07275149473133335,0.1861627703610389,1041431680,1040011660,859018.4,1041431480,0.6231760653396129,1061431680,859018.4,2026-10-07T11:03:26+00:00
ZMB-D-1003,29386,1077.0,0.0640769675374031,1065.1964881235963,1075.0,1008.0,1123.0,27.281572520586565,1014.0,1091.0,0.3638119,0.22641881,0.7811202613489416,3.9868629380960257,404.9,20.419082082817553,5486.8,34.524526907709294,285059.5,0.0,9.703583064829184,7.39989960759104,1285,0.0,46.92403815014274,51.070884677883676,6056.795097779089,280981.1,1320.784,0.0896905589853837,0.3725935299652832,1041473880,1040011660,362355.2,1041473880,1.0,1061443520,289722.8,2026-10-07T11:03:26+00:00
ZMB-D-0102,43155,1148.0,0.25679516792297363,1138.4097787046692,1134.0,993.0,1333.0,48.95968219063764,1078.0,1197.0,0.45232412,0.32542124,0.6845788437029313,2.984255039542407,180.9,15.895656202541462,1126.9,49.7165692191556,11716.9,0.0,17.373776510452817,16.976133981124505,1866,0.0,42.26877094796375,46.947203393269795,8923.445832916408,50642.6,288.463,0.09652481847800524,0.1950241823589016,1041438780,1040011660,156566.4,1041438780,0.9557321652656479,1061409070,13507.8,2026-10-07T11:03:26+00:00
ZMB-D-0103,7464,1197.0,0.12757253646850586,1175.3413719185423,1176.0,1110.0,1289.0,20.018259966696895,1150.0,1199.0,0.52465475,0.42583817,0.6018220793140407,12.552573820031526,268.9,24.840084788987088,1362.5,77.37655214249708,11199.5,0.0,19.88685569550919,20.758425481718497,324,56.232361797736644,71.1113474077177,71.3742220523146,1544.5559182542002,2214.1,10.875,0.025724913659223084,0.057507936465174256,1041431480,1040011660,149540.0,1041431480,0.8542055564766099,1061418680,8976.1,2026-10-07T11:03:26+00:00
ZMB-D-0104,96485,1248.0,0.5015184879302979,1138.0350209877183,1131.0,976.0,1509.0,74.07465695475778,1035.0,1237.0,0.679793,0.51364046,0.48082085298232885,7.42976604788479,105.4,27.271256851717048,1099.1,29.896587877165032,81404.6,0.0,17.454669630059115,15.451938878925052,4193,0.0,29.7965026333601,29.44400947354298,19934.96072813719,136601.6,563.213,0.081751888915445,0.19789656672700134,1041438780,1040011660,156566.4,1041438780,0.9984814102315313,1061434720,128272.3,2026-10-07T11:03:26+00:00
ZMB-D-1004,47607,1030.0,0.08915890753269196,1042.2445018589704,1043.0,1013.0,1088.0,13.398996001131367,1022.0,1060.0,0.1765018,0.089122064,0.9254731447056105,4.321286036788063,7654.8,4.321286036788063,7654.8,17.048649158126214,32994.0,0.0,10.480701036092281,9.115857811008306,2071,0.0,18.640979806493792,17.18950824293798,9845.242791052964,280488.8,1320.784,0.11777036827014624,0.31431066747061304,1041473880,1040011660,362355.2,1041473880,1.0,1061421520,8117.2,2026-10-07T11:03:26+00:00
ZMB-D-1005,44165,1164.0,0.5590643882751465,1148.060568323333,1148.0,1042.0,1240.0,45.53792924205454,1086.0,1208.0,0.57024807,0.40483472,0.5694780935129627,5.090920920676125,688.4,12.010948193004943,1010.4,16.71679647977688,15001.0,0.0,12.672070839281824,11.039544713125732,1918,0.0,32.95545721946842,32.488414239919976,9141.921535223746,18126.8,101.885,0.0988959413476381,0.26248821941066125,1041473880,1040011660,362355.2,1041473880,1.0,1061423970,238372.7,2026-10-07T11:03:26+00:00
ZMB-D-0301,7261,1146.0,2.6446595191955566,1006.9994491116926,1015.0,723.0,1301.0,94.60834538433116,871.0,1112.0,2.554505,1.4778496,0.06748381765597025,8.378004677536076,122.6,18.977573832017416,1013.9,95.29555831605911,10177.2,0.0,16.847743797719684,16.472601891762526,313,76.31692734484606,96.43179581874132,98.06653706844108,1506.4319874393639,1000.7,5.53,0.0761898919492091,0.07736810664769261,1041472430,1040011660,1205882.3,1041472430,1.0,1061430830,29230.5,2026-10-07T11:03:26+00:00
ZMB-D-0302,49352,585.0,0.5908159017562866,673.4417855406062,655.0,370.0,1378.0,169.26287313248034,468.0,888.0,3.4026885,1.9259236,0.08135435240719728,1.569876335028126,119.5,9.437031559863483,92286.2,9.437031559863483,92286.2,0.0,7.423600975537693,6.752834565479412,2139,0.0,15.655737677946325,12.433724481701184,10232.641795756781,141784.8,693.824,0.0828812102435911,0.3845208238088409,1041431480,1040011660,149540.0,1041431480,1.0,1061418940,97271.1,2026-10-07T11:03:26+00:00
ZMB-D-1006,45051,1083.0,0.19126899540424347,1094.7475749705889,1081.0,1019.0,1214.0,49.0359189967746,1036.0,1169.0,0.43079147,0.25674653,0.7429135868238219,2.1786954312648197,335.5,8.958305012256352,17066.5,8.958305012256352,17066.5,0.0,12.574095132730791,11.983197544490354,1959,0.0,12.741638916097614,12.11429166280118,9336.322560296781,215027.4,1287.367,0.10763954380964895,0.22145844217497046,1041473880,1040011660,362355.2,1041473880,1.0,1061423970,238372.7,2026-10-07T11:03:26+00:00
ZMB-D-0303,11791,1066.0,0.8898581266403198,987.2429819353745,995.0,705.0,1574.0,102.29939996918884,849.0,1097.0,1.645286,1.0420953,0.112628275803579,0.012629229191568923,108.7,32.02371896809633,1011.2,89.44133673694824,78171.8,0.0,20.653275260648968,21.39005163745722,513,51.56467125711811,84.30571103663345,86.16182933955633,2446.956032824424,1290.7,7.276,0.08710992461836123,0.07300544193005057,1041472430,1040011660,1205882.3,1041472430,0.5390408107378762,1061430830,29230.5,2026-10-07T11:03:26+00:00
ZMB-D-0105,33268,1141.0,0.5104207396507263,1157.903991823975,1139.0,1109.0,1369.0,47.5898867749246,1116.0,1234.0,0.4162634,0.3156693,0.6622880846459059,2.7040316197249243,34626.3,2.7040316197249243,34653.9,2.7040316197249243,34653.9,0.0,13.469184091191368,11.053363748611677,1425,0.0,20.5271561532347,20.1331190166253,6900.722530638099,37134.6,231.494,0.09193069285596218,0.24296117421001168,1041438780,1040011660,156566.4,1041438780,1.0,1061409000,37134.6,2026-10-07T11:03:26+00:00
ZMB-D-0304,35448,844.0,0.4017903208732605,831.8309072444143,875.5,475.0,1207.0,171.53174170639878,549.0,1029.0,1.5697663,1.0436058,0.1484427894380501,0.9660426807458967,402.9,11.179286446727525,1069.3,47.41412180859158,83935.3,0.0,16.224314608280377,15.574599451689865,1541,0.0,43.93117433448035,46.59546816456174,7349.826444811085,84564.7,378.411,0.07931588711886833,0.13981061081559207,1041431480,1040011660,149540.0,1041431480,0.9570346151822725,1061418940,97271.1,2026-10-07T11:03:26+00:00
ZMB-D-0106,44770,1132.0,4.943270206451416,898.7224257315166,1014.0,416.0,1618.0,306.76005388345243,497.0,1243.0,2.7636938,1.4523189,0.09448291266473084,3.1746935153816347,125.6,24.306002326686126,2532.6,32.644633574375774,26661.8,0.0,9.101278354637222,7.5465075481760415,1941,0.0,24.079656080919005,20.21068195184829,9273.286486274863,28418.8,152.908,0.08962039788574074,0.356430489222905,1041431480,1040011660,149540.0,1041431480,1.0,1061414170,28499.9,2026-10-07T11:03:26+00:00
ZMB-D-0201,42815,1154.0,0.5120513439178467,1199.0717739110125,1194.0,1117.0,1366.0,47.364226979885494,1141.0,1263.0,0.6949129,0.62698555,0.36244306901786755,2.3597770184892823,22287.0,2.3597770184892823,22287.0,2.3597770184892823,22287.0,0.0,13.56374387821427,12.274390735823452,1848,0.0,29.955740280193098,32.28211635552209,8905.8551163837,24862.2,161.002,0.08786396801736679,0.23125027832556666,1041438780,1040011660,156566.4,1041438780,1.0,1061400750,24928.6,2026-10-07T11:03:26+00:00
ZMB-D-0305,30773,937.0,1.2867203950881958,1003.2468722581484,994.0,670.0,1634.0,119.53722162394217,866.0,1152.0,1.7964207,1.1166036,0.10112761186754622,5.101468777567499,103.3,12.782041624136768,1171.1,74.9124662303685,10061.3,0.0,19.75458596217377,20.017914952286855,1338,41.57929359948695,84.21449813756742,84.06235462065344,6397.4544055305,1689.1,6.997,0.06825732097571084,0.10224464966750235,1041431480,1040011660,149540.0,1041431480,0.875664225031529,1061387160,10478.1,2026-10-07T11:03:26+00:00
ZMB-D-0701,68756,1066.0,0.1396535187959671,1080.0340043050787,1074.0,1029.0,1194.0,24.65605939770575,1055.0,1115.0,0.31170073,0.17777939,0.8094420850543953,0.9132652993788056,100.2,6.3328613003678695,1443.4,23.348273098932403,90881.0,0.0,7.659630707086322,6.3954754787587795,2982,0.0,20.494895641447783,17.794975329707796,14294.66157883107,93331.4,728.248,0.10243697224081356,0.4032128569671147,1041473880,1040011660,362355.2,1041473880,1.0,1061407620,5047.6,2026-10-07T11:03:26+00:00
ZMB-D-0702,22035,1073.0,0.06217999383807182,1081.0822781937827,1082.0,1034.0,1161.0,11.618123580679914,1070.0,1093.0,0.1841312,0.08880964,0.9051962786476061,2.265559192384194,154.2,23.12965380829968,1424.9,26.306542413746346,80171.5,0.0,10.053808942746098,9.218206421582273,941,0.0,19.92299396703821,19.36448540738484,4582.94541741683,83963.0,656.017,0.10160853366651106,0.29806121202303004,1041473880,1040011660,362355.2,1041473880,1.0,1061407620,5047.6,2026-10-07T11:03:26+00:00
ZMB-D-0703,91509,1163.0,0.1865393966436386,1168.6556950682445,1169.0,1071.0,1329.0,38.707883762593305,1116.0,1217.0,0.5934704,0.51334643,0.47782185358817164,6.387954893504914,460.2,9.233092118213689,1526.0,52.563495177152646,10043.6,0.0,11.948068782300274,10.654204118181227,3978,0.0,42.35726666485555,42.07848144645668,19003.333862124473,92641.4,539.711,0.0766314345872756,0.2579899409356094,1041473880,1040011660,362355.2,1041473880,0.7268732578686514,1061401930,21006.2,2026-10-07T11:03:26+00:00
ZMB-D-0306,28406,617.0,0.5631906986236572,684.1571851017391,667.0,505.0,1088.0,111.4221252443305,547.0,847.0,1.3357048,0.76448834,0.33162008026473283,3.193042227801618,712.4,6.551343678212075,4239.5,23.635250971068462,10061.3,0.0,7.171574149617377,6.4554610055676225,1230,0.0,28.12218730481479,28.22294634924494,5913.60745407415,76817.4,352.428,0.10562405280496667,0.4055676287294511,1041431480,1040011660,149540.0,1041431480,1.0,1061387160,10478.1,2026-10-07T11:03:26+00:00
ZMB-D-0704,104899,1207.0,1.0757406949996948,1221.4506334664773,1219.0,1091.0,1492.0,70.01673294819453,1128.0,1317.0,0.8320885,0.7434435,0.28822963040639094,4.508498975923869,134.5,25.308976227522358,21482.5,25.308976227522358,21482.5,0.0,14.475549535480406,13.326756375009435,4554,0.0,29.716283601735054,25.689995073642727,21793.360114086794,81404.6,469.806,0.07685009644019886,0.2155730895575339,1041438780,1040011660,156566.4,1041438780,0.8692762184554053,1061413460,10522.4,2026-10-07T11:03:26+00:00
ZMB-D-0202,5739,1236.0,1.015204668045044,1244.3343788116397,1241.0,1157.0,1340.0,38.9986067346674,1194.0,1302.0,1.0615613,1.0301716,0.1287680780623802,3.7108141077468915,8843.2,3.7108141077468915,8843.2,25.85189151965487,10139.2,0.0,9.104138665731586,7.740721601627488,249,0.0,28.575362883805095,28.85400852288752,1197.521432447374,10139.2,87.116,0.10268709128495558,0.3430984256816939,1041438780,1040011660,156566.4,1041438780,0.9916695209350964,1061400750,24928.6,2026-10-07T11:03:26+00:00
ZMB-D-0203,5125,1273.0,2.0991389751434326,1281.856,1279.0,1188.0,1382.0,38.378021474441375,1233.0,1334.0,1.1641368,1.086835,0.12878048780487805,0.6543772366095655,134.5,24.96313304690167,7077.0,42.36948928465942,10139.2,0.0,20.591091408523802,21.964347628294327,225,22.04992497535076,42.202989972231606,42.65184261854936,1069.5819213236975,6938.2,59.405,0.04580348030520699,0.03998904610599207,1041438780,1040011660,156566.4,1041438780,1.0,1061400750,24928.6,2026-10-07T11:03:26+00:00
ZMB-D-0204,3577,1315.0,1.3000363111495972,1271.0036343304446,1277.0,1187.0,1345.0,33.95102852527263,1221.0,1312.0,0.968848,0.9305138,0.187028235951915,4.598908797651819,140.0,11.728090457630666,6938.2,54.17117781458468,10139.2,0.0,11.1938184099685,11.166454934541377,153,35.535317222992646,54.871791615078976,55.470955579369004,746.2387730801331,7144.5,61.255,0.09953785025176326,0.2577391465485975,1041438780,1040011660,156566.4,1041438780,0.9877164491164995,1061400750,24928.6,2026-10-07T11:03:26+00:00
ZMB-D-0205,52017,1219.0,0.8679946064949036,1234.5133898533172,1230.0,1128.0,1411.0,57.430373013480626,1161.0,1314.0,0.9621665,0.8801522,0.21606397908376107,7.930964182701023,115.3,8.499961746033039,1074.1,58.07473245802963,18592.1,0.0,12.269886768618228,11.831464472487411,2256,0.0,49.03502824213184,51.26206531934014,10840.155709038638,22222.1,154.36,0.0699356768544939,0.22251965243496444,1041438780,1040011660,156566.4,1041438780,1.0,1061400750,24928.6,2026-10-07T11:03:26+00:00
ZMB-D-0206,7453,1328.0,0.5909024477005005,1310.9012478196698,1307.0,1045.0,1418.0,30.9229018338905,1275.0,1352.0,1.0041931,0.8593248,0.22729102374882598,4.854281626235428,110.0,5.813980863504446,4987.4,79.6826820434648,10139.2,0.0,9.37030400145114,8.485092806998138,322,47.06270432137689,79.40971767390755,76.59538858762522,1556.6748545961948,5909.0,50.958,0.05381312423628377,0.29903380689159864,1041438780,1040011660,156566.4,1041438780,1.0,1061400750,24928.6,2026-10-07T11:03:26+00:00
ZMB-D-0207,4218,1381.0,0.19696620106697083,1312.8677098150783,1315.0,1214.0,1437.0,36.89781290244175,1264.0,1357.0,1.1252102,1.0598187,0.14888572783309625,4.922402506352219,168.8,8.441457839545688,5667.0,78.81821567320776,10139.2,0.0,7.686543304362749,6.637479111913674,183,56.59706064392724,78.2188880664302,78.28913408504152,880.9334365795404,6422.6,55.166,0.11168919437861585,0.3980777140017527,1041438780,1040011660,156566.4,1041438780,0.9492123676939769,1061400750,24928.6,2026-10-07T11:03:26+00:00
ZMB-D-0107,57615,1444.0,1.8195509910583496,1198.161190662154,1229.0,476.0,1717.0,307.03692488885133,599.0,1562.0,1.6138363,0.86793625,0.2980647400850473,0.3754950968925782,113.4,25.075894479106328,1196.3,99.95441286171595,78930.9,0.0,13.797636160069967,11.229040808258635,2501,0.0,51.417347720037796,50.011152616738784,12012.83446247414,83908.9,377.668,0.08145981617653203,0.23893529630429988,1041259940,1040020040,453089.8,1041259940,0.5508654507914592,1061372630,10576.8,2026-10-07T11:03:26+00:00
ZMB-D-0307,65303,968.0,1.639569878578186,930.5816118708176,993.0,534.0,1464.0,218.0300177267295,597.0,1174.0,1.0965755,0.9394166,0.22216437223404745,3.7637387597187026,339.4,18.025943062046924,1318.6,52.13264194959561,40242.9,0.0,12.442234319800033,9.928005586743014,2836,0.0,53.4879125133627,55.76387829467065,13632.56629902969,59898.1,285.7,0.10012049628628168,0.26800448572653357,1041431480,1040011660,149540.0,1041431480,0.9836035045699727,1061369690,4621.9,2026-10-07T11:03:26+00:00
ZMB-D-0705,145781,1277.0,0.9030268788337708,1290.5761381798725,1289.0,1096.0,1623.0,78.0480968606896,1190.0,1392.0,1.0098393,0.9057485,0.20046508118341896,5.641546467524755,2026.4,5.641546467524755,2026.4,52.80996816185035,10595.0,0.0,13.806808373300855,12.106230419789108,6334,0.0,66.45993981156576,67.15235522845516,30445.00766782453,20617.5,178.864,0.07908576102205787,0.23135696273963272,1041438780,1040011660,156566.4,1041438780,0.5692153734233658,1061412560,24667.5,2026-10-07T11:03:26+00:00
ZMB-D-0401,29575,1118.0,0.818084716796875,1161.2502789518173,1154.0,1051.0,1381.0,61.37626301247182,1093.0,1249.0,0.8386393,0.7567044,0.25761622992392225,1.8309938630431275,154.6,9.669937500997543,3940.4,38.64906046240978,115956.7,0.0,13.355624353513651,12.517581017173377,1284,0.0,29.84961799845367,31.26745253792097,6187.157525467551,116008.1,985.008,0.08333315942444745,0.23166270651406878,1041259940,1040020040,453089.8,1041259940,1.0,1061359530,132662.4,2026-10-07T11:03:26+00:00
ZMB-D-0601,191683,1395.0,1.2398701906204224,1102.559856638304,1203.0,504.0,1792.0,326.0709297967383,607.0,1462.0,1.3037018,0.7532444,0.3519613111230521,3.4029136553073056,231.0,29.066682417676333,1656.4,103.00878915424727,41590.8,0.0,12.008830398391066,10.378583665824713,8321,0.0,50.71182285591155,49.70497245657261,40073.13183196019,92234.9,819.691,0.0894620227232875,0.27239214350708973,1041259940,1040020040,453089.8,1041431480,0.5167697056477868,1061360240,7946.4,2026-10-07T11:03:26+00:00
ZMB-D-0706,99721,1346.0,1.331595540046692,1357.839622546906,1386.0,1078.0,1554.0,108.13217914209032,1174.0,1479.0,1.3459644,1.214861,0.14990824400076214,3.6417090151504894,443.9,19.944652043181023,1059.6,59.70216364181388,10023.1,0.0,14.880202624445404,13.911427383963275,4326,0.0,68.46113412816565,73.79997369660757,20864.51845305863,22641.2,191.341,0.08065237547496283,0.18887982012460336,1041473880,1040011660,362355.2,1041473880,0.9943620026858893,1061387400,22641.4,2026-10-07T11:03:26+00:00
ZMB-D-0402,29883,1165.0,0.14054439961910248,1178.3879463239969,1169.0,1155.0,1249.0,18.56479263440725,1162.0,1208.0,0.38235036,0.2522236,0.6500351370344343,1.9392476804309842,138.2,5.868989018298809,3397.5,18.597557399833285,16613.5,0.0,9.368960904077843,7.666121365744238,1296,0.0,25.415645558224735,21.863994481311387,6261.245436888592,92817.4,819.691,0.09293309391041078,0.34918996179797407,1041259940,1040020040,453089.8,1041259940,1.0,1061366570,18273.3,2026-10-07T11:03:26+00:00
ZMB-D-0801,24592,1172.0,0.7033302783966064,1181.6899398178268,1175.0,1157.0,1255.0,17.994519505519015,1163.0,1211.0,0.27758446,0.08851511,0.7631343526350033,2.3584802176148765,142.9,11.496505037157075,2663.7,46.27827693919036,12523.5,0.0,7.56473118305255,6.561502753738346,1064,0.0,33.77704574070806,33.981354855823355,5159.30402316545,49479.2,447.026,0.11848520703528582,0.38797000756966865,1041259940,1040020040,453089.8,1041259940,1.0,1061366570,18273.3,2026-10-07T11:03:26+00:00
ZMB-D-0403,36065,1264.0,0.6968799829483032,1218.5081103563011,1224.0,1015.0,1387.0,68.12452854829233,1127.0,1303.0,1.0655701,0.9782144,0.14307500346596422,3.9868567311055436,329.1,8.802746852171966,1043.9,52.01109598994867,146990.5,0.0,13.757541335218617,13.78576322792801,1568,0.0,37.77552649487616,38.28678553641441,7562.215108088334,146990.5,1188.6,0.07609340688597786,0.17913668374454178,1041259940,1040020040,453089.8,1041259940,1.0,1061315930,182972.6,2026-10-07T11:03:26+00:00
ZMB-D-0602,84135,683.0,0.1889234483242035,859.2275271884471,794.0,584.0,2259.0,206.9979326441213,654.0,1167.0,1.6367218,0.85309845,0.3500683425447198,2.243384055113217,114.7,10.469717439475335,18518.3,10.469717439475335,18518.3,0.0,12.16304794600971,11.314915669491775,3647,0.0,28.60299592604599,28.95152624337261,17649.135750058857,34244.1,178.923,0.1043348595902579,0.2423758698479756,1041431480,1040011660,149540.0,1041431480,0.9985584829504524,1061361730,22407.2,2026-10-07T11:03:26+00:00
ZMB-D-0802,42506,1249.0,1.114141583442688,1257.0227732555404,1243.0,1163.0,1549.0,65.88861154843929,1188.0,1342.0,0.85937345,0.81325257,0.24867077589046252,5.130857560193321,175.1,11.445192162569537,1129.9,80.0747048059565,12523.5,0.0,14.58549728411496,12.86552904317219,1840,13.179109196402257,75.64288233121201,78.7821382678359,8936.590858867778,5164.5,50.338,0.09065638721867851,0.20173475647132683,1041259940,1040020040,453089.8,1041259940,1.0,1061366570,18273.3,2026-10-07T11:03:26+00:00
ZMB-D-0404,19957,1250.0,0.35352665185928345,1259.3419852683269,1250.0,1151.0,1450.0,54.05875319910442,1198.0,1339.4000000000015,1.1355897,0.8815206,0.2213759583103673,1.4576239319237705,100.3,15.886619866203251,3779.8,53.93936572688966,159059.5,0.0,11.701553024744232,10.521451320801713,871,15.840448023640478,50.56067893873092,50.06215187538067,4197.025005348939,6610.3,44.882,0.08442256657216618,0.25572403350837425,1041259940,1040020040,453089.8,1041259940,1.0,1061315930,182972.6,2026-10-07T11:03:26+00:00
ZMB-D-0603,43534,1506.0,2.2326531410217285,1384.5499839206138,1387.0,989.0,1828.0,130.2872900078467,1219.0,1552.0,1.5879514,1.1936831,0.10809941654798548,2.189719084967726,133.4,15.841841434781871,1078.1,61.80985740795697,30465.1,0.0,17.258746840581722,17.313073420278304,1887,0.0,46.67618708679448,51.94877758801605,9137.154448573401,31369.0,248.616,0.08001742989140594,0.16090829686432737,1041259940,1040020040,453089.8,1041259940,0.755754228151601,1061349680,34555.6,2026-10-07T11:03:26+00:00
ZMB-D-0803,50474,1227.0,0.25652921199798584,1290.4850021793397,1268.0,1172.0,1627.0,77.04800142025954,1206.0,1409.0,0.9638081,0.8669411,0.2304354717280184,0.006731967627517379,108.5,14.707689210194992,7070.1,35.60597191781025,30835.7,0.0,10.956625236858393,9.413457373089535,2192,0.0,48.58008746066687,47.16374287992734,10611.341002918236,43321.8,376.426,0.08169198052899793,0.3030120588894276,1041259940,1040020040,453089.8,1041259940,1.0,1061356420,4872.4,2026-10-07T11:03:26+00:00
ZMB-D-0604,25088,1024.0,1.7335137128829956,1179.5426100127552,1228.0,753.0,2068.0,182.94603687840402,909.0,1385.0,2.07673,1.2396041,0.16956313775510204,1.2811381410032359,274.2,16.307643106282466,1973.6,77.9488697870126,10708.0,0.0,17.257085736683344,18.58410914427857,1088,32.36764483594798,72.00839479860414,70.3939652943494,5283.308131824572,5243.0,44.305,0.09330488394482768,0.11718735603646978,1041431480,1040011660,149540.0,1041431480,0.7042539217139001,1061349260,9261.7,2026-10-07T11:03:26+00:00
ZMB-D-0804,46125,1225.0,0.0,1292.7777344173442,1271.0,1195.0,1622.0,79.55318819809996,1213.0,1402.0,0.89213264,0.69267106,0.4115772357723577,1.0043100717433557,1477.7,1.0043100717433557,1477.7,29.691197875790074,17527.9,0.0,11.610414503176758,10.111911778195665,2003,0.0,39.16076825111408,37.39716555271958,9712.389549749032,26829.0,203.055,0.09975791039517419,0.2692030594641957,1041259940,1040020040,453089.8,1041259940,1.0,1061349680,34555.6,2026-10-07T11:03:26+00:00
ZMB-D-0405,37937,1197.0,0.0,1307.0785512823893,1289.0,986.0,1579.0,115.31866635661848,1196.0,1471.4000000000015,1.3596215,1.0118754,0.16329704510108864,0.4032186312653355,1367.2,0.4032186312653355,1367.2,19.89831161213579,10422.2,0.0,18.015287028017436,17.242860955821953,1649,0.0,37.632995025537895,36.088023475183,7989.0303026560905,10757.3,83.142,0.06986510129569427,0.1363002547894777,1041259940,1040020040,453089.8,1041259940,1.0,1061315940,27097.4,2026-10-07T11:03:26+00:00
ZMB-D-0805,56978,1546.0,1.5369809865951538,1425.153374986837,1436.0,1042.0,1674.0,110.75437469870124,1269.0,1558.0,1.2651514,1.0735174,0.11534276387377584,4.371732065681441,103.9,18.197215562555765,1059.0,81.43757550841481,10422.2,0.0,15.635830508623343,14.945249985564505,2476,0.0,76.35159092966589,84.32222920988721,12010.409100086084,12162.0,87.579,0.07456693433117886,0.1856600317346095,1041259940,1040020040,453089.8,1041259940,0.971631239499156,1061315940,27097.4,2026-10-07T11:03:26+00:00
ZMB-D-0605,20597,1362.0,2.061920166015625,1348.6262077001504,1320.0,1219.0,1861.0,115.10865048455467,1237.0,1531.0,0.92169756,0.5734503,0.46938874593387386,5.3024322442686795,134.0,22.18516119430658,1078.5,63.98670930831202,10676.9,0.0,15.704614641090412,14.967060379379385,891,21.040557853259642,61.681413576595304,62.73815427642325,4344.444669407599,4732.7,48.604,0.07486767007624365,0.1841942014335411,1041259940,1040020040,453089.8,1041259940,0.9860590597906865,1061333530,10846.5,2026-10-07T11:03:26+00:00
ZMB-D-0406,20000,995.0,0.8161730766296387,966.8987,933.0,915.0,1266.0,58.66976511210864,920.0,1062.0,0.6125006,0.22466186,0.60745,4.83213781981901,106.1,16.371812182884636,1009.4,30.290068645757042,173550.1,0.0,10.675780871894906,9.020344419328957,867,0.0,13.243734209012556,12.086977768011206,4218.4498795616455,181176.9,1351.84,0.12020259611718445,0.3263910170187132,1041259940,1040020040,453089.8,1041259940,1.0,1061315930,182972.6,2026-10-07T11:03:26+00:00
ZMB-D-0806,36206,1652.0,2.0633857250213623,1550.1807711429044,1556.0,1242.0,2000.0,127.78764538790193,1377.0,1715.0,1.8721079,1.5023091,0.06446445340551289,6.028648546175113,106.2,24.932072265754375,1069.3,90.91899601460926,10286.5,0.0,18.14855569420351,18.314554498252964,1576,44.575056561504944,81.04475928157663,80.10443942072419,7640.439426240349,3258.7,36.453,0.07785198363673808,0.10263882162870495,1040040370,1040040370,79610.5,1041259940,0.6226275155753468,1061299320,33014.2,2026-10-07T11:03:26+00:00
ZMB-D-0807,52491,1397.0,2.775697946548462,1261.2241717627783,1312.0,764.0,1830.0,287.6001260236583,767.0,1599.0,2.1321487,1.3691145,0.2076355946733726,4.984808523117832,527.9,11.184525945813704,1017.9,49.20629057117151,10022.7,0.0,12.025693234043851,10.707876884156736,2265,0.0,57.747673219292835,57.04952723928919,11083.033835470942,18647.6,177.321,0.0863774369031745,0.25439339590721555,1041259950,1040020040,266514.0,1041259950,0.9674950744342069,1061306990,10609.9,2026-10-07T11:03:26+00:00
ZMB-D-0808,35054,1001.0,0.7987484335899353,1081.895218805272,1068.0,766.0,1537.0,152.70623484829093,932.0,1293.0,1.47524,0.8988303,0.30926570434187256,0.4605272790744284,130.7,11.561402811670671,8433.6,60.2074259853147,11147.9,0.0,12.499262213573497,11.921034420066604,1520,0.0,47.588492825086156,48.06980455758378,7405.33487019145,11147.9,95.041,0.0990427555440911,0.2132262915828032,1041259940,1040020040,453089.8,1041259940,0.5114970061171962,1061315940,27097.4,2026-10-07T11:03:26+00:00
ZMB-D-0407,18415,961.0,4.670917987823486,1044.5677436872115,985.0,917.0,1510.0,137.26088279309528,920.0,1248.0,1.4630837,0.7091964,0.4611458050502308,1.1621257296221057,222.5,20.67376877031856,1015.6,29.49078443954078,211621.7,0.0,13.466168169909873,12.632240004403682,801,0.0,23.020196099126093,21.340570259881538,3889.5442596120824,182246.3,1325.761,0.07892375891627415,0.22307841266016237,1041259940,1040020040,453089.8,1041259940,1.0,1061306680,216652.2,2026-10-07T11:03:26+00:00
ZMB-D-0208,17704,1202.0,0.2539108097553253,1270.6026886579305,1270.0,1143.0,1510.0,50.81570688256648,1205.0,1332.0,1.0146533,0.89742374,0.15996384997740623,0.5435196260992714,1018.8,0.5435196260992714,1018.8,47.53680890068951,11552.3,0.0,18.54632951522199,20.22568421199874,773,0.0,55.537067590472894,59.75777769057995,3682.4169455692077,11552.3,93.959,0.06998586395247273,0.1655815713792573,1041438780,1040011660,156566.4,1041438780,0.8664783549486751,1061400750,24928.6,2026-10-07T11:03:26+00:00
ZMB-D-0209,3806,1260.0,1.353135347366333,1234.6605359957962,1236.0,1154.0,1310.0,28.41398509080624,1196.0,1270.0,1.0220437,0.9850605,0.13321071991592223,4.145441758427198,186.7,17.17723337086677,1411.1,20.67528063253782,10237.1,0.0,10.46968941489045,10.358394058411365,165,1.1938474325157484,21.215249286534014,20.87660411714439,792.8175649625202,1753.8,14.581,0.1000837089615276,0.20688047432974888,1041438780,1040011660,156566.4,1041438780,1.0,1061400750,24928.6,2026-10-07T11:03:26+00:00
ZMB-D-0210,5218,1294.0,0.5947388410568237,1277.2669605212725,1277.0,1187.0,1440.0,34.77274170021015,1236.0,1321.0,1.0676938,0.9885223,0.1709467228823304,7.271895844705851,474.5,23.746025103580326,1011.1,35.03999807925657,10139.2,0.0,18.94231633604345,19.332936323184057,224,16.07183150576575,38.65603362286202,38.69867838487908,1087.7365524245452,1011.1,8.487,0.07578938712340329,0.03617736968092855,1041438780,1040011660,156566.4,1041438780,0.9965853553978736,1061400750,24928.6,2026-10-07T11:03:26+00:00
ZMB-D-0707,10464,1394.0,1.320656180381775,1350.569858562691,1361.0,1163.0,1528.0,94.08464073821679,1222.0,1466.0,1.335274,1.2073365,0.08295107033639144,0.46557432569781765,166.9,27.752729736584037,1058.6,128.04914504313987,13147.1,0.0,18.12411845834469,18.481129933766802,455,95.00390987802447,117.08015016119296,116.6563871832636,2195.2818233464145,3252.8,26.821,0.07610759846132195,0.08406242347428972,1041473880,1040011660,362355.2,1041473880,0.9839396539224067,1061359060,3161.4,2026-10-07T11:03:26+00:00
ZMB-D-0606,19387,1632.0,12.647879600524902,1324.9785423221747,1329.0,768.0,2301.0,264.6175361792612,917.0,1628.0,3.9701023,2.080267,0.049156651364316295,1.5993623395975645,149.8,30.84086535219007,1095.0,83.7953599273357,11830.8,0.0,15.765286713083887,15.585056479395409,842,42.508355085215086,79.51586908115675,77.58847169497258,4077.748618829771,4376.6,37.799,0.08853166519269005,0.15315782484107782,1041431480,1040011660,149540.0,1041431480,0.9953358260848243,1061352980,4476.4,2026-10-07T11:03:26+00:00
ZMB-D-0505,8628,430.0,1.429843544960022,514.0227167362077,456.0,367.0,1178.0,162.9835466535731,393.0,756.0,2.4552865,0.95315397,0.24408901251738527,0.3428848422600477,1682.5,0.3428848422600477,1682.5,12.688363396643645,682496.1,0.0,5.850280181812701,4.968316092826095,378,0.0,12.096814350342362,10.689532924767972,1774.1542146314316,683379.1,1324.513,0.12353524860922753,0.5032198539100643,1041438860,1040011660,683379.1,1041438860,0.7545445000695022,1061438860,683379.1,2026-10-07T11:03:26+00:00
ZMB-D-0408,10276,1302.0,0.7548018097877502,1194.3311599844296,1179.0,1043.0,1389.0,90.79505989952176,1084.0,1330.0,1.2650402,1.1959147,0.08077072790969249,4.346278666319552,200.9,20.613870516597558,123853.1,20.613870516597558,123853.1,0.0,14.933131395208926,13.089036810260298,443,0.0,17.411160423827514,15.910047861003084,2150.675280376423,129320.9,1095.259,0.06995384344078748,0.18140545209588035,1041259940,1040020040,453089.8,1041259940,1.0,1061359530,132662.4,2026-10-07T11:03:26+00:00
ZMB-D-0607,29788,1219.0,0.31280001997947693,1276.6156505975562,1259.0,1059.0,1687.0,75.46667098589202,1203.0,1373.0,1.1853402,0.76448405,0.37770243050892977,1.0816766762312582,3201.2,1.0816766762312582,3201.2,17.029275847310196,19997.0,0.0,9.728476414401939,8.860876446871936,1289,0.0,27.769130486815335,26.898537179077685,6265.433017626505,25528.3,192.949,0.07966023218958296,0.29108297653684656,1041259940,1040020040,453089.8,1041259940,0.8855986631658325,1061349680,34555.6,2026-10-07T11:03:26+00:00
ZMB-D-0108,40501,1339.0,0.5124974846839905,1302.9330386904028,1289.0,1016.0,1818.0,98.20994282319276,1190.0,1440.0,1.541236,1.1209005,0.09538036097874127,6.270181986650591,205.2,19.063791330026735,1236.9,94.18845020139776,14033.6,0.0,14.97130778295239,13.993738303429023,1756,31.04539518993072,85.13859342730753,89.14139255657318,8415.0581920623,5654.7,51.824,0.0825316168116355,0.17075843031637794,1041431480,1040011660,149540.0,1041431480,0.9984150474000049,1061413720,9012.8,2026-10-07T11:03:26+00:00
ZMB-D-0506,10956,1076.0,0.2263040393590927,1113.6305220883535,1115.0,979.0,1358.0,51.95769155478905,1045.0,1178.0,0.99987304,0.7613499,0.26305220883534136,0.08203479313148695,481.5,10.677895359240084,1406.1,51.52664296372407,153337.8,0.0,11.082497295911507,10.610016360137113,473,30.506382178384133,54.005326961379005,54.49273576761357,2260.3203609917887,4039.9,13.778,0.09629748231977653,0.23541062578879288,1041431680,1040011660,859018.4,1041431680,0.9959040238582147,1061431680,859018.4,2026-10-07T11:03:26+00:00
ZMB-D-0109,25497,1070.0,0.8698079586029053,1078.4642899164608,1124.0,508.0,1393.0,146.64547169747715,933.0,1166.0,1.5564119,0.76580304,0.26599207749931364,0.028483629127932973,159.5,4.372099605724339,1724.5,60.90588357038662,12594.5,0.0,13.813393916713425,13.813324984911423,1103,16.095140534925438,57.14426081855621,58.004475570116234,5271.4656486611875,7808.0,32.214,0.0762231184065531,0.18121844567451217,1041431480,1040011660,149540.0,1041431480,0.8062858316340107,1061418680,8976.1,2026-10-07T11:03:26+00:00
ZMB-D-1007,54188,1017.0,0.2689085006713867,1023.0162766664206,1020.0,935.0,1116.0,25.98457320524948,996.0,1063.0,0.4373641,0.17898372,0.7668302945301543,7.364575239359372,326993.2,7.364575239359372,326969.8,7.364575239359372,326993.2,0.0,11.71640345017994,10.360854647340346,2348,0.0,25.484572238717337,23.47202138538771,11079.739417449106,336708.4,1197.649,0.08791018584655177,0.2573178698306791,1041473880,1040011660,362355.2,1041473880,0.5727261957823991,1061469870,341077.7,2026-10-07T11:03:26+00:00
ZMB-D-1008,31585,1018.0,0.31534188985824585,1013.3127750514485,1013.0,931.0,1131.0,52.01551597378318,946.0,1082.0,0.34245786,0.1865394,0.8234288428051291,1.2416168509133851,532.6,13.853421412421632,2115.2,45.471044634001245,337300.9,0.0,9.794154809638181,8.980100155188026,1371,0.0,36.3155534330705,35.004236089232506,6459.105258831141,340968.4,1076.335,0.09979173827083322,0.30531888898872767,1041473880,1040011660,362355.2,1041473880,1.0,1061469810,15403.9,2026-10-07T11:03:26+00:00
ZMB-D-1009,38830,1009.0,0.14010407030582428,1009.6673705897502,1010.0,968.0,1037.0,6.963640825729084,1001.0,1019.0,0.1336956,0.08964088,0.976770538243626,3.693553274340707,678.6,5.241192778588986,1510.5,45.84645764045755,317455.6,0.0,9.856601911339334,8.566231750470546,1690,0.0,26.478338173983683,26.57352250424966,7957.08996233613,326538.4,1203.09,0.11429286996111936,0.32590613592430057,1041473950,1040011660,155287.3,1041473950,0.7555955456642671,1061465980,4342.1,2026-10-07T11:03:26+00:00
ZMB-D-1010,22470,1049.0,0.0893753245472908,1032.8356030262573,1037.0,998.0,1105.0,19.96145676075587,1007.0,1056.0,0.2704709,0.13994429,0.8633733867378727,5.39602613960653,195.7,22.838085095393165,1477.9,23.711114379150228,286791.7,0.0,10.756130443982968,9.385220969369932,972,0.0,22.325596688474594,19.03403436264903,4626.099454557439,300538.0,1255.17,0.10722910254736455,0.29985625397227766,1041473880,1040011660,362355.2,1041473880,1.0,1061444220,8527.5,2026-10-07T11:03:26+00:00
ZMB-D-1011,37046,1064.0,0.2568311095237732,1047.1660098256223,1048.0,1022.0,1085.0,8.894811161198524,1035.0,1058.0,0.13162544,0.089353524,0.9885277762781407,6.899481661793642,107.6,36.80004082532196,6115.8,41.77614294958918,10520.4,0.0,12.44888822922524,10.0648213602216,1610,0.0,33.87340627040661,33.08974979700672,7641.6757950827,19731.2,30.72,0.09056876766596725,0.27049387158758453,1041473880,1040011660,362355.2,1041473880,0.9973950852453211,1061420060,12884.2,2026-10-07T11:03:26+00:00
ZMB-D-1012,49388,1148.0,0.31698739528656006,1161.346865635377,1164.0,1066.0,1222.0,26.926744768013464,1125.0,1193.0,0.4128837,0.26393703,0.7436421802867094,4.975742973495442,574.5,7.532598981608527,3562.2,109.8627423983596,13989.1,0.0,14.662440536918107,14.243019098547581,2146,33.78231171010446,83.3846211609104,84.2676801377884,10184.17390547831,7466.0,17.743,0.08751049412357037,0.17324380532282624,1041473880,1040011660,362355.2,1041473880,0.9898297744239172,1061423970,238372.7,2026-10-07T11:03:26+00:00
ZMB-D-1013,18390,1148.0,0.7548834681510925,1182.494834148994,1183.0,1127.0,1238.0,17.85330381953594,1160.0,1204.0,0.39732975,0.3141086,0.7112017400761284,0.3966735244256897,108.9,11.319212826146904,1113.1,75.77165116280094,96079.3,0.0,15.588763404490154,14.760755501164626,799,46.16005946030597,73.29679184688612,75.36943349086503,3800.2968131541734,3433.8,12.522,0.07530503921542744,0.14397614634386036,1041473880,1040011660,362355.2,1041473880,0.9887112823870693,1061423970,238372.7,2026-10-07T11:03:26+00:00
ZMB-D-0809,23993,1131.0,1.2218674421310425,1027.8522902513232,1001.0,926.0,1348.0,90.37840318788145,932.0,1164.0,1.0042764,0.7974891,0.34184970616429794,7.632738624914603,137.0,14.127500133423728,11373.5,14.127500133423728,11373.5,0.0,9.31091517036916,8.09877054817372,1046,0.0,30.95616428341507,25.252027518644322,5068.291371589916,26411.8,189.104,0.10450634829247867,0.3378965730840095,1041259940,1040020040,453089.8,1041259940,1.0,1061315940,27097.4,2026-10-07T11:03:26+00:00
ZMB-D-0409,17681,1168.0,0.06217999383807182,1167.8245574345342,1168.0,1159.0,1177.0,2.5797146602247634,1165.0,1172.0,0.059792373,0.062179994,0.9982467055030824,4.390395971146515,147.2,10.041361087258023,60643.0,10.041361087258023,60643.0,0.0,5.479763760356219,4.8669735637756295,769,0.0,10.078835317327115,8.739856066960607,3704.234451757665,63620.9,570.153,0.11446094417867081,0.5054177056986907,1041259940,1040020040,453089.8,1041259940,1.0,1061366720,63620.9,2026-10-07T11:03:26+00:00
ZMB-D-0911,25742,1154.0,2.6169698238372803,1045.8639577344418,1126.0,490.0,1331.0,209.46558317055474,698.1000000000004,1253.0,1.8384694,1.2072575,0.0861238443011421,0.7475387279701314,154.9,30.231694656360066,4530.7,35.93782265857357,530769.4,0.0,14.580074380189146,14.086669753077603,1112,0.0,36.19159555010103,37.28911881409739,5248.811160245219,538934.3,1084.153,0.08783925864432636,0.17886215960036486,1041438860,1040011660,683379.1,1041438860,0.9689049691343634,1061478700,539540.7,2026-10-07T11:03:26+00:00
ZMB-D-0308,12477,1071.0,1.0423439741134644,1035.7997916165746,1038.0,840.0,1278.0,61.43492402660347,952.0,1114.3999999999996,1.1722469,0.99681914,0.1083593812615212,0.5247503639991764,109.6,37.84569179833395,1454.2,90.53393469809667,83635.7,8.388190714249124,31.015451017137472,32.085568318501,541,54.71198231005026,85.56486649904521,87.68552788122769,2589.5008392281543,503.4,2.46,0.05545592345376181,0.0,1041472430,1040011660,1205882.3,1041472430,0.5704062782525315,1061430830,29230.5,2026-10-07T11:03:26+00:00
ZMB-D-0110,44948,1182.0,0.825253963470459,1175.0503470677227,1174.0,573.0,1351.0,53.48689957628306,1118.0,1245.0,0.78661984,0.6849785,0.3356767820592685,3.508298764953595,537.7,8.644124726109354,1362.5,83.13396546940905,12556.8,0.0,15.830410531414158,15.251188651852011,1953,0.07982063881850836,61.546532406445316,63.93467108819908,9315.931828528577,8737.7,70.777,0.06376951584299002,0.15192171778279503,1041431480,1040011660,149540.0,1041431480,0.6708302173260865,1061418680,8976.1,2026-10-07T11:03:26+00:00
ZMB-D-0507,6476,1203.0,0.4196970760822296,1137.516213712168,1146.0,990.0,1310.0,76.60999683342783,1027.0,1235.0,0.75612944,0.5632598,0.42742433600988267,10.291439000432167,115.0,25.788822829298688,150200.0,25.788822829298688,150200.0,0.502511998603329,19.445590042216004,19.61390749479733,283,8.697241987544112,29.12631039770574,29.894473270472595,1335.735090149577,251.4,0.877,0.029230261338077688,0.0559416925770201,1041438780,1040011660,156566.4,1041438780,1.0,1061438780,156563.2,2026-10-07T11:03:26+00:00
ZMB-D-0309,4441,972.0,2.977511405944824,1017.0387300157622,1020.0,749.0,1398.0,104.20166837248522,884.0,1147.0,3.1993484,2.2220385,0.03557757261877956,1.0032208782768184,120.0,30.157960721261198,1041.9,112.38249122607435,10177.2,1.6560383723090162,25.000647885368167,24.497607695894068,193,84.21643909264368,109.44591848963726,109.25371506648885,920.5904826284833,650.8,3.304,0.08339074046557853,0.008748150669756856,1041472430,1040011660,1205882.3,1041472430,0.979743654588948,1061430830,29230.5,2026-10-07T11:03:26+00:00
ZMB-D-1014,18893,1043.0,0.31407323479652405,1051.8634414862647,1048.0,1015.0,1109.0,23.763867829739358,1021.0,1084.0,0.22673261,0.14209144,0.8995395119885672,2.1004633815037685,146.6,6.793666276526159,1296.3,19.346652160744576,21450.7,0.0,10.961698327362637,7.763496958637521,822,0.0,20.199499303967976,19.18993784901479,3904.667216801,238358.0,1292.625,0.10293219896100798,0.3494262556568543,1041473880,1040011660,362355.2,1041473880,1.0,1061443520,289722.8,2026-10-07T11:03:26+00:00
ZMB-D-1015,30663,1048.0,0.22592829167842865,1049.7190751068063,1051.0,1021.0,1085.0,13.78152890128412,1029.0,1068.0,0.1462366,0.089006186,0.9552881322766853,6.904070347134185,41868.9,6.904070347134185,41868.9,6.904070347134185,41868.9,0.0,6.722571874986699,5.966011042169465,1333,0.0,15.114911653907258,13.483470642015806,6358.911628048839,214775.2,1295.867,0.10431651242365218,0.4291602993712025,1041473880,1040011660,362355.2,1041473880,1.0,1061421520,8117.2,2026-10-07T11:03:26+00:00
ZMB-D-0111,55724,1500.0,0.6667733788490295,1149.6902411887158,1260.0,457.0,1657.0,301.4666984465967,638.0,1459.0,2.203977,1.4679317,0.09119948316703755,2.776166268846995,143.6,28.251510010084804,1145.8,89.43851993537427,83435.1,0.0,13.7396654317919,12.257139445402093,2428,0.0,61.914152174521035,64.18266169026766,11582.945377925289,87353.1,392.456,0.08997533980358677,0.21375521391469837,1041431480,1040011660,149540.0,1041431480,0.6954335008421045,1061414080,15019.6,2026-10-07T11:03:26+00:00
ZMB-D-0708,33902,1134.0,0.13964439928531647,1122.9119520972215,1124.0,1039.0,1200.0,25.97631473879067,1090.0,1155.0,0.5452188,0.34092894,0.6304052858238453,4.858462476904333,224.9,11.71502314959869,1013.1,21.262991146785037,42374.6,0.0,10.815640467899854,9.108561235353077,1465,0.0,26.927890942933182,20.94410115871009,7043.928294116726,69761.1,442.913,0.09169258567392738,0.3032222224170981,1041473880,1040011660,362355.2,1041473880,1.0,1061402640,3037.2,2026-10-07T11:03:26+00:00
ZMB-D-0709,35607,1153.0,0.9070345759391785,1169.0632179065915,1158.0,1067.0,1467.0,55.210672405047056,1109.0,1249.0,0.8932829,0.71735805,0.34639256326003315,1.2025634383453772,231.3,10.814487334459864,1955.2,22.589807226642662,35841.7,0.0,9.266030904093821,8.095319306424006,1548,0.0,22.938119080557573,19.93058204394985,7421.51980294329,42161.0,319.011,0.10066569281860732,0.3253014065593224,1041473880,1040011660,362355.2,1041473880,1.0,1061393120,36860.6,2026-10-07T11:03:26+00:00
ZMB-D-0410,11571,1114.0,0.5687916278839111,1104.025926886181,1091.0,923.0,1392.0,115.29026251470253,948.0,1269.0,1.520832,1.3190182,0.12021432892576268,4.511637783781793,123.5,7.507606580071228,159059.5,7.507606580071228,159059.5,0.0,9.764169831613529,8.890451283180736,501,0.0,10.59573180484491,9.877716127359975,2431.269146032368,164272.4,1298.083,0.08438487762955975,0.30167849592073215,1041259940,1040020040,453089.8,1041259940,1.0,1061315930,182972.6,2026-10-07T11:03:26+00:00
ZMB-D-0411,5642,1000.0,0.8174400925636292,1035.0430698333923,1005.0,922.0,1297.0,109.69126741180169,926.0,1221.0,1.1671565,1.005682,0.3206309819213045,2.7768309295078626,407.2,12.903867787611004,167645.4,12.903867787611004,167645.4,0.0,13.394013685831908,13.566588966646083,247,0.0,13.530060799071114,13.566588966646083,1188.4847091203908,169604.8,1325.772,0.15304211045458385,0.1988547888511014,1041259940,1040020040,453089.8,1041259940,1.0,1061315930,182972.6,2026-10-07T11:03:26+00:00
ZMB-D-0912,9264,1159.0,1.8436527252197266,1167.4280008635578,1180.5,894.0,1329.0,82.8419106793278,1045.3000000000002,1263.0,1.5904613,1.2059948,0.0831174438687392,4.701119672910714,121.5,41.45375054618597,1145.8,52.397550304301106,600635.8,0.0,29.791082807414277,32.129878972936524,400,35.76247814909379,58.5676046284944,57.278228326991254,1898.281289726181,1540.3,4.218,0.06870633039876918,0.01555767350239877,1041438860,1040011660,683379.1,1041438860,0.6665922753013042,1061457490,602839.6,2026-10-07T11:03:26+00:00
ZMB-D-0508,7932,1019.0,0.5355809926986694,1016.6870902672719,998.0,974.0,1255.0,50.105332014404894,978.0,1087.0,0.41997412,0.22899118,0.8052193645990923,5.9858966366706365,3838.5,5.9858966366706365,3838.5,34.158716176067074,144447.3,0.0,10.32707899274768,7.695033219981111,345,0.0,29.067131757134433,25.657538318182795,1635.0612883656872,148955.6,495.175,0.11184928860346859,0.3516316570532003,1041438780,1040011660,156566.4,1041438780,1.0,1061432480,4453.5,2026-10-07T11:03:26+00:00
