location_id,cells_sampled,nodata_cells,overview_factor,pct_tree_cover,pct_shrubland,pct_grassland,pct_cropland,pct_built_up,pct_bare_sparse,pct_snow_ice,pct_permanent_water,pct_herbaceous_wetland,pct_mangroves,pct_moss_lichen,class_at_point,created_utc
ZMB-D-0901,645093,0,4,26.47457666342915,42.450363682200575,26.68380632108798,0.9127075498496282,2.5046631879726395,0.11125978195253006,0.0,0.782984549336939,0.079638264170547,0.0,0.0,shrubland,2026-10-07T14:43:34+00:00
ZMB-D-0902,3880604,0,4,36.8431046786747,28.976602085823593,7.860878995778279,3.5204686090787938,0.14630633926240966,0.20523322578113343,0.0,21.41597604990076,1.031430015700336,0.0,0.0,shrubland,2026-10-07T14:43:34+00:00
ZMB-D-0903,2939743,0,4,29.783914446208218,35.365491104766406,9.093135567333194,3.234508192885597,0.04232786077943508,0.07892677785780462,0.0,21.8473434856649,0.5543525645044389,0.0,0.0,shrubland,2026-10-07T14:43:34+00:00
ZMB-D-0904,6167113,0,4,11.917694242420309,21.62889570984107,33.973626736864745,32.1849717872838,0.11488153601411627,0.04753896371009183,0.0,0.12030325765928883,0.01208776620658209,0.0,0.0,shrubland,2026-10-07T14:43:34+00:00
ZMB-D-0905,3931666,1,4,27.69996389708236,21.005007531415785,32.1087996531779,18.614524532199813,0.38883243176092536,0.04424193581488814,0.0,0.12021162284024704,0.018418395708084054,0.0,0.0,grassland,2026-10-07T14:43:34+00:00
ZMB-D-0906,13972968,0,4,30.094026700141555,34.72234437204097,25.684371915517247,7.008317463368917,0.02583176227580517,0.04300457200091612,0.0,0.03793580289875972,2.384167411755827,0.0,0.0,cropland,2026-10-07T14:43:34+00:00
ZMB-D-0907,1560895,0,4,22.030513527566306,44.301058917521786,9.85258413477816,4.663858887033134,0.16582702200544464,0.1293356454276538,0.0,18.538364366746823,0.31845749892068564,0.0,0.0,tree_cover,2026-10-07T14:43:34+00:00
ZMB-D-1001,6305597,0,4,27.55188392765369,37.00276034419163,26.27966804127966,0.0017884619976702492,0.01069866827042702,0.046216837485336434,0.0,0.06085864890789175,9.0461250702137,0.0,0.0,grassland,2026-10-07T14:43:34+00:00
ZMB-D-0908,3727626,0,4,22.599609985915745,23.592796935257386,34.08671694436991,13.377857681827749,0.22503479325081585,0.05464669378427404,0.0,1.5964793785679368,4.466857587026182,0.0,0.0,tree_cover,2026-10-07T14:43:34+00:00
ZMB-D-0909,4108026,0,4,11.748881719576906,12.009292487359286,43.881218614697886,12.23246127374227,0.06989937964456303,0.012648383344585687,0.0,1.3056788063985507,18.739919335235967,0.0,0.0,grassland,2026-10-07T14:43:34+00:00
ZMB-D-0910,2905443,0,4,8.933681904278396,18.797175293164052,27.994782572863635,12.333112221217096,0.5366858331687482,0.04438764796955634,0.0,1.2899043220932334,30.07027020524528,0.0,0.0,grassland,2026-10-07T14:43:34+00:00
ZMB-D-1002,8373493,0,4,49.69246742015492,29.530260668422663,10.751941472150722,0.050880773945924454,0.06066962162975136,0.0997755764817625,0.0,0.5484174095178306,9.265587057696424,0.0,0.0,grassland,2026-10-07T14:43:34+00:00
ZMB-D-0501,326965,0,4,26.407652950743103,7.923419416371148,12.506711832551153,8.365105234606707,44.1021983673782,0.5526860088460189,0.0,0.1229563690122212,0.01926982049145498,0.0,0.0,built_up,2026-10-07T14:43:34+00:00
ZMB-D-0101,12252263,3,4,43.93566207423448,12.072480393416338,32.03081538499166,3.4273192649911692,0.028203584815694478,0.00479823336285758,0.0,2.2555841876788425,6.245136876508963,0.0,0.0,tree_cover,2026-10-07T14:43:34+00:00
ZMB-D-0502,3520660,0,4,45.07413034692867,24.684820753071683,17.776625794300234,3.875085869824061,0.569075977314069,0.09777226807392414,0.0,1.8313087999821416,6.091180190505218,0.0,0.0,tree_cover,2026-10-07T14:43:34+00:00
ZMB-D-0503,2860233,0,4,42.49872992326332,50.408492613372225,4.610527915836821,0.704975921772611,0.06430170620743153,0.11617665133656026,0.0,1.4997746206892608,0.09702064752177324,0.0,0.0,shrubland,2026-10-07T14:43:34+00:00
ZMB-D-0504,7236780,0,4,55.3190607129131,31.589180494049,10.514230925533225,2.434652240411357,0.04275309306602698,0.012546837725704366,0.0,0.08721628474251483,0.00035941155907034754,0.0,0.0,shrubland,2026-10-07T14:43:34+00:00
ZMB-D-1003,4589144,2,4,41.02474391344982,24.34120959022963,12.185452879019232,0.05511573406032179,0.3937970089320059,0.19827738451684276,0.0,0.6743596176222169,21.12704387216994,0.0,0.0,shrubland,2026-10-07T14:43:34+00:00
ZMB-D-0102,6742547,0,4,9.05727137825046,17.07710530247465,35.66184534233388,23.56098747244892,0.6529859921756603,0.03365939171185931,0.0,0.5608337452664988,13.39531137533807,0.0,0.0,grassland,2026-10-07T14:43:34+00:00
ZMB-D-0103,1165364,0,4,22.25067326727957,16.44541971667177,36.17685417550723,21.72793688514641,2.7363850942809607,0.14021799664124823,0.0,0.2507985825727476,0.27171428190007596,0.0,0.0,grassland,2026-10-07T14:43:34+00:00
ZMB-D-0104,15074300,12,4,37.09590613721222,13.806709144779443,37.665847928756904,8.504756933895052,0.09004769088505006,0.006177841300668081,0.0,0.35044149322700296,2.480112829943649,0.0,0.0,grassland,2026-10-07T14:43:34+00:00
ZMB-D-1004,7438800,0,4,14.669959935738335,14.640608914878262,35.73133494625881,0.00033641407777989255,0.011226875411248605,0.04163422237834182,0.0,0.43567310648403657,34.46922558477318,0.0,0.0,grassland,2026-10-07T14:43:34+00:00
ZMB-D-1005,6901392,0,4,63.859969910187885,14.905692730716245,18.57915989575387,0.7889838596630903,0.11038127216757575,0.01572149728797092,0.0,0.0839301735196638,1.6561606607036803,0.0,0.0,tree_cover,2026-10-07T14:43:34+00:00
ZMB-D-0301,1134722,0,4,26.129775395466826,18.62288846036638,15.056051569493237,39.58223077823599,0.534229043368453,0.058429777468122675,0.0,0.015425364785143092,0.0009696108158527675,0.0,0.0,shrubland,2026-10-07T14:43:34+00:00
ZMB-D-0302,7717679,0,4,45.39000226649332,38.68945377772799,11.82088184483936,3.4737404302662225,0.04331783580552921,0.06287112584327473,0.0,0.5186821639384253,0.0010505550858858899,0.0,0.0,grassland,2026-10-07T14:43:34+00:00
ZMB-D-1006,7039314,0,4,57.714024389902114,13.47187382498926,22.085810056167688,0.040534439677501685,0.023275700781250203,0.007577178996567427,0.0,0.4568639809305632,6.200040428555053,0.0,0.0,tree_cover,2026-10-07T14:43:34+00:00
ZMB-D-0303,1842924,0,4,11.410334924596828,18.4471515693973,20.228653059728625,48.850605488485094,1.0228336244292395,0.02555106649057554,0.0,0.014653107614236695,0.00021715925809968965,0.0,0.0,tree_cover,2026-10-07T14:43:34+00:00
ZMB-D-0105,5196880,0,4,45.74819581494105,4.487405243330773,31.478177766227883,2.4905929995098135,0.021746811625730614,0.0012892486891409667,0.0,0.6188356671836058,15.153756448491983,0.0,0.0,tree_cover,2026-10-07T14:43:34+00:00
ZMB-D-0304,5535960,0,4,18.067789916157924,31.96734583295035,18.085343695076276,31.154403849431873,0.3287433441040378,0.03987215087154651,0.0,0.3533322286099841,0.003168982798009634,0.0,0.0,shrubland,2026-10-07T14:43:34+00:00
ZMB-D-0106,6995666,0,4,53.353004803931135,30.26596782287949,9.801153726121905,6.227168988791034,0.016282779640446787,0.009997132657484378,0.0,0.3029937545339464,0.023430991444565095,0.0,0.0,tree_cover,2026-10-07T14:43:34+00:00
ZMB-D-0201,6694052,0,4,59.203426968190065,5.9284264186049525,21.11857888018167,12.337219250779862,0.08264009146462357,0.012391107859869355,0.0,0.152472593607364,1.1648446893115982,0.0,0.0,cropland,2026-10-07T14:43:34+00:00
ZMB-D-0305,4807868,0,4,18.450764007271115,21.546462422527885,21.426350385864687,37.53401397858335,0.9794731327239561,0.00999749088050353,0.0,0.049446148834199614,0.0034924333142973777,0.0,0.0,cropland,2026-10-07T14:43:34+00:00
ZMB-D-0701,10744179,0,4,49.66167370930314,10.739085725015672,33.82088333237702,0.1578074190402938,0.036049841529374974,0.00442104033585374,0.0,0.41083957982152264,5.1692393525771445,0.0,0.0,grassland,2026-10-07T14:43:34+00:00
ZMB-D-0702,3440118,0,4,15.3175536117417,8.870064457185098,67.73270642502413,2.065672346354645,0.0793781650172362,0.007324714437480963,0.0,0.554176241005269,5.373124039234452,0.0,0.0,grassland,2026-10-07T14:43:34+00:00
ZMB-D-0703,14298657,0,4,74.96145329184486,4.3771984058331235,19.039478170929602,1.1255428841755954,0.041662942023731324,0.0015329801316786133,0.0,0.04273059120875473,0.4104007338526595,0.0,0.0,tree_cover,2026-10-07T14:43:34+00:00
ZMB-D-0306,4440703,0,4,24.978537658373348,43.14639422713795,24.320700314942133,7.001007666562922,0.04756849285764929,0.09134019324918052,0.0,0.41296454313785635,0.0014869037389607027,0.0,0.0,cropland,2026-10-07T14:43:34+00:00
ZMB-D-0704,16388804,0,4,78.6038380419061,3.7760664411550775,15.46458607170103,1.8238748356590566,0.020075393200631685,0.0025674385514713135,0.0,0.12019023091291006,0.1888015469137149,0.0,0.0,grassland,2026-10-07T14:43:34+00:00
ZMB-D-0202,897294,0,4,33.299525376745606,18.288515773839066,27.795670760143476,11.028625018245494,7.307979355863429,1.4361625591375804,0.0,0.38813217925049126,0.45538897677485096,0.0,0.0,shrubland,2026-10-07T14:43:34+00:00
ZMB-D-0203,801358,0,4,43.30233019497378,11.538227836154164,30.304049170270346,11.949428864398108,1.2392548135982515,0.7233025828180261,0.0,0.19908520687246523,0.74432133091486,0.0,0.0,tree_cover,2026-10-07T14:43:34+00:00
ZMB-D-0204,558633,0,4,39.413123731427355,18.880203946009143,24.76277253173068,10.144856848921473,3.712870935858775,1.5013021992321396,0.0,1.093412464903308,0.49145734191713764,0.0,0.0,tree_cover,2026-10-07T14:43:34+00:00
ZMB-D-0205,8127931,0,4,68.53792650937666,5.36199899237365,20.443288741008644,4.109209357482679,0.04364615549442379,0.05531614875690763,0.0,0.06584377921331709,1.382770316293721,0.0,0.0,grassland,2026-10-07T14:43:34+00:00
ZMB-D-0206,1165084,0,4,49.28519096518163,10.597336071915441,25.96120810354608,8.063222584962826,3.004439634797756,1.8705010407190572,0.0,0.4163082895180746,0.8017933093591514,0.0,0.0,tree_cover,2026-10-07T14:43:34+00:00
ZMB-D-0207,659012,0,4,48.06064314534558,11.32663256752085,23.76945370598082,13.087353805591922,1.7053104661503995,0.9145115613037743,0.0,0.6803129145004694,0.4557818336062008,0.0,0.0,cropland,2026-10-07T14:43:34+00:00
ZMB-D-0107,9004295,9,4,56.27341254218484,18.885289478950323,18.77660453657912,2.4351614276090965,0.055558644863735275,0.013100061981988861,0.0,0.5227205892281481,3.038152718602762,0.0,0.0,tree_cover,2026-10-07T14:43:34+00:00
ZMB-D-0307,10203642,18,4,32.97469454167693,30.635990064658888,18.029321993298584,17.8569953449507,0.20157906128001726,0.06321720787250351,0.0,0.2205648789176911,0.017636907344685798,0.0,0.0,tree_cover,2026-10-07T14:43:34+00:00
ZMB-D-0705,22780162,0,4,72.99688660583317,4.473873296961209,18.656024586690815,1.9564551020551957,0.2145180927995189,0.32450339372830317,0.0,0.27148908698457846,1.1062498349472047,0.0,0.0,tree_cover,2026-10-07T14:43:34+00:00
ZMB-D-0401,4621257,0,4,61.84765914249819,16.05895433944587,17.91182034737645,2.719312817304191,0.043787577274558606,0.0015371980319774025,0.0,0.3156546920664009,1.1012738860023652,0.0,0.0,tree_cover,2026-10-07T14:43:34+00:00
ZMB-D-0601,29947620,2,4,47.406705729025155,24.678375068104447,20.802248394721865,2.427768387276892,0.06070763624424887,0.08557723013563158,0.0,0.24753839304755307,4.291079161444224,0.0,0.0,grassland,2026-10-07T14:43:34+00:00
ZMB-D-0706,15583026,0,4,78.99420215009908,5.743146211119784,14.517400957530983,0.42553240502321865,0.05865471534783086,0.002472202157752457,0.0,0.01992228011690687,0.23866907860444808,0.0,0.0,tree_cover,2026-10-07T14:43:34+00:00
ZMB-D-0402,4668149,5,4,14.182690005185181,16.772962209346378,21.629241813641148,5.237082248504594,0.22464366559465948,0.031024392951142735,0.0,26.139388501675622,15.782967163101276,0.0,0.0,permanent_water,2026-10-07T14:43:34+00:00
ZMB-D-0801,3841970,0,4,18.961482849986826,10.16788694667263,36.840657575767665,2.322680865810967,0.0538334784377262,0.0009372591907626563,0.0,12.214989842714356,19.437531181419075,0.0,0.0,tree_cover,2026-10-07T14:43:34+00:00
ZMB-D-0403,5633992,0,4,37.04028106616401,30.777391414809415,20.34018322834165,9.14464560859087,0.37543948702322844,0.022632831927191805,0.0,0.32196810572614765,1.9774582574174662,0.0,0.0,shrubland,2026-10-07T14:43:34+00:00
ZMB-D-0602,13148780,0,4,48.19628059362717,37.610129866967796,11.302252916472666,2.627601307418614,0.025537145995422467,0.05110251269575337,0.0,0.18641078853204893,0.000684868290530517,0.0,0.0,shrubland,2026-10-07T14:43:34+00:00
ZMB-D-0802,6644295,6,4,39.970093108855494,28.553282013357506,21.124819541328165,3.8029351681654235,0.08453520402073646,0.005780431530799012,0.0,0.11003810011094675,6.348516432630937,0.0,0.0,tree_cover,2026-10-07T14:43:34+00:00
ZMB-D-0404,3118889,0,4,48.39440747466371,27.44942971745426,19.44697372013698,3.2862335430329446,0.0644243728497289,0.012274506162908518,0.0,0.11027715483755209,1.235979510861902,0.0,0.0,cropland,2026-10-07T14:43:34+00:00
ZMB-D-0603,6802936,0,4,53.855973918741725,30.999504326918654,11.544497179956746,1.9922451860488455,0.05007193170477258,0.0035562391633378117,0.0,0.22674151141179022,1.3274097060541195,0.0,0.0,grassland,2026-10-07T14:43:34+00:00
ZMB-D-0803,7884849,0,4,55.82093132174919,19.09050205966132,17.439391861552345,5.310429921779191,0.30920663464464326,0.009200775708238273,0.0,0.18338912019432416,1.8369483047107598,0.0,0.0,tree_cover,2026-10-07T14:43:34+00:00
ZMB-D-0604,3920948,6,4,44.88360997198833,32.139014199742356,14.012614337897217,7.9593920552713,0.16686903832105074,0.04033486393714734,0.0,0.2914592718233942,0.5067062610192002,0.0,0.0,tree_cover,2026-10-07T14:43:34+00:00
ZMB-D-0804,7205645,0,4,33.48514575002494,26.606026529523103,32.81912269294937,5.243256508862701,0.10346961279668193,0.0053553307733102415,0.0,0.07072622396535744,1.6668973511045369,0.0,0.0,grassland,2026-10-07T14:43:34+00:00
ZMB-D-0405,5925841,0,4,55.93311854110325,21.7462483028946,16.549190911356742,3.8595793485274474,0.10456512920624121,0.009213547112631726,0.0,0.01450130513116249,1.7835829146679323,0.0,0.0,grassland,2026-10-07T14:43:34+00:00
ZMB-D-0805,8905241,0,4,49.03440485786591,28.105429034733845,20.36735042532341,1.9790322118162575,0.05627342481947214,0.0022355085275511796,0.0,0.05311485994264935,0.4021596769709257,0.0,0.0,tree_cover,2026-10-07T14:43:34+00:00
ZMB-D-0605,3219180,0,4,8.336967576203305,27.748108027968616,50.308473751014276,13.087561651501677,0.43355766069181234,0.009443994208215583,0.0,0.0076368973151745385,0.06825044109691934,0.0,0.0,grassland,2026-10-07T14:43:34+00:00
ZMB-D-0406,3124790,0,4,31.162833419247516,10.519773715562255,7.471030377626648,4.583304639351783,0.32655352380271035,0.005312617076118219,0.0,37.309392220782335,8.621799486550628,0.0,0.0,tree_cover,2026-10-07T14:43:34+00:00
ZMB-D-0806,5657081,3,4,22.243185154737105,29.660582668693113,27.740176816824125,19.90790012896971,0.2511888261071693,0.003997563894717656,0.0,0.05673225578916854,0.13623658498489608,0.0,0.0,grassland,2026-10-07T14:43:34+00:00
ZMB-D-0807,8201353,0,4,54.60455263246642,13.855236994248612,13.682349008075313,3.399681868551749,0.059101523298827556,0.00706564346428328,0.0,14.127396819254434,0.2646155106403602,0.0,0.0,tree_cover,2026-10-07T14:43:34+00:00
ZMB-D-0808,5477769,0,4,49.2393602857533,12.85884775006033,22.159000287398904,1.4188751915345343,0.06899935577336129,0.007996416067763662,0.0,12.770007016750878,1.476913696660947,0.0,0.0,tree_cover,2026-10-07T14:43:34+00:00
ZMB-D-0407,2876454,1,4,32.53732816031659,7.73108276353491,13.321950918852444,6.17331026006396,0.2915912931487471,0.02844227796168337,0.0,39.14717343107522,0.7691208950464424,0.0,0.0,grassland,2026-10-07T14:43:34+00:00
ZMB-D-0208,2765657,0,4,45.216232633011565,23.02845447011026,18.231265072511672,13.05114679754608,0.18869781743484393,0.045464836552259795,0.0,0.031393889859493006,0.20734448297385855,0.0,0.0,tree_cover,2026-10-07T14:43:34+00:00
ZMB-D-0209,594706,0,4,33.23589445035127,19.61137800900043,22.746297570200753,17.973766989201142,3.7298421146370027,1.8055483177678235,0.0,0.5953567101484419,0.3019158386931381,0.0,0.0,grassland,2026-10-07T14:43:34+00:00
ZMB-D-0210,815608,0,4,21.05190111311182,10.304376065323396,27.63950444819818,31.02182270997513,7.694152722788031,0.4334966145974,0.0,0.3644518057730645,1.4902945202329783,0.0,0.0,grassland,2026-10-07T14:43:34+00:00
ZMB-D-0707,1635804,0,4,63.0585468991103,18.686850186805298,16.99022952501491,1.0146741749943098,0.1509897700451615,0.001405723571467184,0.0,0.0016507686431701126,0.09565295181539007,0.0,0.0,tree_cover,2026-10-07T14:43:34+00:00
ZMB-D-0606,3029540,0,4,43.74659682940046,34.74934778998106,9.625964669295168,11.7659243538881,0.08988479178430006,0.014097820853447933,0.0,0.0022777048198526976,0.00590603997760589,0.0,0.0,tree_cover,2026-10-07T14:43:34+00:00
ZMB-D-0505,1349156,0,4,27.675251483985726,46.02737761377305,13.317935191233314,9.90018125668166,0.3905003358963021,0.38819737240418767,0.0,2.230105092674814,0.0704516533509438,0.0,0.0,tree_cover,2026-10-07T14:43:34+00:00
ZMB-D-0408,1605260,0,4,55.116789133078406,20.794576672108768,19.71599383919838,3.899280281573819,0.14958612008057032,0.002365757446267765,0.0,0.2341588164235951,0.08724938009020014,0.0,0.0,tree_cover,2026-10-07T14:43:34+00:00
ZMB-D-0607,4654649,0,4,38.78585147819019,25.530157444740833,29.15274419847408,3.746843605451435,0.2462961309343964,0.012326842498735476,0.0,0.12495637370359854,2.4008239260067463,0.0,0.0,shrubland,2026-10-07T14:43:34+00:00
ZMB-D-0108,6329504,0,4,51.583281397721194,13.047823159828601,17.480634985003256,17.225794986678316,0.28908197590500745,0.02716197300272744,0.0,0.28581998491523264,0.060401536945667106,0.0,0.0,tree_cover,2026-10-07T14:43:34+00:00
ZMB-D-0506,1712421,0,4,16.531957742625924,21.37526864145683,38.44676976312178,20.752261604157702,2.506064461654813,0.10763986728491289,0.0,0.145750909299273,0.13428701039876925,0.0,0.0,shrubland,2026-10-07T14:43:34+00:00
ZMB-D-0109,3984170,0,4,22.386205282974938,25.584892549414352,29.51712869277073,21.696961560968003,0.2018351002258151,0.03898370242839479,0.0,0.4321038056769316,0.14188930554083254,0.0,0.0,shrubland,2026-10-07T14:43:34+00:00
ZMB-D-1007,8464724,0,4,45.30444720915526,41.55483601170006,11.380561004849335,0.055266232595600415,0.05490271408855014,0.02005216599224147,0.0,0.5504619769021136,1.0794726847168388,0.0,0.0,tree_cover,2026-10-07T14:43:34+00:00
ZMB-D-1008,4935670,0,4,41.96297192800459,40.97243986634204,10.958158643351704,0.23765844633596853,0.05366229509123727,0.02065869640785616,0.0,0.1511641168914027,5.64328600757519,0.0,0.0,tree_cover,2026-10-07T14:43:34+00:00
ZMB-D-1009,6070029,0,4,21.70574916842451,44.20203429079549,25.479048093556656,0.009332149535996464,0.014330107461384568,0.030390587969844046,0.0,0.29201749465659643,8.267098107599514,0.0,0.0,shrubland,2026-10-07T14:43:34+00:00
ZMB-D-1010,3511303,0,4,31.32238670124566,28.050683273176194,10.495470694724231,0.00045617322154494427,0.03206790389464416,0.08327425311669029,0.0,1.3193875464360147,28.696273454185015,0.0,0.0,tree_cover,2026-10-07T14:43:34+00:00
ZMB-D-1011,5787275,1,4,13.26913038994092,32.67873606997637,36.299437198869406,3.46541250784764e-05,0.0005014633373772079,0.07375289363457077,0.0,0.028778402123865458,17.64962892799241,0.0,0.0,tree_cover,2026-10-07T14:43:34+00:00
ZMB-D-1012,7714851,1,4,73.69740736274474,10.889230425927412,14.719851528875392,0.09115173393710868,0.03401528836453473,0.004787648520671354,0.0,0.0037742624400587815,0.5597817491900982,0.0,0.0,grassland,2026-10-07T14:43:34+00:00
ZMB-D-1013,2872375,0,4,51.10288211211855,11.53646834520963,30.904030454255544,6.024056231652319,0.0842246552052776,0.0008704164115196644,0.0,0.009400916706123471,0.338066868441032,0.0,0.0,tree_cover,2026-10-07T14:43:34+00:00
ZMB-D-0809,3748871,5,4,45.055548607792026,12.27923518863249,23.78712069928054,3.247494859159665,0.1734447015894223,0.0027224945267465815,0.0,13.430502244645478,2.023931204373625,0.0,0.0,shrubland,2026-10-07T14:43:34+00:00
ZMB-D-0409,2763076,1,4,0.4055917956219014,0.15124828279759947,9.197202772963827,0.10477085027274084,0.013725583504968903,0.00010870258336511605,0.0,3.5539734397837432,86.57337857247185,0.0,0.0,herbaceous_wetland,2026-10-07T14:43:34+00:00
ZMB-D-0911,4021758,11,4,38.00645990580342,28.542480788428875,18.406752640888957,14.639202871296048,0.04403738690861851,0.12261451837481421,0.0,0.2303310735357514,0.008120814763522978,0.0,0.0,tree_cover,2026-10-07T14:43:34+00:00
ZMB-D-0308,1951958,0,4,5.241916354444183,13.161669854490805,16.155176754567876,64.8408301185286,0.5269444867597356,0.03437422645048849,0.0,0.029866206213579643,0.009221998544731972,0.0,0.0,cropland,2026-10-07T14:43:34+00:00
ZMB-D-0110,7019496,0,4,24.70146796128175,18.714190278090967,31.127898484181845,24.454022097225224,0.2616156040689385,0.02238670030353291,0.0,0.19965005205737754,0.5187688227903766,0.0,0.0,shrubland,2026-10-07T14:43:34+00:00
ZMB-D-0507,1012355,0,4,17.387181729565523,26.631905354372897,30.796854617592786,22.099841710178744,2.5339234883842257,0.3183689380305589,0.0,0.047415685609218335,0.1845084762660523,0.0,0.0,cropland,2026-10-07T14:43:34+00:00
ZMB-D-0309,693211,1,4,34.02772014686289,20.929534737224834,14.897460030216084,29.66020933579417,0.4067341816626177,0.007933405638732448,0.0,0.06925425688820974,0.0011539057124547647,0.0,0.0,shrubland,2026-10-07T14:43:34+00:00
ZMB-D-1014,2952724,0,4,26.848926755353084,22.14011927091067,20.35478368570897,0.014020663521002515,0.04721737321447006,0.13898221622568613,0.0,0.3915440180715598,30.06440601699456,0.0,0.0,grassland,2026-10-07T14:43:34+00:00
ZMB-D-1015,4791348,0,4,14.32838991637789,13.247002926421128,55.32035310119228,0.0031956681556393023,0.022331012603674188,0.011179771667003775,0.0,0.9128072039968377,16.154740399585545,0.0,0.0,grassland,2026-10-07T14:43:34+00:00
ZMB-D-0111,8700283,0,4,59.68855011369889,21.924028468142343,12.360834699953351,5.657610065270135,0.08034144557150553,0.02453744954088121,0.0,0.07662549217043586,0.18747226565247405,0.0,0.0,tree_cover,2026-10-07T14:43:34+00:00
ZMB-D-0708,5293858,0,4,75.5694283217877,8.123338683346281,14.889220202800184,0.7724881459848494,0.05657635100857769,0.0007744881956849116,0.0,0.18223336167800833,0.40594044519872285,0.0,0.0,tree_cover,2026-10-07T14:43:34+00:00
ZMB-D-0709,5565544,4,4,84.73933719303827,3.4858729393684125,8.72032390057244,1.595479072315689,0.06159757045847775,0.001041756715904629,0.0,0.10641232828612716,1.289935239244673,0.0,0.0,tree_cover,2026-10-07T14:43:34+00:00
ZMB-D-0410,1807192,0,4,59.46437510071772,20.193331058244265,10.554387140675791,5.2816769157787435,0.3663770628047037,0.012499233950916852,0.0,1.4204822495528169,2.706871238275059,0.0,0.0,shrubland,2026-10-07T14:43:34+00:00
ZMB-D-0411,881860,0,4,59.24315517595017,8.147687247339974,4.917485662942574,4.013616864919675,0.3586172065691826,0.0011342195538872402,0.0,4.020685688469106,19.29761793425542,0.0,0.0,tree_cover,2026-10-07T14:43:34+00:00
ZMB-D-0912,1447502,0,4,35.83479098648171,28.762718562708674,19.981981308935495,15.121742425761255,0.18328793197675908,0.023428086178328544,0.0,0.08686643534812712,0.005184262609655082,0.0,0.0,tree_cover,2026-10-07T14:43:34+00:00
ZMB-D-0508,1238851,0,4,4.287902573526619,15.990284809928202,45.072138365302,15.082611402782476,0.22146584829605484,0.04534120077473905,0.0,0.6208330399158914,18.67942275947402,0.0,0.0,cropland,2026-10-07T14:43:34+00:00
