location_id,location_name,location_name_original,district,province,district_code,province_code,latitude,longitude,coordinate_source,coordinate_quality,spatial_unit,district_area_km2,approx_km_to_polygon_centroid,in_boundary_file,n_flood_records,n_flood_records_day_precision,in_weather_collection,created_utc
ZMB-D-0101,Itezhi-tezhi,Itezhi-tezhi,Itezhi-tezhi,Central,0101,01,-15.916576,26.248338,"DesInventar export regiones table (x,y) for district 0101",district_point_verified_inside_polygon,district (DesInventar level 1),16142.6,29.8,True,4,1,True,2026-10-06T12:43:03+00:00
ZMB-D-0102,Chibombo,Chibombo,Chibombo,Central,0102,01,-14.852076,27.76502,"DesInventar export regiones table (x,y) for district 0102",district_point_verified_inside_polygon,district (DesInventar level 1),8923.5,6.5,True,9,3,True,2026-10-06T12:43:03+00:00
ZMB-D-0103,Kabwe,Kabwe,Kabwe,Central,0103,01,-14.468776,28.372838,"DesInventar export regiones table (x,y) for district 0103",district_point_verified_inside_polygon,district (DesInventar level 1),1544.6,1.4,True,13,9,True,2026-10-06T12:43:03+00:00
ZMB-D-0104,Mumbwa,Mumbwa,Mumbwa,Central,0104,01,-14.956076,26.478555,"DesInventar export regiones table (x,y) for district 0104",district_point_verified_inside_polygon,district (DesInventar level 1),19934.9,7.4,True,3,2,True,2026-10-06T12:43:03+00:00
ZMB-D-0105,Ngabwe,Ngabwe,Ngabwe,Central,0105,01,-14.080505,27.420593,"DesInventar export regiones table (x,y) for district 0105",district_point_verified_inside_polygon,district (DesInventar level 1),6900.7,5.6,True,0,0,True,2026-10-06T12:43:03+00:00
ZMB-D-0106,Luano,Luano,Luano,Central,0106,01,-14.459017,29.604575,"DesInventar export regiones table (x,y) for district 0106",district_point_verified_inside_polygon,district (DesInventar level 1),9273.3,4.8,True,3,2,True,2026-10-06T12:43:03+00:00
ZMB-D-0107,Chitambo,Chitambo,Chitambo,Central,0107,01,-12.881426,30.632124,"DesInventar export regiones table (x,y) for district 0107",district_point_verified_inside_polygon,district (DesInventar level 1),12012.8,5.4,True,0,0,True,2026-10-06T12:43:03+00:00
ZMB-D-0108,Mkushi,Mkushi,Mkushi,Central,0108,01,-13.766746,29.4626,"DesInventar export regiones table (x,y) for district 0108",district_point_verified_inside_polygon,district (DesInventar level 1),8415.1,3.0,True,9,4,True,2026-10-06T12:43:03+00:00
ZMB-D-0109,Chisamba,Chisamba,Chisamba,Central,0109,01,-14.776176,28.528361,"DesInventar export regiones table (x,y) for district 0109",district_point_verified_inside_polygon,district (DesInventar level 1),5271.5,10.1,True,0,0,True,2026-10-06T12:43:03+00:00
ZMB-D-0110,Kapiri Mposhi,Kapiri Mposhi,Kapiri Mposhi,Central,0110,01,-14.198395,28.481995,"DesInventar export regiones table (x,y) for district 0110",district_point_verified_inside_polygon,district (DesInventar level 1),9315.9,12.7,True,6,2,True,2026-10-06T12:43:03+00:00
ZMB-D-0111,Serenje,Serenje,Serenje,Central,0111,01,-13.187476,30.423903,"DesInventar export regiones table (x,y) for district 0111",district_point_verified_inside_polygon,district (DesInventar level 1),11582.9,26.8,True,18,9,True,2026-10-06T12:43:03+00:00
ZMB-D-0201,Mpongwe,Mpongwe,Mpongwe,Copperbelt,0201,02,-13.559876,27.649688,"DesInventar export regiones table (x,y) for district 0201",district_point_verified_inside_polygon,district (DesInventar level 1),8905.8,10.6,True,0,0,True,2026-10-06T12:43:03+00:00
ZMB-D-0202,Kitwe,Kitwe,Kitwe,Copperbelt,0202,02,-12.803426,28.296438,"DesInventar export regiones table (x,y) for district 0202",district_point_verified_inside_polygon,district (DesInventar level 1),1197.5,3.4,True,8,6,True,2026-10-06T12:43:03+00:00
ZMB-D-0203,Kalulushi,Kalulushi,Kalulushi,Copperbelt,0203,02,-12.730926,27.943288,"DesInventar export regiones table (x,y) for district 0203",district_point_verified_inside_polygon,district (DesInventar level 1),1069.6,2.8,True,3,1,True,2026-10-06T12:43:03+00:00
ZMB-D-0204,Mufulira,Mufulira,Mufulira,Copperbelt,0204,02,-12.549126,28.268788,"DesInventar export regiones table (x,y) for district 0204",district_point_verified_inside_polygon,district (DesInventar level 1),746.2,2.1,True,0,0,True,2026-10-06T12:43:03+00:00
ZMB-D-0205,Lufwanyama,Lufwanyama,Lufwanyama,Copperbelt,0205,02,-12.932476,27.537588,"DesInventar export regiones table (x,y) for district 0205",district_point_verified_inside_polygon,district (DesInventar level 1),10840.2,6.4,True,4,2,True,2026-10-06T12:43:03+00:00
ZMB-D-0206,Chingola,Chingola,Chingola,Copperbelt,0206,02,-12.485226,27.711438,"DesInventar export regiones table (x,y) for district 0206",district_point_verified_inside_polygon,district (DesInventar level 1),1556.7,1.3,True,1,1,True,2026-10-06T12:43:03+00:00
ZMB-D-0207,Chililabombwe,Chililabombwe,Chililabombwe,Copperbelt,0207,02,-12.390426,27.901838,"DesInventar export regiones table (x,y) for district 0207",district_point_verified_inside_polygon,district (DesInventar level 1),880.9,1.0,True,1,1,True,2026-10-06T12:43:03+00:00
ZMB-D-0208,Masaiti,Masaiti,Masaiti,Copperbelt,0208,02,-13.349176,28.612038,"DesInventar export regiones table (x,y) for district 0208",district_point_verified_inside_polygon,district (DesInventar level 1),3682.4,6.0,True,1,0,True,2026-10-06T12:43:03+00:00
ZMB-D-0209,Luanshya,Luanshya,Luanshya,Copperbelt,0209,02,-13.075413,28.394332,"DesInventar export regiones table (x,y) for district 0209",district_point_verified_inside_polygon,district (DesInventar level 1),792.8,0.8,True,6,3,True,2026-10-06T12:43:03+00:00
ZMB-D-0210,Ndola,Ndola,Ndola,Copperbelt,0210,02,-12.963666,28.542282,"DesInventar export regiones table (x,y) for district 0210",district_point_verified_inside_polygon,district (DesInventar level 1),1087.7,1.9,True,4,3,True,2026-10-06T12:43:03+00:00
ZMB-D-0301,Chadiza,Chadiza,Chadiza,Eastern,0301,03,-14.103876,32.462785,"DesInventar export regiones table (x,y) for district 0301",district_point_verified_inside_polygon,district (DesInventar level 1),1506.4,2.0,True,7,6,True,2026-10-06T12:43:03+00:00
ZMB-D-0302,Nyimba,Nyimba,Nyimba,Eastern,0302,03,-14.386676,30.602588,"DesInventar export regiones table (x,y) for district 0302",district_point_verified_inside_polygon,district (DesInventar level 1),10232.7,2.5,True,2,1,True,2026-10-06T12:43:03+00:00
ZMB-D-0303,Katete,Katete,Katete,Eastern,0303,03,-14.044508,32.060294,"DesInventar export regiones table (x,y) for district 0303",district_point_verified_inside_polygon,district (DesInventar level 1),2447.0,1.5,True,3,2,True,2026-10-06T12:43:03+00:00
ZMB-D-0304,Petauke,Petauke,Petauke,Eastern,0304,03,-14.085426,31.374788,"DesInventar export regiones table (x,y) for district 0304",district_point_verified_inside_polygon,district (DesInventar level 1),7349.8,3.7,True,7,5,True,2026-10-06T12:43:03+00:00
ZMB-D-0305,Chipata,Chipata,Chipata,Eastern,0305,03,-13.513476,32.495938,"DesInventar export regiones table (x,y) for district 0305",district_point_verified_inside_polygon,district (DesInventar level 1),6397.5,5.5,True,16,13,True,2026-10-06T12:43:03+00:00
ZMB-D-0306,Mambwe,Mambwe,Mambwe,Eastern,0306,03,-13.347326,32.004938,"DesInventar export regiones table (x,y) for district 0306",district_point_verified_inside_polygon,district (DesInventar level 1),5913.6,1.9,True,3,1,True,2026-10-06T12:43:03+00:00
ZMB-D-0307,Lundazi,Lundazi,Lundazi,Eastern,0307,03,-12.439176,32.748888,"DesInventar export regiones table (x,y) for district 0307",district_point_verified_inside_polygon,district (DesInventar level 1),13632.6,7.3,True,12,1,True,2026-10-06T12:43:03+00:00
ZMB-D-0308,Sinda,Sinda,Sinda,Eastern,0308,03,-14.247559,31.77771,"DesInventar export regiones table (x,y) for district 0308",district_point_verified_inside_polygon,district (DesInventar level 1),2589.5,6.7,True,5,4,True,2026-10-06T12:43:03+00:00
ZMB-D-0309,Vubwi,Vubwi,Vubwi,Eastern,0309,03,-13.990699,32.950444,"DesInventar export regiones table (x,y) for district 0309",district_point_verified_inside_polygon,district (DesInventar level 1),920.6,6.7,True,0,0,True,2026-10-06T12:43:03+00:00
ZMB-D-0401,Milengi,Milengi,Milengi,Luapula,0401,04,-11.926076,29.169338,"DesInventar export regiones table (x,y) for district 0401",district_point_verified_inside_polygon,district (DesInventar level 1),6187.2,2.0,True,3,3,True,2026-10-06T12:43:03+00:00
ZMB-D-0402,Samfya,Samfya,Samfya,Luapula,0402,04,-11.464876,29.635188,"DesInventar export regiones table (x,y) for district 0402",district_point_verified_inside_polygon,district (DesInventar level 1),6261.2,5.3,True,4,3,True,2026-10-06T12:43:03+00:00
ZMB-D-0403,Mansa,Mansa,Mansa,Luapula,0403,04,-11.124273,29.002228,"DesInventar export regiones table (x,y) for district 0403",district_point_verified_inside_polygon,district (DesInventar level 1),7562.2,10.6,True,7,3,True,2026-10-06T12:43:03+00:00
ZMB-D-0404,Chipili,Chipili,Chipili,Luapula,0404,04,-10.478088,29.186584,"DesInventar export regiones table (x,y) for district 0404",district_point_verified_inside_polygon,district (DesInventar level 1),4197.0,6.9,True,2,0,True,2026-10-06T12:43:03+00:00
ZMB-D-0405,Kawambwa,Kawambwa,Kawambwa,Luapula,0405,04,-9.757996,29.410675,"DesInventar export regiones table (x,y) for district 0405",district_point_verified_inside_polygon,district (DesInventar level 1),7989.0,8.1,True,10,10,True,2026-10-06T12:43:03+00:00
ZMB-D-0406,Nchelenge,Nchelenge,Nchelenge,Luapula,0406,04,-9.401676,28.850488,"DesInventar export regiones table (x,y) for district 0406",district_point_verified_inside_polygon,district (DesInventar level 1),4218.5,9.6,True,18,16,True,2026-10-06T12:43:03+00:00
ZMB-D-0407,Chiengi,Chiengi,Chiengi,Luapula,0407,04,-8.767226,29.120838,"DesInventar export regiones table (x,y) for district 0407",district_point_verified_inside_polygon,district (DesInventar level 1),3889.6,4.2,True,1,0,True,2026-10-06T12:43:03+00:00
ZMB-D-0408,Chembe,Chembe,Chembe,Luapula,0408,04,-11.742361,28.696488,"DesInventar export regiones table (x,y) for district 0408",district_point_verified_inside_polygon,district (DesInventar level 1),2150.7,0.4,True,0,0,True,2026-10-06T12:43:03+00:00
ZMB-D-0409,Lunga,Lunga,Lunga,Luapula,0409,04,-11.56073,30.113752,"DesInventar export regiones table (x,y) for district 0409",district_point_verified_inside_polygon,district (DesInventar level 1),3704.3,3.3,True,5,2,True,2026-10-06T12:43:03+00:00
ZMB-D-0410,Mwense,Mwense,Mwense,Luapula,0410,04,-10.535889,28.737976,"DesInventar export regiones table (x,y) for district 0410",district_point_verified_inside_polygon,district (DesInventar level 1),2431.3,4.3,True,2,2,True,2026-10-06T12:43:03+00:00
ZMB-D-0411,Mwansabombwe,Mwansabombwe,Mwansabombwe,Luapula,0411,04,-9.926239,28.774506,"DesInventar export regiones table (x,y) for district 0411",district_point_verified_inside_polygon,district (DesInventar level 1),1188.5,1.4,True,0,0,True,2026-10-06T12:43:03+00:00
ZMB-D-0501,Lusaka,Lusaka,Lusaka,Lusaka,0501,05,-15.449526,28.350638,"DesInventar export regiones table (x,y) for district 0501",district_point_verified_inside_polygon,district (DesInventar level 1),431.4,3.3,True,29,26,True,2026-10-06T12:43:03+00:00
ZMB-D-0502,Kafue,Kafue,Kafue,Lusaka,0502,05,-15.722826,28.562738,"DesInventar export regiones table (x,y) for district 0502",district_point_verified_inside_polygon,district (DesInventar level 1),4639.6,8.2,True,3,3,True,2026-10-06T12:43:03+00:00
ZMB-D-0503,Luangwa,Luangwa,Luangwa,Lusaka,0503,05,-15.360426,29.866188,"DesInventar export regiones table (x,y) for district 0503",district_point_verified_inside_polygon,district (DesInventar level 1),3774.4,17.6,True,3,3,True,2026-10-06T12:43:03+00:00
ZMB-D-0504,Rufunsa,Rufunsa,Rufunsa,Lusaka,0504,05,-15.164226,29.510298,"DesInventar export regiones table (x,y) for district 0504",district_point_verified_inside_polygon,district (DesInventar level 1),9561.8,1.0,True,2,1,True,2026-10-06T12:43:03+00:00
ZMB-D-0505,Chirundu,Chirundu,Chirundu,Lusaka,0505,05,-16.170319,28.716217,"DesInventar export regiones table (x,y) for district 0505",district_point_verified_inside_polygon,district (DesInventar level 1),1774.1,2.2,True,2,2,True,2026-10-06T12:43:03+00:00
ZMB-D-0506,Chongwe,Chongwe,Chongwe,Lusaka,0506,05,-15.401326,28.637242,"DesInventar export regiones table (x,y) for district 0506",district_point_verified_inside_polygon,district (DesInventar level 1),2260.3,3.4,True,6,2,True,2026-10-06T12:43:03+00:00
ZMB-D-0507,Chilanga,Chilanga,Chilanga,Lusaka,0507,05,-15.471305,28.081196,"DesInventar export regiones table (x,y) for district 0507",district_point_verified_inside_polygon,district (DesInventar level 1),1335.7,1.5,True,2,1,True,2026-10-06T12:43:03+00:00
ZMB-D-0508,Shibuyunji,Shibuyunji,Shibuyunji,Lusaka,0508,05,-15.348275,27.719824,"DesInventar export regiones table (x,y) for district 0508",district_point_verified_inside_polygon,district (DesInventar level 1),1635.1,5.7,True,5,2,True,2026-10-06T12:43:03+00:00
ZMB-D-0601,Mpika,Mpika,Mpika,Muchinga,0601,06,-12.164376,31.187988,"DesInventar export regiones table (x,y) for district 0601",district_point_verified_inside_polygon,district (DesInventar level 1),40073.1,16.4,True,5,4,True,2026-10-06T12:43:03+00:00
ZMB-D-0602,Chama,Chama,Chama,Muchinga,0602,06,-11.254326,32.963838,"DesInventar export regiones table (x,y) for district 0602",district_point_verified_inside_polygon,district (DesInventar level 1),17649.1,18.9,True,2,2,True,2026-10-06T12:43:03+00:00
ZMB-D-0603,Shiwang'andu,Shiwang&#39;andu,Shiwang'andu,Muchinga,0603,06,-11.0811,31.745338,"DesInventar export regiones table (x,y) for district 0603",district_point_verified_inside_polygon,district (DesInventar level 1),9137.2,7.9,True,3,3,True,2026-10-06T12:43:03+00:00
ZMB-D-0604,Isoka,Isoka,Isoka,Muchinga,0604,06,-10.019196,32.914886,"DesInventar export regiones table (x,y) for district 0604",district_point_verified_inside_polygon,district (DesInventar level 1),5283.3,8.3,True,0,0,True,2026-10-06T12:43:03+00:00
ZMB-D-0605,Nakonde,Nakonde,Nakonde,Muchinga,0605,06,-9.445726,32.598688,"DesInventar export regiones table (x,y) for district 0605",district_point_verified_inside_polygon,district (DesInventar level 1),4344.4,4.4,True,4,3,True,2026-10-06T12:43:03+00:00
ZMB-D-0606,Mafinga,Mafinga,Mafinga,Muchinga,0606,06,-10.330505,33.34491,"DesInventar export regiones table (x,y) for district 0606",district_point_verified_inside_polygon,district (DesInventar level 1),4077.7,3.4,True,0,0,True,2026-10-06T12:43:03+00:00
ZMB-D-0607,Chinsali,Chinsali,Chinsali,Muchinga,0607,06,-10.294685,32.143229,"DesInventar export regiones table (x,y) for district 0607",district_point_verified_inside_polygon,district (DesInventar level 1),6265.4,7.3,True,2,1,True,2026-10-06T12:43:03+00:00
ZMB-D-0701,Zambezi,Zambezi,Zambezi,North-Western,0701,07,-13.595245,22.855408,"DesInventar export regiones table (x,y) for district 0701",district_point_verified_inside_polygon,district (DesInventar level 1),14294.7,20.6,True,5,3,True,2026-10-06T12:43:03+00:00
ZMB-D-0702,Chavuma,Chavuma,Chavuma,North-Western,0702,07,-13.307648,22.542511,"DesInventar export regiones table (x,y) for district 0702",district_point_verified_inside_polygon,district (DesInventar level 1),4583.4,18.8,True,2,1,True,2026-10-06T12:43:03+00:00
ZMB-D-0703,Mufumbwe,Mufumbwe,Mufumbwe,North-Western,0703,07,-13.760681,25.280975,"DesInventar export regiones table (x,y) for district 0703",district_point_verified_inside_polygon,district (DesInventar level 1),19003.3,9.1,True,2,1,True,2026-10-06T12:43:03+00:00
ZMB-D-0704,Kasempa,Kasempa,Kasempa,North-Western,0704,07,-13.792476,26.057638,"DesInventar export regiones table (x,y) for district 0704",district_point_verified_inside_polygon,district (DesInventar level 1),21793.4,21.6,True,0,0,True,2026-10-06T12:43:03+00:00
ZMB-D-0705,Solwezi,Solwezi,Solwezi,North-Western,0705,07,-12.506326,26.283288,"DesInventar export regiones table (x,y) for district 0705",district_point_verified_inside_polygon,district (DesInventar level 1),30445.0,13.7,True,8,6,True,2026-10-06T12:43:03+00:00
ZMB-D-0706,Mwinilunga,Mwinilunga,Mwinilunga,North-Western,0706,07,-12.000876,24.729738,"DesInventar export regiones table (x,y) for district 0706",district_point_verified_inside_polygon,district (DesInventar level 1),20864.5,15.3,True,11,11,True,2026-10-06T12:43:03+00:00
ZMB-D-0707,Ikelenge,Ikelenge,Ikelenge,North-Western,0707,07,-11.249882,24.314234,"DesInventar export regiones table (x,y) for district 0707",district_point_verified_inside_polygon,district (DesInventar level 1),2195.3,7.5,True,0,0,True,2026-10-06T12:43:03+00:00
ZMB-D-0708,Kabompo,Kabompo,Kabompo,North-Western,0708,07,-13.518799,23.989197,"DesInventar export regiones table (x,y) for district 0708",district_point_verified_inside_polygon,district (DesInventar level 1),7044.0,4.0,True,5,5,True,2026-10-06T12:43:03+00:00
ZMB-D-0709,Manyinga,Manyinga,Manyinga,North-Western,0709,07,-13.082276,24.319575,"DesInventar export regiones table (x,y) for district 0709",district_point_verified_inside_polygon,district (DesInventar level 1),7421.5,9.0,True,3,3,True,2026-10-06T12:43:03+00:00
ZMB-D-0801,Chilubi,Chilubi,Chilubi,Northern,0801,08,-11.073226,30.269738,"DesInventar export regiones table (x,y) for district 0801",district_point_verified_inside_polygon,district (DesInventar level 1),5159.3,0.9,True,1,1,True,2026-10-06T12:43:03+00:00
ZMB-D-0802,Luwingu,Luwingu,Luwingu,Northern,0802,08,-10.583776,29.936738,"DesInventar export regiones table (x,y) for district 0802",district_point_verified_inside_polygon,district (DesInventar level 1),8936.6,2.6,True,4,4,True,2026-10-06T12:43:03+00:00
ZMB-D-0803,Kasama,Kasama,Kasama,Northern,0803,08,-10.527026,30.914638,"DesInventar export regiones table (x,y) for district 0803",district_point_verified_inside_polygon,district (DesInventar level 1),10611.3,14.8,True,11,5,True,2026-10-06T12:43:03+00:00
ZMB-D-0804,Mungwi,Mungwi,Mungwi,Northern,0804,08,-9.985626,31.744488,"DesInventar export regiones table (x,y) for district 0804",district_point_verified_inside_polygon,district (DesInventar level 1),9712.4,10.8,True,1,1,True,2026-10-06T12:43:03+00:00
ZMB-D-0805,Mporokoso,Mporokoso,Mporokoso,Northern,0805,08,-9.765776,30.238688,"DesInventar export regiones table (x,y) for district 0805",district_point_verified_inside_polygon,district (DesInventar level 1),12010.4,9.5,True,4,2,True,2026-10-06T12:43:03+00:00
ZMB-D-0806,Mbala,Mbala,Mbala,Northern,0806,08,-9.117976,31.627038,"DesInventar export regiones table (x,y) for district 0806",district_point_verified_inside_polygon,district (DesInventar level 1),7640.4,7.7,True,0,0,True,2026-10-06T12:43:03+00:00
ZMB-D-0807,Mpulungu,Mpulungu,Mpulungu,Northern,0807,08,-8.977126,30.821388,"DesInventar export regiones table (x,y) for district 0807",district_point_verified_inside_polygon,district (DesInventar level 1),11083.1,0.3,True,3,1,True,2026-10-06T12:43:03+00:00
ZMB-D-0808,Nsama,Nsama,Nsama,Northern,0808,08,-8.809626,30.117777,"DesInventar export regiones table (x,y) for district 0808",district_point_verified_inside_polygon,district (DesInventar level 1),7405.3,2.3,True,5,5,True,2026-10-06T12:43:03+00:00
ZMB-D-0809,Kaputa,Kaputa,Kaputa,Northern,0809,08,-8.811976,29.463595,Representative point of district polygon in DesInventar export districts.shp,district_polygon_representative_point,district (DesInventar level 1),5068.3,14.5,True,4,3,True,2026-10-06T12:43:03+00:00
ZMB-D-0901,Livingstone,Livingstone,Livingstone,Southern,0901,09,-17.795726,25.856488,"DesInventar export regiones table (x,y) for district 0901",district_point_verified_inside_polygon,district (DesInventar level 1),841.2,3.1,True,4,1,True,2026-10-06T12:43:03+00:00
ZMB-D-0902,Sinazongwe,Sinazongwe,Sinazongwe,Southern,0902,09,-17.434226,27.271088,"DesInventar export regiones table (x,y) for district 0902",district_point_verified_inside_polygon,district (DesInventar level 1),5070.8,5.6,True,3,2,True,2026-10-06T12:43:03+00:00
ZMB-D-0903,Gwembe,Gwembe,Gwembe,Southern,0903,09,-16.661376,27.931288,"DesInventar export regiones table (x,y) for district 0903",district_point_verified_inside_polygon,district (DesInventar level 1),3855.9,1.3,True,3,2,True,2026-10-06T12:43:03+00:00
ZMB-D-0904,Kalomo,Kalomo,Kalomo,Southern,0904,09,-16.835571,26.494514,"DesInventar export regiones table (x,y) for district 0904",district_point_verified_inside_polygon,district (DesInventar level 1),8081.0,3.2,True,2,0,True,2026-10-06T12:43:03+00:00
ZMB-D-0905,Choma,Choma,Choma,Southern,0905,09,-16.860526,27.014282,"DesInventar export regiones table (x,y) for district 0905",district_point_verified_inside_polygon,district (DesInventar level 1),5154.4,11.4,True,2,2,True,2026-10-06T12:43:03+00:00
ZMB-D-0906,Kazungula,Kazungula,Kazungula,Southern,0906,09,-17.048876,25.680088,"DesInventar export regiones table (x,y) for district 0906",district_point_verified_inside_polygon,district (DesInventar level 1),18286.4,7.7,True,8,6,True,2026-10-06T12:43:03+00:00
ZMB-D-0907,Siavonga,Siavonga,Siavonga,Southern,0907,09,-16.368988,28.492676,"DesInventar export regiones table (x,y) for district 0907",district_point_verified_inside_polygon,district (DesInventar level 1),2049.9,7.4,True,1,1,True,2026-10-06T12:43:03+00:00
ZMB-D-0908,Monze,Monze,Monze,Southern,0908,09,-16.131726,27.578138,"DesInventar export regiones table (x,y) for district 0908",district_point_verified_inside_polygon,district (DesInventar level 1),4900.5,18.5,True,4,3,True,2026-10-06T12:43:03+00:00
ZMB-D-0909,Namwala,Namwala,Namwala,Southern,0909,09,-15.962926,26.768938,"DesInventar export regiones table (x,y) for district 0909",district_point_verified_inside_polygon,district (DesInventar level 1),5407.8,2.4,True,5,0,True,2026-10-06T12:43:03+00:00
ZMB-D-0910,Mazabuka,Mazabuka,Mazabuka,Southern,0910,09,-15.901184,27.738495,"DesInventar export regiones table (x,y) for district 0910",district_point_verified_inside_polygon,district (DesInventar level 1),3825.7,3.3,True,3,2,True,2026-10-06T12:43:03+00:00
ZMB-D-0911,Zimba,Zimba,Zimba,Southern,0911,09,-17.674826,26.617369,Representative point of district polygon in DesInventar export districts.shp,district_polygon_representative_point,district (DesInventar level 1),5248.8,7.0,True,1,1,True,2026-10-06T12:43:03+00:00
ZMB-D-0912,Pemba,Pemba,Pemba,Southern,0912,09,-16.767459,27.390264,"DesInventar export regiones table (x,y) for district 0912",district_point_verified_inside_polygon,district (DesInventar level 1),1898.3,7.9,True,0,0,True,2026-10-06T12:43:03+00:00
ZMB-D-1001,Shangombo,Shangombo,Shangombo,Western,1001,10,-16.494876,22.523645,Representative point of district polygon in DesInventar export districts.shp,district_polygon_representative_point,district (DesInventar level 1),8284.7,17.6,True,6,0,True,2026-10-06T12:43:03+00:00
ZMB-D-1002,Senanga,Senanga,Senanga,Western,1002,10,-16.023346,23.901306,"DesInventar export regiones table (x,y) for district 1002",district_point_verified_inside_polygon,district (DesInventar level 1),11019.1,12.1,True,8,3,True,2026-10-06T12:43:03+00:00
ZMB-D-1003,Mongu,Mongu,Mongu,Western,1003,10,-15.443848,23.466003,"DesInventar export regiones table (x,y) for district 1003",district_point_verified_inside_polygon,district (DesInventar level 1),6056.7,12.6,True,12,7,True,2026-10-06T12:43:03+00:00
ZMB-D-1004,Kalabo,Kalabo,Kalabo,Western,1004,10,-14.853536,22.770307,Representative point of district polygon in DesInventar export districts.shp,district_polygon_representative_point,district (DesInventar level 1),9845.3,25.7,True,20,6,True,2026-10-06T12:43:03+00:00
ZMB-D-1005,Kaoma,Kaoma,Kaoma,Western,1005,10,-14.515042,24.401988,"DesInventar export regiones table (x,y) for district 1005",district_point_verified_inside_polygon,district (DesInventar level 1),9141.9,8.9,True,5,5,True,2026-10-06T12:43:03+00:00
ZMB-D-1006,Lukulu,Lukulu,Lukulu,Western,1006,10,-14.363251,23.816778,"DesInventar export regiones table (x,y) for district 1006",district_point_verified_inside_polygon,district (DesInventar level 1),9336.3,5.8,True,6,3,True,2026-10-06T12:43:03+00:00
ZMB-D-1007,Sesheke,Sesheke,Sesheke,Western,1007,10,-16.935004,23.806565,"DesInventar export regiones table (x,y) for district 1007",district_point_verified_inside_polygon,district (DesInventar level 1),11079.7,17.0,True,2,1,True,2026-10-06T12:43:03+00:00
ZMB-D-1008,Mwandi,Mwandi,Mwandi,Western,1008,10,-17.096554,24.667916,"DesInventar export regiones table (x,y) for district 1008",district_point_verified_inside_polygon,district (DesInventar level 1),6459.1,2.0,True,3,1,True,2026-10-06T12:43:03+00:00
ZMB-D-1009,Sioma,Sioma,Sioma,Western,1009,10,-16.832642,23.151093,"DesInventar export regiones table (x,y) for district 1009",district_point_verified_inside_polygon,district (DesInventar level 1),7957.1,6.0,True,0,0,True,2026-10-06T12:43:03+00:00
ZMB-D-1010,Nalolo,Nalolo,Nalolo,Western,1010,10,-15.833836,22.9499,"DesInventar export regiones table (x,y) for district 1010",district_point_verified_inside_polygon,district (DesInventar level 1),4626.2,8.2,True,0,0,True,2026-10-06T12:43:03+00:00
ZMB-D-1011,Sikongo,Sikongo,Sikongo,Western,1011,10,-15.329537,22.289863,"DesInventar export regiones table (x,y) for district 1011",district_point_verified_inside_polygon,district (DesInventar level 1),7641.4,10.7,True,0,0,True,2026-10-06T12:43:03+00:00
ZMB-D-1012,Luampa,Luampa,Luampa,Western,1012,10,-15.431198,24.666517,"DesInventar export regiones table (x,y) for district 1012",district_point_verified_inside_polygon,district (DesInventar level 1),10184.2,14.6,True,0,0,True,2026-10-06T12:43:03+00:00
ZMB-D-1013,Nkeyema,Nkeyema,Nkeyema,Western,1013,10,-14.863845,25.182228,"DesInventar export regiones table (x,y) for district 1013",district_point_verified_inside_polygon,district (DesInventar level 1),3800.2,1.0,True,0,0,True,2026-10-06T12:43:03+00:00
ZMB-D-1014,Limulunga,Limulunga,Limulunga,Western,1014,10,-14.95639,23.416595,"DesInventar export regiones table (x,y) for district 1014",district_point_verified_inside_polygon,district (DesInventar level 1),3904.7,4.3,True,3,0,True,2026-10-06T12:43:03+00:00
ZMB-D-1015,Mitete,Mitete,Mitete,Western,1015,10,-14.278198,22.956115,Representative point of district polygon in DesInventar export districts.shp,district_polygon_representative_point,district (DesInventar level 1),6358.8,31.1,True,2,1,True,2026-10-06T12:43:03+00:00
