year,days_expected,days_present,missing_days,duplicate_days,grid_matches_first_file,missing_pixels,negative_pixels,pixel_days_gt_150mm,max_mm,zambia_window_mean_annual_total_mm
1999,262,262,0,0,True,0,0,0,90.91416931152344,325.4692077636719
2000,366,366,0,0,True,0,0,0,123.60356140136719,1132.855224609375
2001,365,365,0,0,True,0,0,0,116.5174560546875,1144.2513427734375
2002,365,365,0,0,True,0,0,0,107.83342742919922,968.6847534179688
2003,365,365,0,0,True,0,0,0,137.9809112548828,1004.591064453125
2004,366,366,0,0,True,0,0,8,192.5159149169922,1151.2926025390625
2005,365,365,0,0,True,0,0,0,99.34683990478516,921.3090209960938
2006,365,365,0,0,True,0,0,0,130.23509216308594,1189.9520263671875
2007,365,365,0,0,True,0,0,0,143.34744262695312,1180.4779052734375
2008,366,366,0,0,True,0,0,0,120.24686431884766,1094.65673828125
2009,365,365,0,0,True,0,0,97,401.96209716796875,1216.563232421875
2010,365,365,0,0,True,0,0,0,139.51370239257812,1162.2825927734375
2011,365,365,0,0,True,0,0,16,193.52874755859375,1040.3455810546875
2012,366,366,0,0,True,0,0,0,132.46563720703125,1082.3538818359375
2013,365,365,0,0,True,0,0,0,137.99302673339844,997.5699462890625
2014,365,365,0,0,True,0,0,3,166.38172912597656,1079.1680908203125
2015,365,365,0,0,True,0,0,0,142.1963653564453,994.23291015625
2016,366,366,0,0,True,0,0,10,188.0259246826172,1002.8121948242188
2017,365,365,0,0,True,0,0,126,208.72238159179688,1219.0712890625
2018,365,365,0,0,True,0,0,93,267.912109375,1139.6002197265625
2019,365,365,0,0,True,0,0,17,222.53228759765625,1050.190185546875
2020,366,366,0,0,True,0,0,3,173.3796844482422,1065.4739990234375
2021,365,365,0,0,True,0,0,31,210.6514434814453,959.7625122070312
2022,365,365,0,0,True,0,0,175,336.34637451171875,1084.782958984375
2023,365,365,0,0,True,0,0,4,162.0071563720703,1044.288818359375
2024,366,366,0,0,True,0,0,2,182.36343383789062,780.557861328125
2025,365,365,0,0,True,0,0,4,164.39332580566406,1097.054443359375
2026,30,30,0,0,True,0,0,0,129.18658447265625,223.46775817871094
