location_id,daily_r,monthly_r,power_mean_annual_mm,chirps_mean_annual_mm,wet_day_agreement,chirps_minus_power_pct,district,province
ZMB-D-0101,0.5822707861471502,0.9293265547025663,761.8934408519767,841.5200771946749,0.8922259679231791,10.451151312400953,Itezhi-tezhi,Central
ZMB-D-0102,0.5576319553642396,0.9232821856437222,891.2245517928286,933.9847215536798,0.8866074164878945,4.79791200487385,Chibombo,Central
ZMB-D-0103,0.5643415108139952,0.9212572406088101,947.2631328532026,951.5186019532775,0.8950863213811421,0.449238332252766,Kabwe,Central
ZMB-D-0104,0.5323087448499864,0.9135472355104126,872.2426708550414,970.0748572290954,0.8971294309939728,11.216166055961363,Mumbwa,Central
ZMB-D-0105,0.555301334437234,0.9312954107815465,962.8995939319645,997.7308693890568,0.9023393605066912,3.617332033017062,Ngabwe,Central
ZMB-D-0106,0.5499559806381736,0.8862556479686275,978.1039787005823,995.649007293831,0.8970272755133313,1.7937794933170048,Luano,Central
ZMB-D-0107,0.47704337256837953,0.8393859099446755,1218.2387833282255,1033.904614237521,0.8820104198590254,-15.1312018311471,Chitambo,Central
ZMB-D-0108,0.5379113012733012,0.8881881413773917,1070.535101133926,1015.7578523540227,0.9010113392583512,-5.116810156143636,Mkushi,Central
ZMB-D-0109,0.5841916559007748,0.9244608351003457,894.4845265093471,892.0498058335182,0.8856880171621208,-0.27219259849359245,Chisamba,Central
ZMB-D-0110,0.5023312116097287,0.9006039193735296,981.9773674532638,1012.5568358664524,0.9014199611809174,3.114070591310658,Kapiri Mposhi,Central
ZMB-D-0111,0.49352336796094437,0.8514909761213828,1218.2387833282255,1057.4202646272522,0.8879354377362345,-13.200902885526055,Serenje,Central
ZMB-D-0201,0.5394475624225827,0.923888786547756,991.2099203187252,1158.0438273978718,0.9002962508938605,16.831339523468557,Mpongwe,Copperbelt
ZMB-D-0202,0.5425390430237907,0.9170623013880417,1045.6873551946062,1349.5152294535485,0.8980488303197467,29.055326407996862,Kitwe,Copperbelt
ZMB-D-0203,0.532291484147646,0.9218007714833801,1148.8815806006742,1308.1603277953325,0.9037695372356727,13.863808932456024,Kalulushi,Copperbelt
ZMB-D-0204,0.5365017951632253,0.925459711879897,1148.8815806006742,1285.516511115302,0.910307487996731,11.892864575580564,Mufulira,Copperbelt
ZMB-D-0205,0.5276972651712095,0.9149782587985705,1048.9764334967822,1294.1575777378578,0.9013178057002759,23.373370116977732,Lufwanyama,Copperbelt
ZMB-D-0206,0.5122653105035384,0.9176535702141241,1198.0226118602513,1292.6866171197378,0.9037695372356727,7.901687691227721,Chingola,Copperbelt
ZMB-D-0207,0.5279921297009688,0.9211313067789497,1148.8815806006742,1249.4755049854239,0.9084686893451833,8.755813138909918,Chililabombwe,Copperbelt
ZMB-D-0208,0.511291762692663,0.8863877141284885,1074.2793893656144,1267.862035426242,0.8963121871488405,18.019767294888013,Masaiti,Copperbelt
ZMB-D-0209,0.5547384731738054,0.9192504613500577,1045.6873551946062,1289.3300407826505,0.9058126468485034,23.29976396651574,Luanshya,Copperbelt
ZMB-D-0210,0.5039933908946556,0.8986784594521767,1065.5591342323016,1259.5881526622713,0.8981509858003882,18.209127226877087,Ndola,Copperbelt
ZMB-D-0301,0.534765710093058,0.8864672914009124,1016.6404842169783,1076.5126372145303,0.8864031055266115,5.889215895594191,Chadiza,Eastern
ZMB-D-0302,0.5191444463652625,0.9063104092349188,825.568355041373,948.9862395330275,0.897538052916539,14.949444675052925,Nyimba,Eastern
ZMB-D-0303,0.5491680002020491,0.8985886349284586,901.3611814281336,1090.471362923597,0.8924302788844621,20.980510964077006,Katete,Eastern
ZMB-D-0304,0.5684568983013569,0.9067622407440044,872.1695387680049,995.0914540206894,0.8995811625293697,14.093809722627949,Petauke,Eastern
ZMB-D-0305,0.5488943676976564,0.878739537164295,977.3185550107262,1155.781743089814,0.8895699254264992,18.260493179435144,Chipata,Eastern
ZMB-D-0306,0.5116762849430203,0.8660406544869711,901.303720502605,973.19347042189,0.889365614465216,7.976195846522893,Mambwe,Eastern
ZMB-D-0307,0.4216585907287387,0.8459276137906382,1014.9830723260803,900.1076448712442,0.8843599959137808,-11.317964859411022,Lundazi,Eastern
ZMB-D-0308,0.5527407225094861,0.9061490522971805,901.3611814281336,980.2032591807214,0.8917151905199714,8.747001687788348,Sinda,Eastern
ZMB-D-0309,0.4840297521822351,0.8708710117009334,1047.257083205639,1093.209899878282,0.8772091122688732,4.3879213050516785,Vubwi,Eastern
ZMB-D-0401,0.5089365543318173,0.905661109253025,1103.3781244253753,1243.6037475074072,0.8981509858003882,12.708755047600718,Milengi,Luapula
ZMB-D-0402,0.5045829614382042,0.8698201621980525,1077.1826585963838,1407.7466430038705,0.8951884768617836,30.68783012513645,Samfya,Luapula
ZMB-D-0403,0.44765276383484676,0.8843069508099911,1052.5919943303709,1178.13938689093,0.8932475227295944,11.927450829647324,Mansa,Luapula
ZMB-D-0404,0.44471295069069905,0.8609607783589263,1136.619269843702,1298.8884340019113,0.8936561446521606,14.276474846368114,Chipili,Luapula
ZMB-D-0405,0.4386421523950359,0.8439952974727907,1171.6443158136685,1169.9493221969603,0.884768617836347,-0.14466793324824367,Kawambwa,Luapula
ZMB-D-0406,0.45545831159265077,0.8574217888853103,1061.8741725406067,1186.5136055723299,0.8758810910205332,11.737683828726597,Nchelenge,Luapula
ZMB-D-0407,0.4766228738533969,0.879624802272066,1038.5386936867912,1269.0149002050487,0.8628051894984166,22.192356232782394,Chiengi,Luapula
ZMB-D-0408,0.4977434202677431,0.9122266434416383,1088.0815783021758,1261.435690618758,0.8917151905199714,15.932087793185602,Chembe,Luapula
ZMB-D-0409,0.5264021708984454,0.8874068799806342,1046.282113086117,1321.3899824555535,0.8999897844519359,26.29385190940303,Lunga,Luapula
ZMB-D-0410,0.4308535051383354,0.879238332993334,1164.7083343548882,1291.7378713162088,0.886505261007253,10.90655344470255,Mwense,Luapula
ZMB-D-0411,0.42895943870072123,0.8481847073156509,1167.2007952804167,1223.7813669805782,0.876596179385024,4.847543964067302,Mwansabombwe,Luapula
ZMB-D-0501,0.5583898164656143,0.9056365842079647,793.2727030340177,850.3901495322418,0.8967208090714067,7.2002284056627675,Lusaka,Lusaka
ZMB-D-0502,0.5711308347591619,0.9223513359833804,787.3452727551332,828.0481065478872,0.8874246603330269,5.1696295388075075,Kafue,Lusaka
ZMB-D-0503,0.5779176762639178,0.925141722835584,719.5466043518234,795.1238590860829,0.8879354377362345,10.503455130934913,Luangwa,Lusaka
ZMB-D-0504,0.5671229100789724,0.9078009610497937,886.072470885688,908.615592539643,0.8783328225559301,2.5441622886017035,Rufunsa,Lusaka
ZMB-D-0505,0.52228920027343,0.9007577023303112,672.3185741648789,706.8413620864743,0.8864031055266115,5.134885342782325,Chirundu,Lusaka
ZMB-D-0506,0.5802155774116657,0.9179217122618978,787.3452727551332,860.2996739160943,0.8902850137909899,9.265871490619858,Chongwe,Lusaka
ZMB-D-0507,0.5473856705715046,0.9072681300039551,793.2727030340177,856.0743891645891,0.8882419041781592,7.916783962233254,Chilanga,Lusaka
ZMB-D-0508,0.5465060883168524,0.9098827635177338,783.5875520992952,853.2208816986582,0.8872203493717438,8.886477256154679,Shibuyunji,Lusaka
ZMB-D-0601,0.5244001855291617,0.8990955425183801,1253.792544437634,1066.31392225605,0.8766983348656655,-14.952922077366004,Mpika,Muchinga
ZMB-D-0602,0.43367136201138146,0.8644112138512815,1030.0404466748391,734.9777026719422,0.865359076514455,-28.645743471085428,Chama,Muchinga
ZMB-D-0603,0.5208576169126963,0.9102461949080148,1144.4149264480538,1201.0827405009022,0.8916130350393299,4.951684283665325,Shiwang'andu,Muchinga
ZMB-D-0604,0.48363390834807085,0.8849792269732524,1190.5720939319644,1014.172010817777,0.875268158136684,-14.816413387585058,Isoka,Muchinga
ZMB-D-0605,0.4671586929399673,0.8598303635628819,1286.9751095617528,852.5247753574796,0.8679129635304934,-33.75747759039523,Nakonde,Muchinga
ZMB-D-0606,0.4691132614951315,0.8480925739051625,1109.3689855960772,1092.696024490119,0.8825211972622331,-1.5029229519157306,Mafinga,Muchinga
ZMB-D-0607,0.4998054051528106,0.9074534825896109,1014.4327160588417,1067.2760491375325,0.8874246603330269,5.2091511090051945,Chinsali,Muchinga
ZMB-D-0701,0.4776418436968479,0.900414327142922,902.6156205945449,1001.1033967616488,0.8757789355398917,10.911375110285682,Zambezi,North-Western
ZMB-D-0702,0.4528322321873543,0.8800321134736973,871.9896935335581,1096.8201321486013,0.8637245888241905,25.783611925957995,Chavuma,North-Western
ZMB-D-0703,0.529174393370487,0.9271637975959629,958.6426348452344,1073.1598651139257,0.8950863213811421,11.945768538364575,Mufumbwe,North-Western
ZMB-D-0704,0.5035164408325489,0.911943400759849,929.4871851057309,1066.2532731872109,0.8985596077229543,14.714144559822273,Kasempa,North-Western
ZMB-D-0705,0.5035301894801136,0.9017602384932012,1168.1063645418326,1221.5648489855334,0.8935539891715191,4.576508275825453,Solwezi,North-Western
ZMB-D-0706,0.39064927076744954,0.866856258217429,1232.9170648176525,1348.8896908049078,0.8860966390846869,9.406360678802628,Mwinilunga,North-Western
ZMB-D-0707,0.42410664316614255,0.8489124269131171,1198.3815560833589,1474.92006530224,0.8764940239043825,23.075998442656708,Ikelenge,North-Western
ZMB-D-0708,0.4919937042070147,0.9048371272819037,936.5268947287772,1059.3686966278565,0.8804780876494024,13.11674043644575,Kabompo,North-Western
ZMB-D-0709,0.48391082405171487,0.9102030947086465,1049.6674570946982,1161.7965352218932,0.8856880171621208,10.68234300009161,Manyinga,North-Western
ZMB-D-0801,0.5392985491663156,0.9068107143095699,1056.5974685871897,1258.4426951348519,0.8986617632035959,19.10332293503938,Chilubi,Northern
ZMB-D-0802,0.5018372450802618,0.8912451364149031,1129.1366633466134,1412.7463017594016,0.896005720706916,25.117388144337305,Luwingu,Northern
ZMB-D-0803,0.5387365199864524,0.9013690315718371,1090.7982860864236,1267.6912753966446,0.8998876289712943,16.216837848625467,Kasama,Northern
ZMB-D-0804,0.49883626051433966,0.8786235142976049,1121.448093012565,1164.0251259576653,0.8805802431300439,3.796612006421518,Mungwi,Northern
ZMB-D-0805,0.4659780513027021,0.8777970680589572,1233.509210848912,1426.1975528079945,0.8959035652262743,15.621151448595395,Mporokoso,Northern
ZMB-D-0806,0.4863571610072715,0.8696714237426204,1227.2459699662886,1231.6873388104684,0.8690366738175503,0.3618972034026502,Mbala,Northern
ZMB-D-0807,0.4773444984374277,0.8519692882479831,1065.6042821023598,1311.466258957355,0.88497292879763,23.072540246359317,Mpulungu,Northern
ZMB-D-0808,0.4619080916239298,0.8539254196619125,1044.8601417407294,1123.9647410836658,0.8700582286239656,7.570831366114583,Nsama,Northern
ZMB-D-0809,0.48337110703206204,0.8852751256833543,1038.5386936867912,1073.0280146261027,0.8562672387373582,3.3209471297477755,Kaputa,Northern
ZMB-D-0901,0.5544845890767975,0.9045105893698009,638.8800467361323,678.4238275334205,0.8884462151394422,6.189547004841822,Livingstone,Southern
ZMB-D-0902,0.5538937815453255,0.8898637780448805,755.8626555317194,721.4303960215885,0.8696496067013996,-4.555359265091507,Sinazongwe,Southern
ZMB-D-0903,0.5541900801678221,0.8750950607934503,686.5923904382471,815.3406130059777,0.8871181938911022,18.751769515760518,Gwembe,Southern
ZMB-D-0904,0.5887244646322495,0.9313933076735778,767.2279788538156,726.7544934942159,0.8832362856267238,-5.2752879815546,Kalomo,Southern
ZMB-D-0905,0.5714479764274321,0.9190862645308095,817.8066526202881,788.0752503440676,0.8806823986106854,-3.635505064792488,Choma,Southern
ZMB-D-0906,0.5522781452255078,0.9058363877616564,719.0496046582899,804.182367751032,0.8840535294718561,11.839623099883244,Kazungula,Southern
ZMB-D-0907,0.49075151061054667,0.8726728405582211,764.814993104505,723.2706996593414,0.8842578404331393,-5.431940249566591,Siavonga,Southern
ZMB-D-0908,0.5104818548912959,0.8903595967016876,770.8812250996017,761.6113175744777,0.8897742363877822,-1.2025078862085814,Monze,Southern
ZMB-D-0909,0.5420198613526303,0.9177456904777089,778.2392085504138,855.1529203350843,0.8875268158136684,9.883042506677842,Namwala,Southern
ZMB-D-0910,0.5107577702786286,0.8931052637739008,770.8812250996017,767.1400361045605,0.8890591480232914,-0.4853132847486008,Mazabuka,Southern
ZMB-D-0911,0.5474091579676366,0.8965501938167297,778.9376946061906,746.9940534118801,0.8667892532434365,-4.100923785754162,Zimba,Southern
ZMB-D-0912,0.5730533106112866,0.9066281297698565,756.5633803248544,857.8946121285505,0.8810910205332516,13.393621002405155,Pemba,Southern
ZMB-D-1001,0.5014592732061526,0.9206647039309518,773.1699609255286,738.8627875996256,0.8732250485238533,-4.43720980634521,Shangombo,Western
ZMB-D-1002,0.5261739576455208,0.9123804327525719,842.1555332516089,855.295563268795,0.8796608438042701,1.560285422153762,Senanga,Western
ZMB-D-1003,0.5416237862331573,0.9269933997117803,874.485139442231,936.6789693806936,0.8810910205332516,7.112051095360106,Mongu,Western
ZMB-D-1004,0.48910124760087675,0.9106560477537786,861.2239787005822,915.5887460690846,0.8822147308203085,6.3125004311338495,Kalabo,Western
ZMB-D-1005,0.5360951159107015,0.9179743085820564,921.3669115844316,994.2479059211793,0.8911022576361222,7.910094601879902,Kaoma,Western
ZMB-D-1006,0.5091909796358346,0.9210642090061527,862.0351478700583,1033.6683915146168,0.8823168863009501,19.910237310930423,Lukulu,Western
ZMB-D-1007,0.5189224724638033,0.8674109245053855,746.4868234753294,829.435674004214,0.8561650832567167,11.111897480347954,Sesheke,Western
ZMB-D-1008,0.5332859988884945,0.9119579959947519,760.9087695372356,689.0708733347099,0.876800490346307,-9.44106561502972,Mwandi,Western
ZMB-D-1009,0.5316584697734388,0.8997562586917018,738.6657945142506,803.9647254469863,0.8784349780365717,8.840118415890185,Sioma,Western
ZMB-D-1010,0.5269212692071903,0.916535201966762,837.3650084278271,850.7401334362474,0.8832362856267238,1.597287308856199,Nalolo,Western
ZMB-D-1011,0.5009155558871787,0.9021615831537949,857.6412526815815,945.9797678882054,0.8801716212074778,10.300170954978727,Sikongo,Western
ZMB-D-1012,0.5412896386190768,0.935606212805416,907.7583734293596,938.6881680791948,0.8837470630299316,3.407271753714336,Luampa,Western
ZMB-D-1013,0.53687040118315,0.9156480527284667,929.211447287772,887.4232720110374,0.8943712330166513,-4.497165354420463,Nkeyema,Western
ZMB-D-1014,0.4893744958406539,0.9114390583349946,869.2054505056697,950.5310483717248,0.8832362856267238,9.35631476065215,Limulunga,Western
ZMB-D-1015,0.4652108875354368,0.9003794924773832,836.0922862396567,1008.5036002766474,0.8762897129430994,20.621086556415236,Mitete,Western
