date,lat,lon,value,flag
2004-04-06,,,154.3197784423828,extreme_check:1_pixels>150mm
2004-04-18,,,192.5159149169922,extreme_check:7_pixels>150mm
2009-04-02,-9.375001033768058,33.275003178045154,322.8951110839844,above_max
2009-04-02,-9.425001034513116,33.275003178045154,368.2103271484375,above_max
2009-04-02,-9.425001034513116,33.32500317879021,390.23724365234375,above_max
2009-04-02,-9.425001034513116,33.37500317953527,323.86212158203125,above_max
2009-04-02,-9.475001035258174,33.225003177300096,322.4236145019531,above_max
2009-04-02,-9.475001035258174,33.275003178045154,369.0935974121094,above_max
2009-04-02,-9.475001035258174,33.32500317879021,401.96209716796875,above_max
2009-04-02,-9.475001035258174,33.37500317953527,323.4853210449219,above_max
2009-04-02,-9.525001036003232,33.275003178045154,307.0856628417969,above_max
2009-04-02,-9.525001036003232,33.32500317879021,319.0107116699219,above_max
2009-04-02,,,401.96209716796875,extreme_check:97_pixels>150mm
2011-04-07,,,186.8541717529297,extreme_check:6_pixels>150mm
2011-04-09,,,193.52874755859375,extreme_check:10_pixels>150mm
2014-04-08,,,166.38172912597656,extreme_check:3_pixels>150mm
2016-04-05,,,188.0259246826172,extreme_check:10_pixels>150mm
2017-03-30,,,208.72238159179688,extreme_check:35_pixels>150mm
2017-12-11,,,184.14471435546875,extreme_check:91_pixels>150mm
2018-04-12,,,176.34283447265625,extreme_check:8_pixels>150mm
2018-04-13,,,267.912109375,extreme_check:85_pixels>150mm
2019-04-11,,,222.53228759765625,extreme_check:13_pixels>150mm
2019-04-20,,,180.01170349121094,extreme_check:4_pixels>150mm
2020-02-12,,,173.3796844482422,extreme_check:3_pixels>150mm
2021-03-18,,,210.6514434814453,extreme_check:8_pixels>150mm
2021-04-06,,,190.27584838867188,extreme_check:6_pixels>150mm
2021-04-14,,,161.9138641357422,extreme_check:10_pixels>150mm
2021-05-01,,,162.71131896972656,extreme_check:7_pixels>150mm
2022-04-27,-9.275001032277942,33.62500318326056,313.9956359863281,above_max
2022-04-27,-9.275001032277942,33.67500318400562,300.27593994140625,above_max
2022-04-27,-9.325001033023,33.475003181025386,303.1903991699219,above_max
2022-04-27,-9.325001033023,33.5750031825155,309.9720764160156,above_max
2022-04-27,-9.325001033023,33.62500318326056,336.34637451171875,above_max
2022-04-27,-9.325001033023,33.67500318400562,316.0265197753906,above_max
2022-04-27,-9.375001033768058,33.5750031825155,303.9607238769531,above_max
2022-04-27,-9.375001033768058,33.62500318326056,308.1922302246094,above_max
2022-04-27,-9.375001033768058,33.67500318400562,304.5292663574219,above_max
2022-04-27,-9.375001033768058,33.725003184750676,314.2405700683594,above_max
2022-01-15,,,181.8735809326172,extreme_check:4_pixels>150mm
2022-01-25,,,171.33987426757812,extreme_check:19_pixels>150mm
2022-04-26,,,245.4423370361328,extreme_check:55_pixels>150mm
2022-04-27,,,336.34637451171875,extreme_check:83_pixels>150mm
2022-04-28,,,185.4236297607422,extreme_check:14_pixels>150mm
2023-03-13,,,150.67477416992188,extreme_check:2_pixels>150mm
2023-04-13,,,162.0071563720703,extreme_check:2_pixels>150mm
2024-04-01,,,182.36343383789062,extreme_check:2_pixels>150mm
2025-12-23,,,164.39332580566406,extreme_check:4_pixels>150mm
