location_id,annual_mean_mm,annual_min_mm,annual_max_mm,district,province
ZMB-D-0101,847.9860460469738,447.7097778771,1243.12534399116,Itezhi-tezhi,Central
ZMB-D-0102,941.8130590895621,604.594039463524,1206.08747949599,Chibombo,Central
ZMB-D-0103,963.0057112588019,601.3234973313,1243.827048897846,Kabwe,Central
ZMB-D-0104,981.1792340188397,575.62597659943,1247.429436017521,Mumbwa,Central
ZMB-D-0105,1009.8928003424136,676.54415753935,1319.6701609978443,Ngabwe,Central
ZMB-D-0106,1008.3852550119271,593.229065339916,1268.758137523173,Luano,Central
ZMB-D-0107,1047.0151530680446,644.185366802574,1277.953052620006,Chitambo,Central
ZMB-D-0108,1028.4038318460787,569.3285313273536,1332.2867459308961,Mkushi,Central
ZMB-D-0109,901.4545720359677,538.39293776255,1159.744290106054,Chisamba,Central
ZMB-D-0110,1025.8653621665926,635.37036137917,1340.900103217161,Kapiri Mposhi,Central
ZMB-D-0111,1068.683617857941,648.43704803217,1368.01893024332,Serenje,Central
ZMB-D-0201,1174.1451757347234,811.3493925003945,1567.885168746097,Mpongwe,Copperbelt
ZMB-D-0202,1367.60684913205,985.655426177656,1705.1453384859,Kitwe,Copperbelt
ZMB-D-0203,1321.9517447358269,931.24523803719,1669.2470044677,Kalulushi,Copperbelt
ZMB-D-0204,1301.674741188507,907.41006766929,1590.74883470339,Mufulira,Copperbelt
ZMB-D-0205,1311.4138857255166,881.12308224682,1629.31852874077,Lufwanyama,Copperbelt
ZMB-D-0206,1307.388234191031,892.34618207158,1550.67585940722,Chingola,Copperbelt
ZMB-D-0207,1262.939188156718,826.50225674826,1545.46329637577,Chililabombwe,Copperbelt
ZMB-D-0208,1283.0300980302961,797.86454292077,1634.6459386032,Masaiti,Copperbelt
ZMB-D-0209,1305.7233980066787,848.23362601505,1771.49053624186,Luanshya,Copperbelt
ZMB-D-0210,1278.4828296429364,851.83029894925,1697.3057321447,Ndola,Copperbelt
ZMB-D-0301,1091.8805921090532,742.3078703463281,1503.844500668006,Chadiza,Eastern
ZMB-D-0302,960.2894776173712,553.38380409883,1308.76332606477,Nyimba,Eastern
ZMB-D-0303,1103.6199585237252,756.716127366733,1435.122271645242,Katete,Eastern
ZMB-D-0304,1007.6687840095955,667.22442309206,1425.8761017126,Petauke,Eastern
ZMB-D-0305,1172.667321533902,812.0480434626099,1545.38165088694,Chipata,Eastern
ZMB-D-0306,986.295345727993,692.074311075756,1371.85386251518,Mambwe,Eastern
ZMB-D-0307,913.7553672578737,659.1056264589,1132.682217013204,Lundazi,Eastern
ZMB-D-0308,990.5620839616871,642.1038191486335,1287.8260443162,Sinda,Eastern
ZMB-D-0309,1109.5285354337093,742.47307338064,1497.37123288268,Vubwi,Eastern
ZMB-D-0401,1259.7152273470242,935.00048388828,1467.71961239358,Milengi,Luapula
ZMB-D-0402,1429.1797860071442,1100.7936762286,2027.62660594555,Samfya,Luapula
ZMB-D-0403,1194.7693239304886,841.4402947888,1465.4577019632,Mansa,Luapula
ZMB-D-0404,1315.348875071471,985.614248917478,1585.875227266424,Chipili,Luapula
ZMB-D-0405,1179.3782249904923,959.74347327725,1507.6221983251999,Kawambwa,Luapula
ZMB-D-0406,1200.145774778171,879.5904325883234,1570.3042024435,Nchelenge,Luapula
ZMB-D-0407,1282.0117510229165,1046.5445089803,1617.39028769533,Chiengi,Luapula
ZMB-D-0408,1278.143469133214,938.409949533395,1597.853927323267,Chembe,Luapula
ZMB-D-0409,1342.0327838225578,1075.2635633607001,1885.1925251605,Lunga,Luapula
ZMB-D-0410,1306.7624814794794,1018.82809732834,1607.53681895595,Mwense,Luapula
ZMB-D-0411,1236.4149710171523,998.687930876853,1541.29014959793,Mwansabombwe,Luapula
ZMB-D-0501,855.8025123672483,489.018120304486,1150.2516872646672,Lusaka,Lusaka
ZMB-D-0502,830.140094274288,533.797605047345,1045.28688132347,Kafue,Lusaka
ZMB-D-0503,803.2809696768062,526.54106049876,1131.976311674208,Luangwa,Lusaka
ZMB-D-0504,917.4518470536891,529.0782949143095,1211.442307085775,Rufunsa,Lusaka
ZMB-D-0505,708.5599516556006,463.945021179305,912.374650783991,Chirundu,Lusaka
ZMB-D-0506,867.0608543481937,489.575780649914,1118.585688402375,Chongwe,Lusaka
ZMB-D-0507,858.8930268619874,503.70851601038,1167.190311207014,Chilanga,Lusaka
ZMB-D-0508,858.8645472353867,530.35071534187,1132.095873206094,Shibuyunji,Lusaka
ZMB-D-0601,1079.9979073701793,636.183371264169,1446.15532462138,Mpika,Muchinga
ZMB-D-0602,744.7651019048825,530.00119802773,940.712144668122,Chama,Muchinga
ZMB-D-0603,1216.1833142792823,832.86618742395,1555.21096901649,Shiwang'andu,Muchinga
ZMB-D-0604,1026.4595542855125,806.7657929674555,1337.780055146565,Isoka,Muchinga
ZMB-D-0605,862.6818220481016,683.28405745493,1105.5507057817335,Nakonde,Muchinga
ZMB-D-0606,1109.0665945176422,866.492638812112,1405.2733783157,Mafinga,Muchinga
ZMB-D-0607,1079.689652697072,841.58135724256,1399.857344395418,Chinsali,Muchinga
ZMB-D-0701,1013.1494915300784,772.733946019,1283.3760004298001,Zambezi,North-Western
ZMB-D-0702,1107.8964309010946,897.48571334454,1435.3704071954,Chavuma,North-Western
ZMB-D-0703,1087.317894822536,640.03455121599,1373.43386723708,Mufumbwe,North-Western
ZMB-D-0704,1079.4274137116718,704.5979577010299,1340.4013877262,Kasempa,North-Western
ZMB-D-0705,1234.6541658502113,858.62183426965,1635.96408005985,Solwezi,North-Western
ZMB-D-0706,1362.6314236604862,1018.2894548140999,1810.24318033288,Mwinilunga,North-Western
ZMB-D-0707,1493.4588622632596,1290.41913328165,1911.5061269231,Ikelenge,North-Western
ZMB-D-0708,1072.5171386601144,789.76075337457,1394.801727511458,Kabompo,North-Western
ZMB-D-0709,1174.3678416103796,899.9235564531,1439.32378489186,Manyinga,North-Western
ZMB-D-0801,1277.13659201926,936.59056026434,1691.4878440294,Chilubi,Northern
ZMB-D-0802,1431.0647300770454,1070.67863997103,1857.41959507048,Luwingu,Northern
ZMB-D-0803,1286.8654871097403,1023.834923983188,1597.00014137251,Kasama,Northern
ZMB-D-0804,1182.4394771820218,872.78525276786,1529.81110267354,Mungwi,Northern
ZMB-D-0805,1440.2903372705025,1164.79799484657,1756.0640250014,Mporokoso,Northern
ZMB-D-0806,1247.3326731847212,974.7060361173441,1526.92773625119,Mbala,Northern
ZMB-D-0807,1326.9632681959627,1046.98703545414,1768.036074757745,Mpulungu,Northern
ZMB-D-0808,1139.5857231579564,964.23597023526,1409.59833009132,Nsama,Northern
ZMB-D-0809,1087.6862094343617,875.96623877077,1435.693747781715,Kaputa,Northern
ZMB-D-0901,682.2577485634324,334.766477442693,1112.59942711696,Livingstone,Southern
ZMB-D-0902,726.9893140558698,415.22713150485197,1076.315099249147,Sinazongwe,Southern
ZMB-D-0903,822.8439339972454,483.29220983832,1086.4900823149328,Gwembe,Southern
ZMB-D-0904,731.2043572028075,410.5193195463,961.550345701254,Kalomo,Southern
ZMB-D-0905,791.8046513284883,520.39934302492,1120.496810083433,Choma,Southern
ZMB-D-0906,811.9000220371919,451.58818720182,1250.6569626217,Kazungula,Southern
ZMB-D-0907,725.254030868265,433.01294841279,1012.955851683468,Siavonga,Southern
ZMB-D-0908,764.9050615898044,399.22882236759,1006.8373497438,Monze,Southern
ZMB-D-0909,859.5094274748992,487.10130631855,1268.81074600249,Namwala,Southern
ZMB-D-0910,770.2969030596166,388.875052982743,1091.65646027818,Mazabuka,Southern
ZMB-D-0911,749.3281854322364,361.147141750523,1094.9392457780375,Zimba,Southern
ZMB-D-0912,862.3713634612949,544.770883417238,1221.079783244778,Pemba,Southern
ZMB-D-1001,746.8586327671212,397.919926187365,1080.92330777315,Shangombo,Western
ZMB-D-1002,868.2097504026899,414.4985280664,1129.12667383,Senanga,Western
ZMB-D-1003,949.6208832699072,505.13608830149997,1255.019229972783,Mongu,Western
ZMB-D-1004,927.7540893464077,557.17502227599,1175.05788202344,Kalabo,Western
ZMB-D-1005,1009.4640300696018,615.9909366902,1258.540648728765,Kaoma,Western
ZMB-D-1006,1049.9554987959687,681.40760085719,1356.23668369043,Lukulu,Western
ZMB-D-1007,840.899810997625,387.98112603175,1174.36552538439,Sesheke,Western
ZMB-D-1008,696.875301660025,373.39204434405,1065.4681386742,Mwandi,Western
ZMB-D-1009,813.5114442638558,436.67157359386397,1088.54578345318,Sioma,Western
ZMB-D-1010,861.7363336197702,431.93566277975,1190.2522485325,Nalolo,Western
ZMB-D-1011,957.4125346757862,496.60604069949,1281.85578510913,Sikongo,Western
ZMB-D-1012,949.0692790922943,442.71846806094,1148.9017800823,Luampa,Western
ZMB-D-1013,901.5120244021907,457.52287817704,1219.43351760552,Nkeyema,Western
ZMB-D-1014,963.9931529047219,591.1416132528,1213.6081315485,Limulunga,Western
ZMB-D-1015,1022.1229560005238,616.51979924354,1296.4453646597,Mitete,Western
