year,expected_days,locations_present,locations_with_all_days,duplicate_location_dates,missing_values,negative_values,max_point_mm,verified
1999,262,101,101,0,0,0,54.4,True
2000,366,101,101,0,0,0,55.7,True
2001,365,101,101,0,0,0,64.7,True
2002,365,101,101,0,0,0,80.7,True
2003,365,101,101,0,0,0,112.9,True
2004,366,101,101,0,0,0,101.5,True
2005,365,101,101,0,0,0,54.2,True
2006,365,101,101,0,0,0,65.3,True
2007,365,101,101,0,0,0,94.4,True
2008,366,101,101,0,0,0,68.4,True
2009,365,101,101,0,0,0,76.8,True
2010,365,101,101,0,0,0,82.3,True
2011,365,101,101,0,0,0,68.5,True
2012,366,101,101,0,0,0,69.9,True
2013,365,101,101,0,0,0,73.4,True
2014,365,101,101,0,0,0,64.4,True
2015,365,101,101,0,0,0,85.4,True
2016,366,101,101,0,0,0,70.8,True
2017,365,101,101,0,0,0,126.5,True
2018,365,101,101,0,0,0,100.0,True
2019,365,101,101,0,0,0,64.3,True
2020,366,101,101,0,0,0,72.6,True
2021,365,101,101,0,0,0,56.4,True
2022,365,101,101,0,0,0,68.9,True
2023,365,101,101,0,0,0,77.6,True
2024,366,101,101,0,0,0,71.9,True
2025,365,101,101,0,0,0,68.5,True
2026,30,101,101,0,0,0,102.7,True
