path,type,bytes,modified,rows,columns,date_min,date_max,extent
data/final/README.md,md,230,2026-10-07 12:41,,,,,
data/processed/chirps_daily_at_locations.csv,csv,106968072,2026-10-07 16:55,988689,6,1999-04-14,2026-01-30,
data/processed/climate_indices_monthly.csv,csv,228929,2026-10-07 11:26,1884,9,,,
data/processed/climate_iod_weekly_bom.csv,csv,26833,2026-10-07 11:26,947,3,2008-07-28,2026-09-28,
data/processed/collection_window.json,json,411,2026-10-06 14:29,,,,,
data/processed/derived_rasters/slope_15s_zambia.tif,tif,18138506,2026-10-07 13:02,,,,,"2976x2544 px, res 0.00417, bounds (21.65, -18.45, 34.05, -7.85)"
data/processed/desinventar_flood_date_reliability.csv,csv,70010,2026-10-07 21:37,444,19,2000-04-13,2026-01-23,
data/processed/desinventar_flood_event_audit.csv,csv,175593,2026-10-07 21:37,478,18,,,
data/processed/desinventar_flood_events.csv,csv,330317,2026-10-06 14:29,444,274,2000-04-13,2026-01-23,
data/processed/district_landcover.csv,csv,23031,2026-10-07 16:43,101,17,,,
data/processed/district_terrain_hydrology.csv,csv,51269,2026-10-07 13:03,101,40,,,
data/processed/environmental/district_surface_water.csv,csv,18007,2026-10-07 22:23,101,8,,,
data/processed/exposure/worldpop_district_exposure.csv,csv,827384,2026-10-07 16:55,2121,11,,,
data/processed/hydrology/glofas_district_extraction_points.csv,csv,26239,2026-10-07 22:11,101,18,,,
data/processed/location_master.csv,csv,26212,2026-10-06 14:43,101,19,,,
data/processed/unresolved_locations.csv,csv,1374,2026-10-06 14:43,4,9,,,
data/quality_flags/glofas_extraction_point_flags.csv,csv,1103,2026-10-07 22:11,5,7,,,
data/quality_flags/nasa_power_timeseries_flags.csv,csv,42,2026-10-08 00:11,0,5,,,
data/quality_flags/soil_wetness_timeseries_flags.csv,csv,17455,2026-10-08 00:12,303,5,,,
data/raw/chirps/chirps_manifest.csv,csv,2026654,2026-10-07 16:53,10091,11,1999-04-14,2026-01-30,
data/raw/chirps/daily_rainfall/chirps-v3.0.rnl.zambia.1999.nc,nc,20108864,2026-10-06 14:40,262,,1999-04-14,1999-12-31,time=262 x lat=202 x lon=238
data/raw/chirps/daily_rainfall/chirps-v3.0.rnl.zambia.2000.nc,nc,36395576,2026-10-06 14:43,366,,2000-01-01,2000-12-31,time=366 x lat=202 x lon=238
data/raw/chirps/daily_rainfall/chirps-v3.0.rnl.zambia.2001.nc,nc,35390825,2026-10-06 14:45,365,,2001-01-01,2001-12-31,time=365 x lat=202 x lon=238
data/raw/chirps/daily_rainfall/chirps-v3.0.rnl.zambia.2002.nc,nc,34118200,2026-10-06 14:48,365,,2002-01-01,2002-12-31,time=365 x lat=202 x lon=238
data/raw/chirps/daily_rainfall/chirps-v3.0.rnl.zambia.2003.nc,nc,33746019,2026-10-06 14:53,365,,2003-01-01,2003-12-31,time=365 x lat=202 x lon=238
data/raw/chirps/daily_rainfall/chirps-v3.0.rnl.zambia.2004.nc,nc,35774213,2026-10-06 14:56,366,,2004-01-01,2004-12-31,time=366 x lat=202 x lon=238
data/raw/chirps/daily_rainfall/chirps-v3.0.rnl.zambia.2005.nc,nc,31853419,2026-10-06 15:00,365,,2005-01-01,2005-12-31,time=365 x lat=202 x lon=238
data/raw/chirps/daily_rainfall/chirps-v3.0.rnl.zambia.2006.nc,nc,36154950,2026-10-06 15:02,365,,2006-01-01,2006-12-31,time=365 x lat=202 x lon=238
data/raw/chirps/daily_rainfall/chirps-v3.0.rnl.zambia.2007.nc,nc,35539530,2026-10-06 15:05,365,,2007-01-01,2007-12-31,time=365 x lat=202 x lon=238
data/raw/chirps/daily_rainfall/chirps-v3.0.rnl.zambia.2008.nc,nc,33571998,2026-10-06 15:10,366,,2008-01-01,2008-12-31,time=366 x lat=202 x lon=238
data/raw/chirps/daily_rainfall/chirps-v3.0.rnl.zambia.2009.nc,nc,34479832,2026-10-06 15:15,365,,2009-01-01,2009-12-31,time=365 x lat=202 x lon=238
data/raw/chirps/daily_rainfall/chirps-v3.0.rnl.zambia.2010.nc,nc,35110081,2026-10-06 15:18,365,,2010-01-01,2010-12-31,time=365 x lat=202 x lon=238
data/raw/chirps/daily_rainfall/chirps-v3.0.rnl.zambia.2011.nc,nc,34477896,2026-10-06 19:43,365,,2011-01-01,2011-12-31,time=365 x lat=202 x lon=238
data/raw/chirps/daily_rainfall/chirps-v3.0.rnl.zambia.2012.nc,nc,33924073,2026-10-07 09:17,366,,2012-01-01,2012-12-31,time=366 x lat=202 x lon=238
data/raw/chirps/daily_rainfall/chirps-v3.0.rnl.zambia.2013.nc,nc,32082103,2026-10-07 09:30,365,,2013-01-01,2013-12-31,time=365 x lat=202 x lon=238
data/raw/chirps/daily_rainfall/chirps-v3.0.rnl.zambia.2014.nc,nc,33279406,2026-10-07 09:49,365,,2014-01-01,2014-12-31,time=365 x lat=202 x lon=238
data/raw/chirps/daily_rainfall/chirps-v3.0.rnl.zambia.2015.nc,nc,35097348,2026-10-07 10:11,365,,2015-01-01,2015-12-31,time=365 x lat=202 x lon=238
data/raw/chirps/daily_rainfall/chirps-v3.0.rnl.zambia.2016.nc,nc,33210335,2026-10-07 10:30,366,,2016-01-01,2016-12-31,time=366 x lat=202 x lon=238
data/raw/chirps/daily_rainfall/chirps-v3.0.rnl.zambia.2017.nc,nc,35865417,2026-10-07 10:54,365,,2017-01-01,2017-12-31,time=365 x lat=202 x lon=238
data/raw/chirps/daily_rainfall/chirps-v3.0.rnl.zambia.2018.nc,nc,34807766,2026-10-07 12:40,365,,2018-01-01,2018-12-31,time=365 x lat=202 x lon=238
data/raw/chirps/daily_rainfall/chirps-v3.0.rnl.zambia.2019.nc,nc,33799989,2026-10-07 12:59,365,,2019-01-01,2019-12-31,time=365 x lat=202 x lon=238
data/raw/chirps/daily_rainfall/chirps-v3.0.rnl.zambia.2020.nc,nc,34230985,2026-10-07 16:33,366,,2020-01-01,2020-12-31,time=366 x lat=202 x lon=238
data/raw/chirps/daily_rainfall/chirps-v3.0.rnl.zambia.2021.nc,nc,33510518,2026-10-07 16:36,365,,2021-01-01,2021-12-31,time=365 x lat=202 x lon=238
data/raw/chirps/daily_rainfall/chirps-v3.0.rnl.zambia.2022.nc,nc,35026562,2026-10-07 16:42,365,,2022-01-01,2022-12-31,time=365 x lat=202 x lon=238
data/raw/chirps/daily_rainfall/chirps-v3.0.rnl.zambia.2023.nc,nc,32998088,2026-10-07 16:47,365,,2023-01-01,2023-12-31,time=365 x lat=202 x lon=238
data/raw/chirps/daily_rainfall/chirps-v3.0.rnl.zambia.2024.nc,nc,31790238,2026-10-07 16:50,366,,2024-01-01,2024-12-31,time=366 x lat=202 x lon=238
data/raw/chirps/daily_rainfall/chirps-v3.0.rnl.zambia.2025.nc,nc,35299373,2026-10-07 16:53,365,,2025-01-01,2025-12-31,time=365 x lat=202 x lon=238
data/raw/chirps/daily_rainfall/chirps-v3.0.rnl.zambia.2026.nc,nc,4417804,2026-10-07 16:53,30,,2026-01-01,2026-01-30,time=30 x lat=202 x lon=238
data/raw/climate_indices/dmi.had.long.data,data,19861,2026-10-07 11:26,,,,,
data/raw/climate_indices/dmi.had.long.data.provenance.json,json,331,2026-10-07 11:26,,,,,
data/raw/climate_indices/ersst5.nino.mth.91-20.ascii,ascii,67087,2026-10-07 11:26,,,,,
data/raw/climate_indices/ersst5.nino.mth.91-20.ascii.provenance.json,json,336,2026-10-07 11:26,,,,,
data/raw/climate_indices/iod_1.txt,txt,22069,2026-10-07 11:26,,,,,
data/raw/climate_indices/iod_1.txt.provenance.json,json,319,2026-10-07 11:26,,,,,
data/raw/climate_indices/oni.ascii.txt,txt,23025,2026-10-07 11:26,,,,,
data/raw/climate_indices/oni.ascii.txt.provenance.json,json,311,2026-10-07 11:26,,,,,
data/raw/desinventar/extracted/desinventar_all_records_joined.csv,csv,1470727,2026-10-06 14:29,2319,265,,,
data/raw/desinventar/extracted/DI_export_zmb.xml,xml,22894481,2026-10-06 14:29,,,,,
data/raw/desinventar/extracted/districts.dbf,dbf,17895,2026-10-06 14:29,,,,,
data/raw/desinventar/extracted/districts.shp,shp,802504,2026-10-06 14:29,103,,,,"(21.98, -18.08, 33.71, -8.27)"
data/raw/desinventar/extracted/districts.shx,shx,924,2026-10-06 14:29,,,,,
data/raw/desinventar/extracted/Provinces.dbf,dbf,427,2026-10-06 14:29,,,,,
data/raw/desinventar/extracted/Provinces.shp,shp,323860,2026-10-06 14:29,10,,,,"(21.98, -18.08, 33.71, -8.27)"
data/raw/desinventar/extracted/Provinces.shx,shx,180,2026-10-06 14:29,,,,,
data/raw/desinventar/extracted/tables/attribute_metadata.csv,csv,2,2026-10-06 14:29,,,,,unreadable: EmptyDataError('No columns to parse from file')
data/raw/desinventar/extracted/tables/causas.csv,csv,126,2026-10-06 14:29,4,2,,,
data/raw/desinventar/extracted/tables/datamodel.csv,csv,33,2026-10-06 14:29,1,3,,,
data/raw/desinventar/extracted/tables/diccionario.csv,csv,20878,2026-10-06 14:29,200,12,,,
data/raw/desinventar/extracted/tables/eventos.csv,csv,2968,2026-10-06 14:29,46,7,,,
data/raw/desinventar/extracted/tables/extension.csv,csv,643569,2026-10-06 14:29,2239,201,,,
data/raw/desinventar/extracted/tables/extensioncodes.csv,csv,2,2026-10-06 14:29,,,,,unreadable: EmptyDataError('No columns to parse from file')
data/raw/desinventar/extracted/tables/extensiontabs.csv,csv,359,2026-10-06 14:29,9,4,,,
data/raw/desinventar/extracted/tables/fichas.csv,csv,829398,2026-10-06 14:29,2319,64,,,
data/raw/desinventar/extracted/tables/info_maps.csv,csv,2,2026-10-06 14:29,,,,,unreadable: EmptyDataError('No columns to parse from file')
data/raw/desinventar/extracted/tables/lev0.csv,csv,255,2026-10-06 14:29,10,3,,,
data/raw/desinventar/extracted/tables/lev1.csv,csv,3133,2026-10-06 14:29,120,4,,,
data/raw/desinventar/extracted/tables/lev2.csv,csv,2,2026-10-06 14:29,,,,,unreadable: EmptyDataError('No columns to parse from file')
data/raw/desinventar/extracted/tables/level_attributes.csv,csv,45,2026-10-06 14:29,2,3,,,
data/raw/desinventar/extracted/tables/level_maps.csv,csv,585,2026-10-06 14:29,3,23,,,
data/raw/desinventar/extracted/tables/metadata_element.csv,csv,76480,2026-10-06 14:29,507,17,,,
data/raw/desinventar/extracted/tables/metadata_element_costs.csv,csv,2,2026-10-06 14:29,,,,,unreadable: EmptyDataError('No columns to parse from file')
data/raw/desinventar/extracted/tables/metadata_element_indicator.csv,csv,5536,2026-10-06 14:29,507,3,,,
data/raw/desinventar/extracted/tables/metadata_element_lang.csv,csv,115767,2026-10-06 14:29,1014,8,,,
data/raw/desinventar/extracted/tables/metadata_indicator.csv,csv,374,2026-10-06 14:29,13,3,,,
data/raw/desinventar/extracted/tables/metadata_indicator_lang.csv,csv,2224,2026-10-06 14:29,78,3,,,
data/raw/desinventar/extracted/tables/metadata_national.csv,csv,1567,2026-10-06 14:29,18,7,,,
data/raw/desinventar/extracted/tables/metadata_national_lang.csv,csv,4578,2026-10-06 14:29,108,4,,,
data/raw/desinventar/extracted/tables/metadata_national_values.csv,csv,2,2026-10-06 14:29,,,,,unreadable: EmptyDataError('No columns to parse from file')
data/raw/desinventar/extracted/tables/niveles.csv,csv,97,2026-10-06 14:29,3,4,,,
data/raw/desinventar/extracted/tables/regiones.csv,csv,20329,2026-10-06 14:29,111,15,,,
data/raw/desinventar/original/DI_export_zmb.provenance.json,json,426,2026-10-06 14:29,,,,,
data/raw/desinventar/original/DI_export_zmb.zip,zip,1085926,2026-10-06 14:29,,,,,
data/raw/era5_land/README.md,md,1146,2026-10-07 12:41,,,,,
data/raw/glofas/static/original/chan_Global_03min.nc,nc,26025166,2026-10-07 22:10,,,,,"unreadable: KeyError(""No variable named 'time'. Variables on the dataset include ['crs', 'Band1', 'lon', 'lat']"")"
data/raw/glofas/static/original/chan_Global_03min.nc.provenance.json,json,654,2026-10-07 22:10,,,,,
data/raw/glofas/static/original/ldd_repaired.nc,nc,26026096,2026-10-07 21:51,,,,,"unreadable: KeyError(""No variable named 'time'. Variables on the dataset include ['crs', 'Band1', 'lon', 'lat']"")"
data/raw/glofas/static/original/ldd_repaired.nc.provenance.json,json,649,2026-10-07 21:51,,,,,
data/raw/glofas/static/original/upArea_repaired.nc,nc,103785588,2026-10-07 21:42,,,,,"unreadable: KeyError(""No variable named 'time'. Variables on the dataset include ['crs', 'Band1', 'lon', 'lat']"")"
data/raw/glofas/static/original/upArea_repaired.nc.provenance.json,json,653,2026-10-07 21:42,,,,,
data/raw/glofas/static/zambia_subset/chan_Global_03min_zambia.nc,nc,75719,2026-10-07 22:10,,,,,"unreadable: KeyError(""No variable named 'time'. Variables on the dataset include ['crs', 'Band1', 'lon', 'lat']"")"
data/raw/glofas/static/zambia_subset/ldd_repaired_zambia.nc,nc,76363,2026-10-07 21:51,,,,,"unreadable: KeyError(""No variable named 'time'. Variables on the dataset include ['crs', 'Band1', 'lon', 'lat']"")"
data/raw/glofas/static/zambia_subset/upArea_repaired_zambia.nc,nc,234129,2026-10-07 21:42,,,,,"unreadable: KeyError(""No variable named 'time'. Variables on the dataset include ['crs', 'Band1', 'lon', 'lat']"")"
data/raw/hydrology/README.md,md,1613,2026-10-07 12:41,,,,,
data/raw/hydrosheds/original/hybas_af_lev04_v1c.zip,zip,5945213,2026-10-07 12:58,,,,,
data/raw/hydrosheds/original/hybas_af_lev04_v1c.zip.provenance.json,json,400,2026-10-07 12:58,,,,,
data/raw/hydrosheds/original/hybas_af_lev06_v1c.zip,zip,17945918,2026-10-07 12:59,,,,,
data/raw/hydrosheds/original/hybas_af_lev06_v1c.zip.provenance.json,json,401,2026-10-07 12:59,,,,,
data/raw/hydrosheds/original/hyd_af_dem_15s.zip,zip,170986111,2026-10-07 12:45,,,,,
data/raw/hydrosheds/original/hyd_af_dem_15s.zip.provenance.json,json,385,2026-10-07 12:45,,,,,
data/raw/hydrosheds/original/HydroRIVERS_v10_af_shp.zip,zip,107873468,2026-10-07 12:57,,,,,
data/raw/hydrosheds/original/HydroRIVERS_v10_af_shp.zip.provenance.json,json,391,2026-10-07 12:57,,,,,
data/raw/hydrosheds/zambia_subset/dem_15s_zambia.tif,tif,9515092,2026-10-07 13:00,,,,,"2976x2544 px, res 0.00417, bounds (21.65, -18.45, 34.05, -7.85)"
data/raw/hydrosheds/zambia_subset/hybas_lev04_zambia.gpkg,gpkg,1216512,2026-10-07 13:01,17,,,,"(15.39, -25.21, 39.39, 4.27)"
data/raw/hydrosheds/zambia_subset/hybas_lev06_zambia.gpkg,gpkg,2641920,2026-10-07 13:01,229,,,,"(18.67, -21.31, 36.31, -5.7)"
data/raw/hydrosheds/zambia_subset/hydrorivers_zambia.gpkg,gpkg,23183360,2026-10-07 13:00,73859,,,,"(21.44, -18.58, 34.33, -7.71)"
data/raw/landcover/worldcover_2021_v200_ov4/S09E027.tif,tif,8093497,2026-10-07 16:41,,,,,"9000x9000 px, res 0.00033, bounds (27.0, -9.0, 30.0, -6.0)"
data/raw/landcover/worldcover_2021_v200_ov4/S09E030.tif,tif,9091193,2026-10-07 16:41,,,,,"9000x9000 px, res 0.00033, bounds (30.0, -9.0, 33.0, -6.0)"
data/raw/landcover/worldcover_2021_v200_ov4/S12E021.tif,tif,8819351,2026-10-07 16:36,,,,,"9000x9000 px, res 0.00033, bounds (21.0, -12.0, 24.0, -9.0)"
data/raw/landcover/worldcover_2021_v200_ov4/S12E024.tif,tif,8572257,2026-10-07 16:37,,,,,"9000x9000 px, res 0.00033, bounds (24.0, -12.0, 27.0, -9.0)"
data/raw/landcover/worldcover_2021_v200_ov4/S12E027.tif,tif,10428603,2026-10-07 16:37,,,,,"9000x9000 px, res 0.00033, bounds (27.0, -12.0, 30.0, -9.0)"
data/raw/landcover/worldcover_2021_v200_ov4/S12E030.tif,tif,11785337,2026-10-07 16:38,,,,,"9000x9000 px, res 0.00033, bounds (30.0, -12.0, 33.0, -9.0)"
data/raw/landcover/worldcover_2021_v200_ov4/S12E033.tif,tif,11414969,2026-10-07 16:40,,,,,"9000x9000 px, res 0.00033, bounds (33.0, -12.0, 36.0, -9.0)"
data/raw/landcover/worldcover_2021_v200_ov4/S15E021.tif,tif,6389489,2026-10-07 16:33,,,,,"9000x9000 px, res 0.00033, bounds (21.0, -15.0, 24.0, -12.0)"
data/raw/landcover/worldcover_2021_v200_ov4/S15E024.tif,tif,6845419,2026-10-07 16:33,,,,,"9000x9000 px, res 0.00033, bounds (24.0, -15.0, 27.0, -12.0)"
data/raw/landcover/worldcover_2021_v200_ov4/S15E027.tif,tif,10958449,2026-10-07 16:34,,,,,"9000x9000 px, res 0.00033, bounds (27.0, -15.0, 30.0, -12.0)"
data/raw/landcover/worldcover_2021_v200_ov4/S15E030.tif,tif,12237055,2026-10-07 16:35,,,,,"9000x9000 px, res 0.00033, bounds (30.0, -15.0, 33.0, -12.0)"
data/raw/landcover/worldcover_2021_v200_ov4/S15E033.tif,tif,10624673,2026-10-07 16:36,,,,,"9000x9000 px, res 0.00033, bounds (33.0, -15.0, 36.0, -12.0)"
data/raw/landcover/worldcover_2021_v200_ov4/S18E021.tif,tif,10448017,2026-10-07 16:30,,,,,"9000x9000 px, res 0.00033, bounds (21.0, -18.0, 24.0, -15.0)"
data/raw/landcover/worldcover_2021_v200_ov4/S18E024.tif,tif,11171565,2026-10-07 16:31,,,,,"9000x9000 px, res 0.00033, bounds (24.0, -18.0, 27.0, -15.0)"
data/raw/landcover/worldcover_2021_v200_ov4/S18E027.tif,tif,12296435,2026-10-07 16:32,,,,,"9000x9000 px, res 0.00033, bounds (27.0, -18.0, 30.0, -15.0)"
data/raw/landcover/worldcover_2021_v200_ov4/S18E030.tif,tif,13006075,2026-10-07 16:33,,,,,"9000x9000 px, res 0.00033, bounds (30.0, -18.0, 33.0, -15.0)"
data/raw/landcover/worldcover_2021_v200_ov4/S21E024.tif,tif,4941959,2026-10-07 13:02,,,,,"9000x9000 px, res 0.00033, bounds (24.0, -21.0, 27.0, -18.0)"
data/raw/nasa_power/daily_soil_moisture/ZMB-D-0101/ZMB-D-0101__1999-04-14_2026-01-30.json,json,467622,2026-10-07 16:42,,,,,
data/raw/nasa_power/daily_soil_moisture/ZMB-D-0101/ZMB-D-0101__1999-04-14_2026-01-30.meta.json,json,1434,2026-10-07 16:42,,,,,
data/raw/nasa_power/daily_soil_moisture/ZMB-D-0102/ZMB-D-0102__1999-04-14_2026-01-30.json,json,467595,2026-10-07 16:42,,,,,
data/raw/nasa_power/daily_soil_moisture/ZMB-D-0102/ZMB-D-0102__1999-04-14_2026-01-30.meta.json,json,1431,2026-10-07 16:42,,,,,
data/raw/nasa_power/daily_soil_moisture/ZMB-D-0103/ZMB-D-0103__1999-04-14_2026-01-30.json,json,468361,2026-10-07 16:42,,,,,
data/raw/nasa_power/daily_soil_moisture/ZMB-D-0103/ZMB-D-0103__1999-04-14_2026-01-30.meta.json,json,1434,2026-10-07 16:42,,,,,
data/raw/nasa_power/daily_soil_moisture/ZMB-D-0104/ZMB-D-0104__1999-04-14_2026-01-30.json,json,466324,2026-10-07 16:42,,,,,
data/raw/nasa_power/daily_soil_moisture/ZMB-D-0104/ZMB-D-0104__1999-04-14_2026-01-30.meta.json,json,1434,2026-10-07 16:42,,,,,
data/raw/nasa_power/daily_soil_moisture/ZMB-D-0105/ZMB-D-0105__1999-04-14_2026-01-30.json,json,467068,2026-10-07 16:42,,,,,
data/raw/nasa_power/daily_soil_moisture/ZMB-D-0105/ZMB-D-0105__1999-04-14_2026-01-30.meta.json,json,1433,2026-10-07 16:42,,,,,
data/raw/nasa_power/daily_soil_moisture/ZMB-D-0106/ZMB-D-0106__1999-04-14_2026-01-30.json,json,468420,2026-10-07 16:42,,,,,
data/raw/nasa_power/daily_soil_moisture/ZMB-D-0106/ZMB-D-0106__1999-04-14_2026-01-30.meta.json,json,1434,2026-10-07 16:42,,,,,
data/raw/nasa_power/daily_soil_moisture/ZMB-D-0107/ZMB-D-0107__1999-04-14_2026-01-30.json,json,467689,2026-10-07 16:42,,,,,
data/raw/nasa_power/daily_soil_moisture/ZMB-D-0107/ZMB-D-0107__1999-04-14_2026-01-30.meta.json,json,1434,2026-10-07 16:42,,,,,
data/raw/nasa_power/daily_soil_moisture/ZMB-D-0108/ZMB-D-0108__1999-04-14_2026-01-30.json,json,467594,2026-10-07 16:42,,,,,
data/raw/nasa_power/daily_soil_moisture/ZMB-D-0108/ZMB-D-0108__1999-04-14_2026-01-30.meta.json,json,1428,2026-10-07 16:42,,,,,
data/raw/nasa_power/daily_soil_moisture/ZMB-D-0109/ZMB-D-0109__1999-04-14_2026-01-30.json,json,467690,2026-10-07 16:42,,,,,
data/raw/nasa_power/daily_soil_moisture/ZMB-D-0109/ZMB-D-0109__1999-04-14_2026-01-30.meta.json,json,1434,2026-10-07 16:42,,,,,
data/raw/nasa_power/daily_soil_moisture/ZMB-D-0110/ZMB-D-0110__1999-04-14_2026-01-30.json,json,467250,2026-10-07 16:42,,,,,
data/raw/nasa_power/daily_soil_moisture/ZMB-D-0110/ZMB-D-0110__1999-04-14_2026-01-30.meta.json,json,1434,2026-10-07 16:42,,,,,
data/raw/nasa_power/daily_soil_moisture/ZMB-D-0111/ZMB-D-0111__1999-04-14_2026-01-30.json,json,467689,2026-10-07 16:42,,,,,
data/raw/nasa_power/daily_soil_moisture/ZMB-D-0111/ZMB-D-0111__1999-04-14_2026-01-30.meta.json,json,1434,2026-10-07 16:42,,,,,
data/raw/nasa_power/daily_soil_moisture/ZMB-D-0201/ZMB-D-0201__1999-04-14_2026-01-30.json,json,467649,2026-10-07 16:42,,,,,
data/raw/nasa_power/daily_soil_moisture/ZMB-D-0201/ZMB-D-0201__1999-04-14_2026-01-30.meta.json,json,1434,2026-10-07 16:42,,,,,
data/raw/nasa_power/daily_soil_moisture/ZMB-D-0202/ZMB-D-0202__1999-04-14_2026-01-30.json,json,465830,2026-10-07 16:42,,,,,
data/raw/nasa_power/daily_soil_moisture/ZMB-D-0202/ZMB-D-0202__1999-04-14_2026-01-30.meta.json,json,1434,2026-10-07 16:42,,,,,
data/raw/nasa_power/daily_soil_moisture/ZMB-D-0203/ZMB-D-0203__1999-04-14_2026-01-30.json,json,466267,2026-10-07 16:42,,,,,
data/raw/nasa_power/daily_soil_moisture/ZMB-D-0203/ZMB-D-0203__1999-04-14_2026-01-30.meta.json,json,1434,2026-10-07 16:42,,,,,
data/raw/nasa_power/daily_soil_moisture/ZMB-D-0204/ZMB-D-0204__1999-04-14_2026-01-30.json,json,466268,2026-10-07 16:43,,,,,
data/raw/nasa_power/daily_soil_moisture/ZMB-D-0204/ZMB-D-0204__1999-04-14_2026-01-30.meta.json,json,1434,2026-10-07 16:43,,,,,
data/raw/nasa_power/daily_soil_moisture/ZMB-D-0205/ZMB-D-0205__1999-04-14_2026-01-30.json,json,467900,2026-10-07 16:43,,,,,
data/raw/nasa_power/daily_soil_moisture/ZMB-D-0205/ZMB-D-0205__1999-04-14_2026-01-30.meta.json,json,1434,2026-10-07 16:43,,,,,
data/raw/nasa_power/daily_soil_moisture/ZMB-D-0206/ZMB-D-0206__1999-04-14_2026-01-30.json,json,466283,2026-10-07 16:43,,,,,
data/raw/nasa_power/daily_soil_moisture/ZMB-D-0206/ZMB-D-0206__1999-04-14_2026-01-30.meta.json,json,1434,2026-10-07 16:43,,,,,
data/raw/nasa_power/daily_soil_moisture/ZMB-D-0207/ZMB-D-0207__1999-04-14_2026-01-30.json,json,466267,2026-10-07 16:43,,,,,
data/raw/nasa_power/daily_soil_moisture/ZMB-D-0207/ZMB-D-0207__1999-04-14_2026-01-30.meta.json,json,1433,2026-10-07 16:43,,,,,
data/raw/nasa_power/daily_soil_moisture/ZMB-D-0208/ZMB-D-0208__1999-04-14_2026-01-30.json,json,467222,2026-10-07 16:43,,,,,
data/raw/nasa_power/daily_soil_moisture/ZMB-D-0208/ZMB-D-0208__1999-04-14_2026-01-30.meta.json,json,1434,2026-10-07 16:43,,,,,
data/raw/nasa_power/daily_soil_moisture/ZMB-D-0209/ZMB-D-0209__1999-04-14_2026-01-30.json,json,465829,2026-10-07 16:43,,,,,
data/raw/nasa_power/daily_soil_moisture/ZMB-D-0209/ZMB-D-0209__1999-04-14_2026-01-30.meta.json,json,1434,2026-10-07 16:43,,,,,
data/raw/nasa_power/daily_soil_moisture/ZMB-D-0210/ZMB-D-0210__1999-04-14_2026-01-30.json,json,466062,2026-10-07 16:43,,,,,
data/raw/nasa_power/daily_soil_moisture/ZMB-D-0210/ZMB-D-0210__1999-04-14_2026-01-30.meta.json,json,1434,2026-10-07 16:43,,,,,
data/raw/nasa_power/daily_soil_moisture/ZMB-D-0301/ZMB-D-0301__1999-04-14_2026-01-30.json,json,466057,2026-10-07 16:43,,,,,
data/raw/nasa_power/daily_soil_moisture/ZMB-D-0301/ZMB-D-0301__1999-04-14_2026-01-30.meta.json,json,1434,2026-10-07 16:43,,,,,
data/raw/nasa_power/daily_soil_moisture/ZMB-D-0302/ZMB-D-0302__1999-04-14_2026-01-30.json,json,467101,2026-10-07 16:43,,,,,
data/raw/nasa_power/daily_soil_moisture/ZMB-D-0302/ZMB-D-0302__1999-04-14_2026-01-30.meta.json,json,1434,2026-10-07 16:43,,,,,
data/raw/nasa_power/daily_soil_moisture/ZMB-D-0303/ZMB-D-0303__1999-04-14_2026-01-30.json,json,466813,2026-10-07 16:43,,,,,
data/raw/nasa_power/daily_soil_moisture/ZMB-D-0303/ZMB-D-0303__1999-04-14_2026-01-30.meta.json,json,1433,2026-10-07 16:43,,,,,
data/raw/nasa_power/daily_soil_moisture/ZMB-D-0304/ZMB-D-0304__1999-04-14_2026-01-30.json,json,467704,2026-10-07 16:43,,,,,
data/raw/nasa_power/daily_soil_moisture/ZMB-D-0304/ZMB-D-0304__1999-04-14_2026-01-30.meta.json,json,1434,2026-10-07 16:43,,,,,
data/raw/nasa_power/daily_soil_moisture/ZMB-D-0305/ZMB-D-0305__1999-04-14_2026-01-30.json,json,467784,2026-10-07 16:43,,,,,
data/raw/nasa_power/daily_soil_moisture/ZMB-D-0305/ZMB-D-0305__1999-04-14_2026-01-30.meta.json,json,1434,2026-10-07 16:43,,,,,
data/raw/nasa_power/daily_soil_moisture/ZMB-D-0306/ZMB-D-0306__1999-04-14_2026-01-30.json,json,464873,2026-10-07 16:43,,,,,
data/raw/nasa_power/daily_soil_moisture/ZMB-D-0306/ZMB-D-0306__1999-04-14_2026-01-30.meta.json,json,1434,2026-10-07 16:43,,,,,
data/raw/nasa_power/daily_soil_moisture/ZMB-D-0307/ZMB-D-0307__1999-04-14_2026-01-30.json,json,468637,2026-10-07 16:43,,,,,
data/raw/nasa_power/daily_soil_moisture/ZMB-D-0307/ZMB-D-0307__1999-04-14_2026-01-30.meta.json,json,1434,2026-10-07 16:43,,,,,
data/raw/nasa_power/daily_soil_moisture/ZMB-D-0308/ZMB-D-0308__1999-04-14_2026-01-30.json,json,466814,2026-10-07 16:44,,,,,
data/raw/nasa_power/daily_soil_moisture/ZMB-D-0308/ZMB-D-0308__1999-04-14_2026-01-30.meta.json,json,1431,2026-10-07 16:44,,,,,
data/raw/nasa_power/daily_soil_moisture/ZMB-D-0309/ZMB-D-0309__1999-04-14_2026-01-30.json,json,466845,2026-10-07 16:44,,,,,
data/raw/nasa_power/daily_soil_moisture/ZMB-D-0309/ZMB-D-0309__1999-04-14_2026-01-30.meta.json,json,1434,2026-10-07 16:44,,,,,
data/raw/nasa_power/daily_soil_moisture/ZMB-D-0401/ZMB-D-0401__1999-04-14_2026-01-30.json,json,467561,2026-10-07 16:44,,,,,
data/raw/nasa_power/daily_soil_moisture/ZMB-D-0401/ZMB-D-0401__1999-04-14_2026-01-30.meta.json,json,1433,2026-10-07 16:44,,,,,
data/raw/nasa_power/daily_soil_moisture/ZMB-D-0402/ZMB-D-0402__1999-04-14_2026-01-30.json,json,467859,2026-10-07 16:44,,,,,
data/raw/nasa_power/daily_soil_moisture/ZMB-D-0402/ZMB-D-0402__1999-04-14_2026-01-30.meta.json,json,1434,2026-10-07 16:44,,,,,
data/raw/nasa_power/daily_soil_moisture/ZMB-D-0403/ZMB-D-0403__1999-04-14_2026-01-30.json,json,467043,2026-10-07 16:44,,,,,
data/raw/nasa_power/daily_soil_moisture/ZMB-D-0403/ZMB-D-0403__1999-04-14_2026-01-30.meta.json,json,1434,2026-10-07 16:44,,,,,
data/raw/nasa_power/daily_soil_moisture/ZMB-D-0404/ZMB-D-0404__1999-04-14_2026-01-30.json,json,467481,2026-10-07 16:44,,,,,
data/raw/nasa_power/daily_soil_moisture/ZMB-D-0404/ZMB-D-0404__1999-04-14_2026-01-30.meta.json,json,1434,2026-10-07 16:44,,,,,
data/raw/nasa_power/daily_soil_moisture/ZMB-D-0405/ZMB-D-0405__1999-04-14_2026-01-30.json,json,467209,2026-10-07 16:44,,,,,
data/raw/nasa_power/daily_soil_moisture/ZMB-D-0405/ZMB-D-0405__1999-04-14_2026-01-30.meta.json,json,1431,2026-10-07 16:44,,,,,
data/raw/nasa_power/daily_soil_moisture/ZMB-D-0406/ZMB-D-0406__1999-04-14_2026-01-30.json,json,467649,2026-10-07 16:44,,,,,
data/raw/nasa_power/daily_soil_moisture/ZMB-D-0406/ZMB-D-0406__1999-04-14_2026-01-30.meta.json,json,1431,2026-10-07 16:44,,,,,
data/raw/nasa_power/daily_soil_moisture/ZMB-D-0407/ZMB-D-0407__1999-04-14_2026-01-30.json,json,467446,2026-10-07 16:44,,,,,
data/raw/nasa_power/daily_soil_moisture/ZMB-D-0407/ZMB-D-0407__1999-04-14_2026-01-30.meta.json,json,1431,2026-10-07 16:44,,,,,
data/raw/nasa_power/daily_soil_moisture/ZMB-D-0408/ZMB-D-0408__1999-04-14_2026-01-30.json,json,467854,2026-10-07 16:44,,,,,
data/raw/nasa_power/daily_soil_moisture/ZMB-D-0408/ZMB-D-0408__1999-04-14_2026-01-30.meta.json,json,1434,2026-10-07 16:44,,,,,
data/raw/nasa_power/daily_soil_moisture/ZMB-D-0409/ZMB-D-0409__1999-04-14_2026-01-30.json,json,467783,2026-10-07 16:44,,,,,
data/raw/nasa_power/daily_soil_moisture/ZMB-D-0409/ZMB-D-0409__1999-04-14_2026-01-30.meta.json,json,1431,2026-10-07 16:44,,,,,
data/raw/nasa_power/daily_soil_moisture/ZMB-D-0410/ZMB-D-0410__1999-04-14_2026-01-30.json,json,466186,2026-10-07 16:44,,,,,
data/raw/nasa_power/daily_soil_moisture/ZMB-D-0410/ZMB-D-0410__1999-04-14_2026-01-30.meta.json,json,1434,2026-10-07 16:44,,,,,
data/raw/nasa_power/daily_soil_moisture/ZMB-D-0411/ZMB-D-0411__1999-04-14_2026-01-30.json,json,467267,2026-10-07 16:44,,,,,
data/raw/nasa_power/daily_soil_moisture/ZMB-D-0411/ZMB-D-0411__1999-04-14_2026-01-30.meta.json,json,1431,2026-10-07 16:44,,,,,
data/raw/nasa_power/daily_soil_moisture/ZMB-D-0501/ZMB-D-0501__1999-04-14_2026-01-30.json,json,468490,2026-10-07 16:44,,,,,
data/raw/nasa_power/daily_soil_moisture/ZMB-D-0501/ZMB-D-0501__1999-04-14_2026-01-30.meta.json,json,1434,2026-10-07 16:44,,,,,
data/raw/nasa_power/daily_soil_moisture/ZMB-D-0502/ZMB-D-0502__1999-04-14_2026-01-30.json,json,468688,2026-10-07 16:44,,,,,
data/raw/nasa_power/daily_soil_moisture/ZMB-D-0502/ZMB-D-0502__1999-04-14_2026-01-30.meta.json,json,1434,2026-10-07 16:44,,,,,
data/raw/nasa_power/daily_soil_moisture/ZMB-D-0503/ZMB-D-0503__1999-04-14_2026-01-30.json,json,468707,2026-10-07 16:44,,,,,
data/raw/nasa_power/daily_soil_moisture/ZMB-D-0503/ZMB-D-0503__1999-04-14_2026-01-30.meta.json,json,1433,2026-10-07 16:44,,,,,
data/raw/nasa_power/daily_soil_moisture/ZMB-D-0504/ZMB-D-0504__1999-04-14_2026-01-30.json,json,462275,2026-10-07 16:45,,,,,
data/raw/nasa_power/daily_soil_moisture/ZMB-D-0504/ZMB-D-0504__1999-04-14_2026-01-30.meta.json,json,1433,2026-10-07 16:45,,,,,
data/raw/nasa_power/daily_soil_moisture/ZMB-D-0505/ZMB-D-0505__1999-04-14_2026-01-30.json,json,468206,2026-10-07 16:45,,,,,
data/raw/nasa_power/daily_soil_moisture/ZMB-D-0505/ZMB-D-0505__1999-04-14_2026-01-30.meta.json,json,1433,2026-10-07 16:45,,,,,
data/raw/nasa_power/daily_soil_moisture/ZMB-D-0506/ZMB-D-0506__1999-04-14_2026-01-30.json,json,468688,2026-10-07 16:45,,,,,
data/raw/nasa_power/daily_soil_moisture/ZMB-D-0506/ZMB-D-0506__1999-04-14_2026-01-30.meta.json,json,1433,2026-10-07 16:45,,,,,
data/raw/nasa_power/daily_soil_moisture/ZMB-D-0507/ZMB-D-0507__1999-04-14_2026-01-30.json,json,468491,2026-10-07 16:45,,,,,
data/raw/nasa_power/daily_soil_moisture/ZMB-D-0507/ZMB-D-0507__1999-04-14_2026-01-30.meta.json,json,1434,2026-10-07 16:45,,,,,
data/raw/nasa_power/daily_soil_moisture/ZMB-D-0508/ZMB-D-0508__1999-04-14_2026-01-30.json,json,467408,2026-10-07 16:45,,,,,
data/raw/nasa_power/daily_soil_moisture/ZMB-D-0508/ZMB-D-0508__1999-04-14_2026-01-30.meta.json,json,1434,2026-10-07 16:45,,,,,
data/raw/nasa_power/daily_soil_moisture/ZMB-D-0601/ZMB-D-0601__1999-04-14_2026-01-30.json,json,467985,2026-10-07 16:45,,,,,
data/raw/nasa_power/daily_soil_moisture/ZMB-D-0601/ZMB-D-0601__1999-04-14_2026-01-30.meta.json,json,1434,2026-10-07 16:45,,,,,
data/raw/nasa_power/daily_soil_moisture/ZMB-D-0602/ZMB-D-0602__1999-04-14_2026-01-30.json,json,467124,2026-10-07 16:45,,,,,
data/raw/nasa_power/daily_soil_moisture/ZMB-D-0602/ZMB-D-0602__1999-04-14_2026-01-30.meta.json,json,1434,2026-10-07 16:45,,,,,
data/raw/nasa_power/daily_soil_moisture/ZMB-D-0603/ZMB-D-0603__1999-04-14_2026-01-30.json,json,467560,2026-10-07 16:45,,,,,
data/raw/nasa_power/daily_soil_moisture/ZMB-D-0603/ZMB-D-0603__1999-04-14_2026-01-30.meta.json,json,1428,2026-10-07 16:45,,,,,
data/raw/nasa_power/daily_soil_moisture/ZMB-D-0604/ZMB-D-0604__1999-04-14_2026-01-30.json,json,467700,2026-10-07 16:45,,,,,
data/raw/nasa_power/daily_soil_moisture/ZMB-D-0604/ZMB-D-0604__1999-04-14_2026-01-30.meta.json,json,1434,2026-10-07 16:45,,,,,
data/raw/nasa_power/daily_soil_moisture/ZMB-D-0605/ZMB-D-0605__1999-04-14_2026-01-30.json,json,467756,2026-10-07 16:45,,,,,
data/raw/nasa_power/daily_soil_moisture/ZMB-D-0605/ZMB-D-0605__1999-04-14_2026-01-30.meta.json,json,1431,2026-10-07 16:45,,,,,
data/raw/nasa_power/daily_soil_moisture/ZMB-D-0606/ZMB-D-0606__1999-04-14_2026-01-30.json,json,467805,2026-10-07 16:45,,,,,
data/raw/nasa_power/daily_soil_moisture/ZMB-D-0606/ZMB-D-0606__1999-04-14_2026-01-30.meta.json,json,1431,2026-10-07 16:45,,,,,
data/raw/nasa_power/daily_soil_moisture/ZMB-D-0607/ZMB-D-0607__1999-04-14_2026-01-30.json,json,467542,2026-10-07 16:45,,,,,
data/raw/nasa_power/daily_soil_moisture/ZMB-D-0607/ZMB-D-0607__1999-04-14_2026-01-30.meta.json,json,1434,2026-10-07 16:45,,,,,
data/raw/nasa_power/daily_soil_moisture/ZMB-D-0701/ZMB-D-0701__1999-04-14_2026-01-30.json,json,468612,2026-10-07 16:45,,,,,
data/raw/nasa_power/daily_soil_moisture/ZMB-D-0701/ZMB-D-0701__1999-04-14_2026-01-30.meta.json,json,1434,2026-10-07 16:45,,,,,
data/raw/nasa_power/daily_soil_moisture/ZMB-D-0702/ZMB-D-0702__1999-04-14_2026-01-30.json,json,467934,2026-10-07 16:45,,,,,
data/raw/nasa_power/daily_soil_moisture/ZMB-D-0702/ZMB-D-0702__1999-04-14_2026-01-30.meta.json,json,1434,2026-10-07 16:45,,,,,
data/raw/nasa_power/daily_soil_moisture/ZMB-D-0703/ZMB-D-0703__1999-04-14_2026-01-30.json,json,465374,2026-10-07 16:45,,,,,
data/raw/nasa_power/daily_soil_moisture/ZMB-D-0703/ZMB-D-0703__1999-04-14_2026-01-30.meta.json,json,1434,2026-10-07 16:45,,,,,
data/raw/nasa_power/daily_soil_moisture/ZMB-D-0704/ZMB-D-0704__1999-04-14_2026-01-30.json,json,466915,2026-10-07 16:45,,,,,
data/raw/nasa_power/daily_soil_moisture/ZMB-D-0704/ZMB-D-0704__1999-04-14_2026-01-30.meta.json,json,1434,2026-10-07 16:45,,,,,
data/raw/nasa_power/daily_soil_moisture/ZMB-D-0705/ZMB-D-0705__1999-04-14_2026-01-30.json,json,466347,2026-10-07 16:46,,,,,
data/raw/nasa_power/daily_soil_moisture/ZMB-D-0705/ZMB-D-0705__1999-04-14_2026-01-30.meta.json,json,1434,2026-10-07 16:46,,,,,
data/raw/nasa_power/daily_soil_moisture/ZMB-D-0706/ZMB-D-0706__1999-04-14_2026-01-30.json,json,467957,2026-10-07 16:46,,,,,
data/raw/nasa_power/daily_soil_moisture/ZMB-D-0706/ZMB-D-0706__1999-04-14_2026-01-30.meta.json,json,1434,2026-10-07 16:46,,,,,
data/raw/nasa_power/daily_soil_moisture/ZMB-D-0707/ZMB-D-0707__1999-04-14_2026-01-30.json,json,468042,2026-10-07 16:46,,,,,
data/raw/nasa_power/daily_soil_moisture/ZMB-D-0707/ZMB-D-0707__1999-04-14_2026-01-30.meta.json,json,1434,2026-10-07 16:46,,,,,
data/raw/nasa_power/daily_soil_moisture/ZMB-D-0708/ZMB-D-0708__1999-04-14_2026-01-30.json,json,467060,2026-10-07 16:46,,,,,
data/raw/nasa_power/daily_soil_moisture/ZMB-D-0708/ZMB-D-0708__1999-04-14_2026-01-30.meta.json,json,1433,2026-10-07 16:46,,,,,
data/raw/nasa_power/daily_soil_moisture/ZMB-D-0709/ZMB-D-0709__1999-04-14_2026-01-30.json,json,468194,2026-10-07 16:46,,,,,
data/raw/nasa_power/daily_soil_moisture/ZMB-D-0709/ZMB-D-0709__1999-04-14_2026-01-30.meta.json,json,1433,2026-10-07 16:46,,,,,
data/raw/nasa_power/daily_soil_moisture/ZMB-D-0801/ZMB-D-0801__1999-04-14_2026-01-30.json,json,467318,2026-10-07 16:46,,,,,
data/raw/nasa_power/daily_soil_moisture/ZMB-D-0801/ZMB-D-0801__1999-04-14_2026-01-30.meta.json,json,1434,2026-10-07 16:46,,,,,
data/raw/nasa_power/daily_soil_moisture/ZMB-D-0802/ZMB-D-0802__1999-04-14_2026-01-30.json,json,467803,2026-10-07 16:46,,,,,
data/raw/nasa_power/daily_soil_moisture/ZMB-D-0802/ZMB-D-0802__1999-04-14_2026-01-30.meta.json,json,1434,2026-10-07 16:46,,,,,
data/raw/nasa_power/daily_soil_moisture/ZMB-D-0803/ZMB-D-0803__1999-04-14_2026-01-30.json,json,467763,2026-10-07 16:46,,,,,
data/raw/nasa_power/daily_soil_moisture/ZMB-D-0803/ZMB-D-0803__1999-04-14_2026-01-30.meta.json,json,1434,2026-10-07 16:46,,,,,
data/raw/nasa_power/daily_soil_moisture/ZMB-D-0804/ZMB-D-0804__1999-04-14_2026-01-30.json,json,467521,2026-10-07 16:46,,,,,
data/raw/nasa_power/daily_soil_moisture/ZMB-D-0804/ZMB-D-0804__1999-04-14_2026-01-30.meta.json,json,1431,2026-10-07 16:46,,,,,
data/raw/nasa_power/daily_soil_moisture/ZMB-D-0805/ZMB-D-0805__1999-04-14_2026-01-30.json,json,467576,2026-10-07 16:46,,,,,
data/raw/nasa_power/daily_soil_moisture/ZMB-D-0805/ZMB-D-0805__1999-04-14_2026-01-30.meta.json,json,1430,2026-10-07 16:46,,,,,
data/raw/nasa_power/daily_soil_moisture/ZMB-D-0806/ZMB-D-0806__1999-04-14_2026-01-30.json,json,467591,2026-10-07 16:46,,,,,
data/raw/nasa_power/daily_soil_moisture/ZMB-D-0806/ZMB-D-0806__1999-04-14_2026-01-30.meta.json,json,1431,2026-10-07 16:46,,,,,
data/raw/nasa_power/daily_soil_moisture/ZMB-D-0807/ZMB-D-0807__1999-04-14_2026-01-30.json,json,467617,2026-10-07 16:46,,,,,
data/raw/nasa_power/daily_soil_moisture/ZMB-D-0807/ZMB-D-0807__1999-04-14_2026-01-30.meta.json,json,1431,2026-10-07 16:46,,,,,
data/raw/nasa_power/daily_soil_moisture/ZMB-D-0808/ZMB-D-0808__1999-04-14_2026-01-30.json,json,467731,2026-10-07 16:46,,,,,
data/raw/nasa_power/daily_soil_moisture/ZMB-D-0808/ZMB-D-0808__1999-04-14_2026-01-30.meta.json,json,1431,2026-10-07 16:46,,,,,
data/raw/nasa_power/daily_soil_moisture/ZMB-D-0809/ZMB-D-0809__1999-04-14_2026-01-30.json,json,467446,2026-10-07 16:46,,,,,
data/raw/nasa_power/daily_soil_moisture/ZMB-D-0809/ZMB-D-0809__1999-04-14_2026-01-30.meta.json,json,1431,2026-10-07 16:46,,,,,
data/raw/nasa_power/daily_soil_moisture/ZMB-D-0901/ZMB-D-0901__1999-04-14_2026-01-30.json,json,468103,2026-10-07 16:46,,,,,
data/raw/nasa_power/daily_soil_moisture/ZMB-D-0901/ZMB-D-0901__1999-04-14_2026-01-30.meta.json,json,1434,2026-10-07 16:46,,,,,
data/raw/nasa_power/daily_soil_moisture/ZMB-D-0902/ZMB-D-0902__1999-04-14_2026-01-30.json,json,468537,2026-10-07 16:46,,,,,
data/raw/nasa_power/daily_soil_moisture/ZMB-D-0902/ZMB-D-0902__1999-04-14_2026-01-30.meta.json,json,1434,2026-10-07 16:46,,,,,
data/raw/nasa_power/daily_soil_moisture/ZMB-D-0903/ZMB-D-0903__1999-04-14_2026-01-30.json,json,467365,2026-10-07 16:47,,,,,
data/raw/nasa_power/daily_soil_moisture/ZMB-D-0903/ZMB-D-0903__1999-04-14_2026-01-30.meta.json,json,1434,2026-10-07 16:47,,,,,
data/raw/nasa_power/daily_soil_moisture/ZMB-D-0904/ZMB-D-0904__1999-04-14_2026-01-30.json,json,465228,2026-10-07 16:47,,,,,
data/raw/nasa_power/daily_soil_moisture/ZMB-D-0904/ZMB-D-0904__1999-04-14_2026-01-30.meta.json,json,1434,2026-10-07 16:47,,,,,
data/raw/nasa_power/daily_soil_moisture/ZMB-D-0905/ZMB-D-0905__1999-04-14_2026-01-30.json,json,467361,2026-10-07 16:47,,,,,
data/raw/nasa_power/daily_soil_moisture/ZMB-D-0905/ZMB-D-0905__1999-04-14_2026-01-30.meta.json,json,1434,2026-10-07 16:47,,,,,
data/raw/nasa_power/daily_soil_moisture/ZMB-D-0906/ZMB-D-0906__1999-04-14_2026-01-30.json,json,468722,2026-10-07 16:47,,,,,
data/raw/nasa_power/daily_soil_moisture/ZMB-D-0906/ZMB-D-0906__1999-04-14_2026-01-30.meta.json,json,1434,2026-10-07 16:47,,,,,
data/raw/nasa_power/daily_soil_moisture/ZMB-D-0907/ZMB-D-0907__1999-04-14_2026-01-30.json,json,468090,2026-10-07 16:47,,,,,
data/raw/nasa_power/daily_soil_moisture/ZMB-D-0907/ZMB-D-0907__1999-04-14_2026-01-30.meta.json,json,1434,2026-10-07 16:47,,,,,
data/raw/nasa_power/daily_soil_moisture/ZMB-D-0908/ZMB-D-0908__1999-04-14_2026-01-30.json,json,463483,2026-10-07 16:47,,,,,
data/raw/nasa_power/daily_soil_moisture/ZMB-D-0908/ZMB-D-0908__1999-04-14_2026-01-30.meta.json,json,1434,2026-10-07 16:47,,,,,
data/raw/nasa_power/daily_soil_moisture/ZMB-D-0909/ZMB-D-0909__1999-04-14_2026-01-30.json,json,466413,2026-10-07 16:47,,,,,
data/raw/nasa_power/daily_soil_moisture/ZMB-D-0909/ZMB-D-0909__1999-04-14_2026-01-30.meta.json,json,1434,2026-10-07 16:47,,,,,
data/raw/nasa_power/daily_soil_moisture/ZMB-D-0910/ZMB-D-0910__1999-04-14_2026-01-30.json,json,463483,2026-10-07 16:47,,,,,
data/raw/nasa_power/daily_soil_moisture/ZMB-D-0910/ZMB-D-0910__1999-04-14_2026-01-30.meta.json,json,1434,2026-10-07 16:47,,,,,
data/raw/nasa_power/daily_soil_moisture/ZMB-D-0911/ZMB-D-0911__1999-04-14_2026-01-30.json,json,468256,2026-10-07 16:47,,,,,
data/raw/nasa_power/daily_soil_moisture/ZMB-D-0911/ZMB-D-0911__1999-04-14_2026-01-30.meta.json,json,1434,2026-10-07 16:47,,,,,
data/raw/nasa_power/daily_soil_moisture/ZMB-D-0912/ZMB-D-0912__1999-04-14_2026-01-30.json,json,465086,2026-10-07 16:47,,,,,
data/raw/nasa_power/daily_soil_moisture/ZMB-D-0912/ZMB-D-0912__1999-04-14_2026-01-30.meta.json,json,1434,2026-10-07 16:47,,,,,
data/raw/nasa_power/daily_soil_moisture/ZMB-D-1001/ZMB-D-1001__1999-04-14_2026-01-30.json,json,468423,2026-10-07 16:47,,,,,
data/raw/nasa_power/daily_soil_moisture/ZMB-D-1001/ZMB-D-1001__1999-04-14_2026-01-30.meta.json,json,1434,2026-10-07 16:47,,,,,
data/raw/nasa_power/daily_soil_moisture/ZMB-D-1002/ZMB-D-1002__1999-04-14_2026-01-30.json,json,466834,2026-10-07 16:47,,,,,
data/raw/nasa_power/daily_soil_moisture/ZMB-D-1002/ZMB-D-1002__1999-04-14_2026-01-30.meta.json,json,1434,2026-10-07 16:47,,,,,
data/raw/nasa_power/daily_soil_moisture/ZMB-D-1003/ZMB-D-1003__1999-04-14_2026-01-30.json,json,467836,2026-10-07 16:47,,,,,
data/raw/nasa_power/daily_soil_moisture/ZMB-D-1003/ZMB-D-1003__1999-04-14_2026-01-30.meta.json,json,1434,2026-10-07 16:47,,,,,
data/raw/nasa_power/daily_soil_moisture/ZMB-D-1004/ZMB-D-1004__1999-04-14_2026-01-30.json,json,467746,2026-10-07 16:47,,,,,
data/raw/nasa_power/daily_soil_moisture/ZMB-D-1004/ZMB-D-1004__1999-04-14_2026-01-30.meta.json,json,1434,2026-10-07 16:47,,,,,
data/raw/nasa_power/daily_soil_moisture/ZMB-D-1005/ZMB-D-1005__1999-04-14_2026-01-30.json,json,468166,2026-10-07 16:47,,,,,
data/raw/nasa_power/daily_soil_moisture/ZMB-D-1005/ZMB-D-1005__1999-04-14_2026-01-30.meta.json,json,1434,2026-10-07 16:47,,,,,
data/raw/nasa_power/daily_soil_moisture/ZMB-D-1006/ZMB-D-1006__1999-04-14_2026-01-30.json,json,467929,2026-10-07 16:47,,,,,
data/raw/nasa_power/daily_soil_moisture/ZMB-D-1006/ZMB-D-1006__1999-04-14_2026-01-30.meta.json,json,1434,2026-10-07 16:47,,,,,
data/raw/nasa_power/daily_soil_moisture/ZMB-D-1007/ZMB-D-1007__1999-04-14_2026-01-30.json,json,467152,2026-10-07 16:48,,,,,
data/raw/nasa_power/daily_soil_moisture/ZMB-D-1007/ZMB-D-1007__1999-04-14_2026-01-30.meta.json,json,1434,2026-10-07 16:48,,,,,
data/raw/nasa_power/daily_soil_moisture/ZMB-D-1008/ZMB-D-1008__1999-04-14_2026-01-30.json,json,467201,2026-10-07 16:48,,,,,
data/raw/nasa_power/daily_soil_moisture/ZMB-D-1008/ZMB-D-1008__1999-04-14_2026-01-30.meta.json,json,1434,2026-10-07 16:48,,,,,
data/raw/nasa_power/daily_soil_moisture/ZMB-D-1009/ZMB-D-1009__1999-04-14_2026-01-30.json,json,468395,2026-10-07 16:48,,,,,
data/raw/nasa_power/daily_soil_moisture/ZMB-D-1009/ZMB-D-1009__1999-04-14_2026-01-30.meta.json,json,1434,2026-10-07 16:48,,,,,
data/raw/nasa_power/daily_soil_moisture/ZMB-D-1010/ZMB-D-1010__1999-04-14_2026-01-30.json,json,467805,2026-10-07 16:48,,,,,
data/raw/nasa_power/daily_soil_moisture/ZMB-D-1010/ZMB-D-1010__1999-04-14_2026-01-30.meta.json,json,1428,2026-10-07 16:48,,,,,
data/raw/nasa_power/daily_soil_moisture/ZMB-D-1011/ZMB-D-1011__1999-04-14_2026-01-30.json,json,468395,2026-10-07 16:48,,,,,
data/raw/nasa_power/daily_soil_moisture/ZMB-D-1011/ZMB-D-1011__1999-04-14_2026-01-30.meta.json,json,1434,2026-10-07 16:48,,,,,
data/raw/nasa_power/daily_soil_moisture/ZMB-D-1012/ZMB-D-1012__1999-04-14_2026-01-30.json,json,468009,2026-10-07 16:48,,,,,
data/raw/nasa_power/daily_soil_moisture/ZMB-D-1012/ZMB-D-1012__1999-04-14_2026-01-30.meta.json,json,1434,2026-10-07 16:48,,,,,
data/raw/nasa_power/daily_soil_moisture/ZMB-D-1013/ZMB-D-1013__1999-04-14_2026-01-30.json,json,466730,2026-10-07 16:48,,,,,
data/raw/nasa_power/daily_soil_moisture/ZMB-D-1013/ZMB-D-1013__1999-04-14_2026-01-30.meta.json,json,1434,2026-10-07 16:48,,,,,
data/raw/nasa_power/daily_soil_moisture/ZMB-D-1014/ZMB-D-1014__1999-04-14_2026-01-30.json,json,466231,2026-10-07 16:48,,,,,
data/raw/nasa_power/daily_soil_moisture/ZMB-D-1014/ZMB-D-1014__1999-04-14_2026-01-30.meta.json,json,1431,2026-10-07 16:48,,,,,
data/raw/nasa_power/daily_soil_moisture/ZMB-D-1015/ZMB-D-1015__1999-04-14_2026-01-30.json,json,468163,2026-10-07 16:48,,,,,
data/raw/nasa_power/daily_soil_moisture/ZMB-D-1015/ZMB-D-1015__1999-04-14_2026-01-30.meta.json,json,1434,2026-10-07 16:48,,,,,
data/raw/nasa_power/daily_weather/ZMB-D-0101/ZMB-D-0101__1999-04-14_2026-01-30.json,json,968983,2026-10-06 14:32,,,,,
data/raw/nasa_power/daily_weather/ZMB-D-0101/ZMB-D-0101__1999-04-14_2026-01-30.meta.json,json,1795,2026-10-06 14:32,,,,,
data/raw/nasa_power/daily_weather/ZMB-D-0102/ZMB-D-0102__1999-04-14_2026-01-30.json,json,969515,2026-10-06 14:32,,,,,
data/raw/nasa_power/daily_weather/ZMB-D-0102/ZMB-D-0102__1999-04-14_2026-01-30.meta.json,json,1792,2026-10-06 14:32,,,,,
data/raw/nasa_power/daily_weather/ZMB-D-0103/ZMB-D-0103__1999-04-14_2026-01-30.json,json,969557,2026-10-06 14:32,,,,,
data/raw/nasa_power/daily_weather/ZMB-D-0103/ZMB-D-0103__1999-04-14_2026-01-30.meta.json,json,1795,2026-10-06 14:32,,,,,
data/raw/nasa_power/daily_weather/ZMB-D-0104/ZMB-D-0104__1999-04-14_2026-01-30.json,json,969354,2026-10-06 14:32,,,,,
data/raw/nasa_power/daily_weather/ZMB-D-0104/ZMB-D-0104__1999-04-14_2026-01-30.meta.json,json,1794,2026-10-06 14:32,,,,,
data/raw/nasa_power/daily_weather/ZMB-D-0105/ZMB-D-0105__1999-04-14_2026-01-30.json,json,969297,2026-10-06 14:32,,,,,
data/raw/nasa_power/daily_weather/ZMB-D-0105/ZMB-D-0105__1999-04-14_2026-01-30.meta.json,json,1795,2026-10-06 14:32,,,,,
data/raw/nasa_power/daily_weather/ZMB-D-0106/ZMB-D-0106__1999-04-14_2026-01-30.json,json,970519,2026-10-06 14:32,,,,,
data/raw/nasa_power/daily_weather/ZMB-D-0106/ZMB-D-0106__1999-04-14_2026-01-30.meta.json,json,1795,2026-10-06 14:32,,,,,
data/raw/nasa_power/daily_weather/ZMB-D-0107/ZMB-D-0107__1999-04-14_2026-01-30.json,json,969729,2026-10-06 14:32,,,,,
data/raw/nasa_power/daily_weather/ZMB-D-0107/ZMB-D-0107__1999-04-14_2026-01-30.meta.json,json,1795,2026-10-06 14:32,,,,,
data/raw/nasa_power/daily_weather/ZMB-D-0108/ZMB-D-0108__1999-04-14_2026-01-30.json,json,969780,2026-10-06 14:32,,,,,
data/raw/nasa_power/daily_weather/ZMB-D-0108/ZMB-D-0108__1999-04-14_2026-01-30.meta.json,json,1789,2026-10-06 14:32,,,,,
data/raw/nasa_power/daily_weather/ZMB-D-0109/ZMB-D-0109__1999-04-14_2026-01-30.json,json,969854,2026-10-06 14:32,,,,,
data/raw/nasa_power/daily_weather/ZMB-D-0109/ZMB-D-0109__1999-04-14_2026-01-30.meta.json,json,1795,2026-10-06 14:32,,,,,
data/raw/nasa_power/daily_weather/ZMB-D-0110/ZMB-D-0110__1999-04-14_2026-01-30.json,json,968723,2026-10-06 14:33,,,,,
data/raw/nasa_power/daily_weather/ZMB-D-0110/ZMB-D-0110__1999-04-14_2026-01-30.meta.json,json,1795,2026-10-06 14:33,,,,,
data/raw/nasa_power/daily_weather/ZMB-D-0111/ZMB-D-0111__1999-04-14_2026-01-30.json,json,969729,2026-10-06 14:33,,,,,
data/raw/nasa_power/daily_weather/ZMB-D-0111/ZMB-D-0111__1999-04-14_2026-01-30.meta.json,json,1795,2026-10-06 14:33,,,,,
data/raw/nasa_power/daily_weather/ZMB-D-0201/ZMB-D-0201__1999-04-14_2026-01-30.json,json,969361,2026-10-06 14:33,,,,,
data/raw/nasa_power/daily_weather/ZMB-D-0201/ZMB-D-0201__1999-04-14_2026-01-30.meta.json,json,1795,2026-10-06 14:33,,,,,
data/raw/nasa_power/daily_weather/ZMB-D-0202/ZMB-D-0202__1999-04-14_2026-01-30.json,json,969777,2026-10-06 14:33,,,,,
data/raw/nasa_power/daily_weather/ZMB-D-0202/ZMB-D-0202__1999-04-14_2026-01-30.meta.json,json,1795,2026-10-06 14:33,,,,,
data/raw/nasa_power/daily_weather/ZMB-D-0203/ZMB-D-0203__1999-04-14_2026-01-30.json,json,970049,2026-10-06 14:33,,,,,
data/raw/nasa_power/daily_weather/ZMB-D-0203/ZMB-D-0203__1999-04-14_2026-01-30.meta.json,json,1795,2026-10-06 14:33,,,,,
data/raw/nasa_power/daily_weather/ZMB-D-0204/ZMB-D-0204__1999-04-14_2026-01-30.json,json,970050,2026-10-06 14:33,,,,,
data/raw/nasa_power/daily_weather/ZMB-D-0204/ZMB-D-0204__1999-04-14_2026-01-30.meta.json,json,1795,2026-10-06 14:33,,,,,
data/raw/nasa_power/daily_weather/ZMB-D-0205/ZMB-D-0205__1999-04-14_2026-01-30.json,json,969554,2026-10-06 14:33,,,,,
data/raw/nasa_power/daily_weather/ZMB-D-0205/ZMB-D-0205__1999-04-14_2026-01-30.meta.json,json,1794,2026-10-06 14:33,,,,,
data/raw/nasa_power/daily_weather/ZMB-D-0206/ZMB-D-0206__1999-04-14_2026-01-30.json,json,969865,2026-10-06 14:33,,,,,
data/raw/nasa_power/daily_weather/ZMB-D-0206/ZMB-D-0206__1999-04-14_2026-01-30.meta.json,json,1795,2026-10-06 14:33,,,,,
data/raw/nasa_power/daily_weather/ZMB-D-0207/ZMB-D-0207__1999-04-14_2026-01-30.json,json,970049,2026-10-06 14:33,,,,,
data/raw/nasa_power/daily_weather/ZMB-D-0207/ZMB-D-0207__1999-04-14_2026-01-30.meta.json,json,1795,2026-10-06 14:33,,,,,
data/raw/nasa_power/daily_weather/ZMB-D-0208/ZMB-D-0208__1999-04-14_2026-01-30.json,json,968773,2026-10-06 14:33,,,,,
data/raw/nasa_power/daily_weather/ZMB-D-0208/ZMB-D-0208__1999-04-14_2026-01-30.meta.json,json,1795,2026-10-06 14:33,,,,,
data/raw/nasa_power/daily_weather/ZMB-D-0209/ZMB-D-0209__1999-04-14_2026-01-30.json,json,969777,2026-10-06 14:33,,,,,
data/raw/nasa_power/daily_weather/ZMB-D-0209/ZMB-D-0209__1999-04-14_2026-01-30.meta.json,json,1795,2026-10-06 14:33,,,,,
data/raw/nasa_power/daily_weather/ZMB-D-0210/ZMB-D-0210__1999-04-14_2026-01-30.json,json,969631,2026-10-06 14:34,,,,,
data/raw/nasa_power/daily_weather/ZMB-D-0210/ZMB-D-0210__1999-04-14_2026-01-30.meta.json,json,1795,2026-10-06 14:34,,,,,
data/raw/nasa_power/daily_weather/ZMB-D-0301/ZMB-D-0301__1999-04-14_2026-01-30.json,json,970800,2026-10-06 14:34,,,,,
data/raw/nasa_power/daily_weather/ZMB-D-0301/ZMB-D-0301__1999-04-14_2026-01-30.meta.json,json,1795,2026-10-06 14:34,,,,,
data/raw/nasa_power/daily_weather/ZMB-D-0302/ZMB-D-0302__1999-04-14_2026-01-30.json,json,970615,2026-10-06 14:34,,,,,
data/raw/nasa_power/daily_weather/ZMB-D-0302/ZMB-D-0302__1999-04-14_2026-01-30.meta.json,json,1795,2026-10-06 14:34,,,,,
data/raw/nasa_power/daily_weather/ZMB-D-0303/ZMB-D-0303__1999-04-14_2026-01-30.json,json,970909,2026-10-06 14:34,,,,,
data/raw/nasa_power/daily_weather/ZMB-D-0303/ZMB-D-0303__1999-04-14_2026-01-30.meta.json,json,1795,2026-10-06 14:34,,,,,
data/raw/nasa_power/daily_weather/ZMB-D-0304/ZMB-D-0304__1999-04-14_2026-01-30.json,json,970515,2026-10-06 14:34,,,,,
data/raw/nasa_power/daily_weather/ZMB-D-0304/ZMB-D-0304__1999-04-14_2026-01-30.meta.json,json,1795,2026-10-06 14:34,,,,,
data/raw/nasa_power/daily_weather/ZMB-D-0305/ZMB-D-0305__1999-04-14_2026-01-30.json,json,971394,2026-10-06 14:34,,,,,
data/raw/nasa_power/daily_weather/ZMB-D-0305/ZMB-D-0305__1999-04-14_2026-01-30.meta.json,json,1795,2026-10-06 14:34,,,,,
data/raw/nasa_power/daily_weather/ZMB-D-0306/ZMB-D-0306__1999-04-14_2026-01-30.json,json,970833,2026-10-06 14:34,,,,,
data/raw/nasa_power/daily_weather/ZMB-D-0306/ZMB-D-0306__1999-04-14_2026-01-30.meta.json,json,1795,2026-10-06 14:34,,,,,
data/raw/nasa_power/daily_weather/ZMB-D-0307/ZMB-D-0307__1999-04-14_2026-01-30.json,json,971809,2026-10-06 14:34,,,,,
data/raw/nasa_power/daily_weather/ZMB-D-0307/ZMB-D-0307__1999-04-14_2026-01-30.meta.json,json,1794,2026-10-06 14:34,,,,,
data/raw/nasa_power/daily_weather/ZMB-D-0308/ZMB-D-0308__1999-04-14_2026-01-30.json,json,970911,2026-10-06 14:34,,,,,
data/raw/nasa_power/daily_weather/ZMB-D-0308/ZMB-D-0308__1999-04-14_2026-01-30.meta.json,json,1792,2026-10-06 14:34,,,,,
data/raw/nasa_power/daily_weather/ZMB-D-0309/ZMB-D-0309__1999-04-14_2026-01-30.json,json,970566,2026-10-06 14:35,,,,,
data/raw/nasa_power/daily_weather/ZMB-D-0309/ZMB-D-0309__1999-04-14_2026-01-30.meta.json,json,1795,2026-10-06 14:35,,,,,
data/raw/nasa_power/daily_weather/ZMB-D-0401/ZMB-D-0401__1999-04-14_2026-01-30.json,json,970431,2026-10-06 14:35,,,,,
data/raw/nasa_power/daily_weather/ZMB-D-0401/ZMB-D-0401__1999-04-14_2026-01-30.meta.json,json,1795,2026-10-06 14:35,,,,,
data/raw/nasa_power/daily_weather/ZMB-D-0402/ZMB-D-0402__1999-04-14_2026-01-30.json,json,970890,2026-10-06 14:35,,,,,
data/raw/nasa_power/daily_weather/ZMB-D-0402/ZMB-D-0402__1999-04-14_2026-01-30.meta.json,json,1795,2026-10-06 14:35,,,,,
data/raw/nasa_power/daily_weather/ZMB-D-0403/ZMB-D-0403__1999-04-14_2026-01-30.json,json,970437,2026-10-06 14:35,,,,,
data/raw/nasa_power/daily_weather/ZMB-D-0403/ZMB-D-0403__1999-04-14_2026-01-30.meta.json,json,1795,2026-10-06 14:35,,,,,
data/raw/nasa_power/daily_weather/ZMB-D-0404/ZMB-D-0404__1999-04-14_2026-01-30.json,json,971080,2026-10-06 14:35,,,,,
data/raw/nasa_power/daily_weather/ZMB-D-0404/ZMB-D-0404__1999-04-14_2026-01-30.meta.json,json,1796,2026-10-06 14:35,,,,,
data/raw/nasa_power/daily_weather/ZMB-D-0405/ZMB-D-0405__1999-04-14_2026-01-30.json,json,971575,2026-10-06 14:35,,,,,
data/raw/nasa_power/daily_weather/ZMB-D-0405/ZMB-D-0405__1999-04-14_2026-01-30.meta.json,json,1792,2026-10-06 14:35,,,,,
data/raw/nasa_power/daily_weather/ZMB-D-0406/ZMB-D-0406__1999-04-14_2026-01-30.json,json,971653,2026-10-06 14:35,,,,,
data/raw/nasa_power/daily_weather/ZMB-D-0406/ZMB-D-0406__1999-04-14_2026-01-30.meta.json,json,1792,2026-10-06 14:35,,,,,
data/raw/nasa_power/daily_weather/ZMB-D-0407/ZMB-D-0407__1999-04-14_2026-01-30.json,json,971785,2026-10-06 14:36,,,,,
data/raw/nasa_power/daily_weather/ZMB-D-0407/ZMB-D-0407__1999-04-14_2026-01-30.meta.json,json,1792,2026-10-06 14:36,,,,,
data/raw/nasa_power/daily_weather/ZMB-D-0408/ZMB-D-0408__1999-04-14_2026-01-30.json,json,970089,2026-10-06 14:36,,,,,
data/raw/nasa_power/daily_weather/ZMB-D-0408/ZMB-D-0408__1999-04-14_2026-01-30.meta.json,json,1795,2026-10-06 14:36,,,,,
data/raw/nasa_power/daily_weather/ZMB-D-0409/ZMB-D-0409__1999-04-14_2026-01-30.json,json,970765,2026-10-06 14:36,,,,,
data/raw/nasa_power/daily_weather/ZMB-D-0409/ZMB-D-0409__1999-04-14_2026-01-30.meta.json,json,1792,2026-10-06 14:36,,,,,
data/raw/nasa_power/daily_weather/ZMB-D-0410/ZMB-D-0410__1999-04-14_2026-01-30.json,json,971476,2026-10-06 14:36,,,,,
data/raw/nasa_power/daily_weather/ZMB-D-0410/ZMB-D-0410__1999-04-14_2026-01-30.meta.json,json,1795,2026-10-06 14:36,,,,,
data/raw/nasa_power/daily_weather/ZMB-D-0411/ZMB-D-0411__1999-04-14_2026-01-30.json,json,971730,2026-10-06 14:36,,,,,
data/raw/nasa_power/daily_weather/ZMB-D-0411/ZMB-D-0411__1999-04-14_2026-01-30.meta.json,json,1792,2026-10-06 14:36,,,,,
data/raw/nasa_power/daily_weather/ZMB-D-0501/ZMB-D-0501__1999-04-14_2026-01-30.json,json,969595,2026-10-06 14:36,,,,,
data/raw/nasa_power/daily_weather/ZMB-D-0501/ZMB-D-0501__1999-04-14_2026-01-30.meta.json,json,1795,2026-10-06 14:36,,,,,
data/raw/nasa_power/daily_weather/ZMB-D-0502/ZMB-D-0502__1999-04-14_2026-01-30.json,json,969648,2026-10-06 14:36,,,,,
data/raw/nasa_power/daily_weather/ZMB-D-0502/ZMB-D-0502__1999-04-14_2026-01-30.meta.json,json,1794,2026-10-06 14:36,,,,,
data/raw/nasa_power/daily_weather/ZMB-D-0503/ZMB-D-0503__1999-04-14_2026-01-30.json,json,970478,2026-10-06 14:36,,,,,
data/raw/nasa_power/daily_weather/ZMB-D-0503/ZMB-D-0503__1999-04-14_2026-01-30.meta.json,json,1795,2026-10-06 14:36,,,,,
data/raw/nasa_power/daily_weather/ZMB-D-0504/ZMB-D-0504__1999-04-14_2026-01-30.json,json,970321,2026-10-06 14:36,,,,,
data/raw/nasa_power/daily_weather/ZMB-D-0504/ZMB-D-0504__1999-04-14_2026-01-30.meta.json,json,1795,2026-10-06 14:36,,,,,
data/raw/nasa_power/daily_weather/ZMB-D-0505/ZMB-D-0505__1999-04-14_2026-01-30.json,json,969797,2026-10-06 14:36,,,,,
data/raw/nasa_power/daily_weather/ZMB-D-0505/ZMB-D-0505__1999-04-14_2026-01-30.meta.json,json,1795,2026-10-06 14:36,,,,,
data/raw/nasa_power/daily_weather/ZMB-D-0506/ZMB-D-0506__1999-04-14_2026-01-30.json,json,969648,2026-10-06 14:36,,,,,
data/raw/nasa_power/daily_weather/ZMB-D-0506/ZMB-D-0506__1999-04-14_2026-01-30.meta.json,json,1795,2026-10-06 14:36,,,,,
data/raw/nasa_power/daily_weather/ZMB-D-0507/ZMB-D-0507__1999-04-14_2026-01-30.json,json,969596,2026-10-06 14:36,,,,,
data/raw/nasa_power/daily_weather/ZMB-D-0507/ZMB-D-0507__1999-04-14_2026-01-30.meta.json,json,1795,2026-10-06 14:36,,,,,
data/raw/nasa_power/daily_weather/ZMB-D-0508/ZMB-D-0508__1999-04-14_2026-01-30.json,json,969628,2026-10-06 14:37,,,,,
data/raw/nasa_power/daily_weather/ZMB-D-0508/ZMB-D-0508__1999-04-14_2026-01-30.meta.json,json,1795,2026-10-06 14:37,,,,,
data/raw/nasa_power/daily_weather/ZMB-D-0601/ZMB-D-0601__1999-04-14_2026-01-30.json,json,970273,2026-10-06 14:37,,,,,
data/raw/nasa_power/daily_weather/ZMB-D-0601/ZMB-D-0601__1999-04-14_2026-01-30.meta.json,json,1795,2026-10-06 14:37,,,,,
data/raw/nasa_power/daily_weather/ZMB-D-0602/ZMB-D-0602__1999-04-14_2026-01-30.json,json,971693,2026-10-06 14:37,,,,,
data/raw/nasa_power/daily_weather/ZMB-D-0602/ZMB-D-0602__1999-04-14_2026-01-30.meta.json,json,1795,2026-10-06 14:37,,,,,
data/raw/nasa_power/daily_weather/ZMB-D-0603/ZMB-D-0603__1999-04-14_2026-01-30.json,json,970065,2026-10-06 14:37,,,,,
data/raw/nasa_power/daily_weather/ZMB-D-0603/ZMB-D-0603__1999-04-14_2026-01-30.meta.json,json,1788,2026-10-06 14:37,,,,,
data/raw/nasa_power/daily_weather/ZMB-D-0604/ZMB-D-0604__1999-04-14_2026-01-30.json,json,972129,2026-10-06 14:37,,,,,
data/raw/nasa_power/daily_weather/ZMB-D-0604/ZMB-D-0604__1999-04-14_2026-01-30.meta.json,json,1795,2026-10-06 14:37,,,,,
data/raw/nasa_power/daily_weather/ZMB-D-0605/ZMB-D-0605__1999-04-14_2026-01-30.json,json,972014,2026-10-06 14:37,,,,,
data/raw/nasa_power/daily_weather/ZMB-D-0605/ZMB-D-0605__1999-04-14_2026-01-30.meta.json,json,1792,2026-10-06 14:37,,,,,
data/raw/nasa_power/daily_weather/ZMB-D-0606/ZMB-D-0606__1999-04-14_2026-01-30.json,json,972068,2026-10-06 14:37,,,,,
data/raw/nasa_power/daily_weather/ZMB-D-0606/ZMB-D-0606__1999-04-14_2026-01-30.meta.json,json,1792,2026-10-06 14:37,,,,,
data/raw/nasa_power/daily_weather/ZMB-D-0607/ZMB-D-0607__1999-04-14_2026-01-30.json,json,970758,2026-10-06 14:37,,,,,
data/raw/nasa_power/daily_weather/ZMB-D-0607/ZMB-D-0607__1999-04-14_2026-01-30.meta.json,json,1795,2026-10-06 14:37,,,,,
data/raw/nasa_power/daily_weather/ZMB-D-0701/ZMB-D-0701__1999-04-14_2026-01-30.json,json,969986,2026-10-06 14:37,,,,,
data/raw/nasa_power/daily_weather/ZMB-D-0701/ZMB-D-0701__1999-04-14_2026-01-30.meta.json,json,1795,2026-10-06 14:37,,,,,
data/raw/nasa_power/daily_weather/ZMB-D-0702/ZMB-D-0702__1999-04-14_2026-01-30.json,json,970099,2026-10-06 14:37,,,,,
data/raw/nasa_power/daily_weather/ZMB-D-0702/ZMB-D-0702__1999-04-14_2026-01-30.meta.json,json,1795,2026-10-06 14:37,,,,,
data/raw/nasa_power/daily_weather/ZMB-D-0703/ZMB-D-0703__1999-04-14_2026-01-30.json,json,969609,2026-10-06 14:37,,,,,
data/raw/nasa_power/daily_weather/ZMB-D-0703/ZMB-D-0703__1999-04-14_2026-01-30.meta.json,json,1795,2026-10-06 14:37,,,,,
data/raw/nasa_power/daily_weather/ZMB-D-0704/ZMB-D-0704__1999-04-14_2026-01-30.json,json,968930,2026-10-06 14:37,,,,,
data/raw/nasa_power/daily_weather/ZMB-D-0704/ZMB-D-0704__1999-04-14_2026-01-30.meta.json,json,1795,2026-10-06 14:37,,,,,
data/raw/nasa_power/daily_weather/ZMB-D-0705/ZMB-D-0705__1999-04-14_2026-01-30.json,json,969460,2026-10-06 14:37,,,,,
data/raw/nasa_power/daily_weather/ZMB-D-0705/ZMB-D-0705__1999-04-14_2026-01-30.meta.json,json,1795,2026-10-06 14:37,,,,,
data/raw/nasa_power/daily_weather/ZMB-D-0706/ZMB-D-0706__1999-04-14_2026-01-30.json,json,969771,2026-10-06 14:38,,,,,
data/raw/nasa_power/daily_weather/ZMB-D-0706/ZMB-D-0706__1999-04-14_2026-01-30.meta.json,json,1795,2026-10-06 14:38,,,,,
data/raw/nasa_power/daily_weather/ZMB-D-0707/ZMB-D-0707__1999-04-14_2026-01-30.json,json,970603,2026-10-06 14:38,,,,,
data/raw/nasa_power/daily_weather/ZMB-D-0707/ZMB-D-0707__1999-04-14_2026-01-30.meta.json,json,1795,2026-10-06 14:38,,,,,
data/raw/nasa_power/daily_weather/ZMB-D-0708/ZMB-D-0708__1999-04-14_2026-01-30.json,json,969684,2026-10-06 14:38,,,,,
data/raw/nasa_power/daily_weather/ZMB-D-0708/ZMB-D-0708__1999-04-14_2026-01-30.meta.json,json,1795,2026-10-06 14:38,,,,,
data/raw/nasa_power/daily_weather/ZMB-D-0709/ZMB-D-0709__1999-04-14_2026-01-30.json,json,970230,2026-10-06 14:38,,,,,
data/raw/nasa_power/daily_weather/ZMB-D-0709/ZMB-D-0709__1999-04-14_2026-01-30.meta.json,json,1795,2026-10-06 14:38,,,,,
data/raw/nasa_power/daily_weather/ZMB-D-0801/ZMB-D-0801__1999-04-14_2026-01-30.json,json,971039,2026-10-06 14:38,,,,,
data/raw/nasa_power/daily_weather/ZMB-D-0801/ZMB-D-0801__1999-04-14_2026-01-30.meta.json,json,1795,2026-10-06 14:38,,,,,
data/raw/nasa_power/daily_weather/ZMB-D-0802/ZMB-D-0802__1999-04-14_2026-01-30.json,json,971525,2026-10-06 14:38,,,,,
data/raw/nasa_power/daily_weather/ZMB-D-0802/ZMB-D-0802__1999-04-14_2026-01-30.meta.json,json,1795,2026-10-06 14:38,,,,,
data/raw/nasa_power/daily_weather/ZMB-D-0803/ZMB-D-0803__1999-04-14_2026-01-30.json,json,971043,2026-10-06 14:38,,,,,
data/raw/nasa_power/daily_weather/ZMB-D-0803/ZMB-D-0803__1999-04-14_2026-01-30.meta.json,json,1795,2026-10-06 14:38,,,,,
data/raw/nasa_power/daily_weather/ZMB-D-0804/ZMB-D-0804__1999-04-14_2026-01-30.json,json,971177,2026-10-06 14:38,,,,,
data/raw/nasa_power/daily_weather/ZMB-D-0804/ZMB-D-0804__1999-04-14_2026-01-30.meta.json,json,1792,2026-10-06 14:38,,,,,
data/raw/nasa_power/daily_weather/ZMB-D-0805/ZMB-D-0805__1999-04-14_2026-01-30.json,json,971036,2026-10-06 14:38,,,,,
data/raw/nasa_power/daily_weather/ZMB-D-0805/ZMB-D-0805__1999-04-14_2026-01-30.meta.json,json,1792,2026-10-06 14:38,,,,,
data/raw/nasa_power/daily_weather/ZMB-D-0806/ZMB-D-0806__1999-04-14_2026-01-30.json,json,970421,2026-10-06 14:38,,,,,
data/raw/nasa_power/daily_weather/ZMB-D-0806/ZMB-D-0806__1999-04-14_2026-01-30.meta.json,json,1792,2026-10-06 14:38,,,,,
data/raw/nasa_power/daily_weather/ZMB-D-0807/ZMB-D-0807__1999-04-14_2026-01-30.json,json,971761,2026-10-06 14:38,,,,,
data/raw/nasa_power/daily_weather/ZMB-D-0807/ZMB-D-0807__1999-04-14_2026-01-30.meta.json,json,1792,2026-10-06 14:38,,,,,
data/raw/nasa_power/daily_weather/ZMB-D-0808/ZMB-D-0808__1999-04-14_2026-01-30.json,json,971662,2026-10-06 14:38,,,,,
data/raw/nasa_power/daily_weather/ZMB-D-0808/ZMB-D-0808__1999-04-14_2026-01-30.meta.json,json,1792,2026-10-06 14:38,,,,,
data/raw/nasa_power/daily_weather/ZMB-D-0809/ZMB-D-0809__1999-04-14_2026-01-30.json,json,971785,2026-10-06 14:39,,,,,
data/raw/nasa_power/daily_weather/ZMB-D-0809/ZMB-D-0809__1999-04-14_2026-01-30.meta.json,json,1792,2026-10-06 14:39,,,,,
data/raw/nasa_power/daily_weather/ZMB-D-0901/ZMB-D-0901__1999-04-14_2026-01-30.json,json,968748,2026-10-06 14:39,,,,,
data/raw/nasa_power/daily_weather/ZMB-D-0901/ZMB-D-0901__1999-04-14_2026-01-30.meta.json,json,1794,2026-10-06 14:39,,,,,
data/raw/nasa_power/daily_weather/ZMB-D-0902/ZMB-D-0902__1999-04-14_2026-01-30.json,json,970177,2026-10-06 14:39,,,,,
data/raw/nasa_power/daily_weather/ZMB-D-0902/ZMB-D-0902__1999-04-14_2026-01-30.meta.json,json,1794,2026-10-06 14:39,,,,,
data/raw/nasa_power/daily_weather/ZMB-D-0903/ZMB-D-0903__1999-04-14_2026-01-30.json,json,970240,2026-10-06 14:39,,,,,
data/raw/nasa_power/daily_weather/ZMB-D-0903/ZMB-D-0903__1999-04-14_2026-01-30.meta.json,json,1795,2026-10-06 14:39,,,,,
data/raw/nasa_power/daily_weather/ZMB-D-0904/ZMB-D-0904__1999-04-14_2026-01-30.json,json,968733,2026-10-06 14:39,,,,,
data/raw/nasa_power/daily_weather/ZMB-D-0904/ZMB-D-0904__1999-04-14_2026-01-30.meta.json,json,1795,2026-10-06 14:39,,,,,
data/raw/nasa_power/daily_weather/ZMB-D-0905/ZMB-D-0905__1999-04-14_2026-01-30.json,json,968544,2026-10-06 14:39,,,,,
data/raw/nasa_power/daily_weather/ZMB-D-0905/ZMB-D-0905__1999-04-14_2026-01-30.meta.json,json,1794,2026-10-06 14:39,,,,,
data/raw/nasa_power/daily_weather/ZMB-D-0906/ZMB-D-0906__1999-04-14_2026-01-30.json,json,969211,2026-10-06 14:39,,,,,
data/raw/nasa_power/daily_weather/ZMB-D-0906/ZMB-D-0906__1999-04-14_2026-01-30.meta.json,json,1795,2026-10-06 14:39,,,,,
data/raw/nasa_power/daily_weather/ZMB-D-0907/ZMB-D-0907__1999-04-14_2026-01-30.json,json,969832,2026-10-06 14:39,,,,,
data/raw/nasa_power/daily_weather/ZMB-D-0907/ZMB-D-0907__1999-04-14_2026-01-30.meta.json,json,1795,2026-10-06 14:39,,,,,
data/raw/nasa_power/daily_weather/ZMB-D-0908/ZMB-D-0908__1999-04-14_2026-01-30.json,json,969577,2026-10-06 14:40,,,,,
data/raw/nasa_power/daily_weather/ZMB-D-0908/ZMB-D-0908__1999-04-14_2026-01-30.meta.json,json,1795,2026-10-06 14:40,,,,,
data/raw/nasa_power/daily_weather/ZMB-D-0909/ZMB-D-0909__1999-04-14_2026-01-30.json,json,969258,2026-10-06 14:40,,,,,
data/raw/nasa_power/daily_weather/ZMB-D-0909/ZMB-D-0909__1999-04-14_2026-01-30.meta.json,json,1795,2026-10-06 14:40,,,,,
data/raw/nasa_power/daily_weather/ZMB-D-0910/ZMB-D-0910__1999-04-14_2026-01-30.json,json,969578,2026-10-06 14:40,,,,,
data/raw/nasa_power/daily_weather/ZMB-D-0910/ZMB-D-0910__1999-04-14_2026-01-30.meta.json,json,1795,2026-10-06 14:40,,,,,
data/raw/nasa_power/daily_weather/ZMB-D-0911/ZMB-D-0911__1999-04-14_2026-01-30.json,json,969450,2026-10-06 14:40,,,,,
data/raw/nasa_power/daily_weather/ZMB-D-0911/ZMB-D-0911__1999-04-14_2026-01-30.meta.json,json,1795,2026-10-06 14:40,,,,,
data/raw/nasa_power/daily_weather/ZMB-D-0912/ZMB-D-0912__1999-04-14_2026-01-30.json,json,970207,2026-10-06 14:40,,,,,
data/raw/nasa_power/daily_weather/ZMB-D-0912/ZMB-D-0912__1999-04-14_2026-01-30.meta.json,json,1794,2026-10-06 14:40,,,,,
data/raw/nasa_power/daily_weather/ZMB-D-1001/ZMB-D-1001__1999-04-14_2026-01-30.json,json,968985,2026-10-06 14:40,,,,,
data/raw/nasa_power/daily_weather/ZMB-D-1001/ZMB-D-1001__1999-04-14_2026-01-30.meta.json,json,1795,2026-10-06 14:40,,,,,
data/raw/nasa_power/daily_weather/ZMB-D-1002/ZMB-D-1002__1999-04-14_2026-01-30.json,json,968766,2026-10-06 14:40,,,,,
data/raw/nasa_power/daily_weather/ZMB-D-1002/ZMB-D-1002__1999-04-14_2026-01-30.meta.json,json,1795,2026-10-06 14:40,,,,,
data/raw/nasa_power/daily_weather/ZMB-D-1003/ZMB-D-1003__1999-04-14_2026-01-30.json,json,969402,2026-10-06 14:40,,,,,
data/raw/nasa_power/daily_weather/ZMB-D-1003/ZMB-D-1003__1999-04-14_2026-01-30.meta.json,json,1795,2026-10-06 14:40,,,,,
data/raw/nasa_power/daily_weather/ZMB-D-1004/ZMB-D-1004__1999-04-14_2026-01-30.json,json,969739,2026-10-06 14:40,,,,,
data/raw/nasa_power/daily_weather/ZMB-D-1004/ZMB-D-1004__1999-04-14_2026-01-30.meta.json,json,1795,2026-10-06 14:40,,,,,
data/raw/nasa_power/daily_weather/ZMB-D-1005/ZMB-D-1005__1999-04-14_2026-01-30.json,json,969541,2026-10-06 14:40,,,,,
data/raw/nasa_power/daily_weather/ZMB-D-1005/ZMB-D-1005__1999-04-14_2026-01-30.meta.json,json,1795,2026-10-06 14:40,,,,,
data/raw/nasa_power/daily_weather/ZMB-D-1006/ZMB-D-1006__1999-04-14_2026-01-30.json,json,969710,2026-10-06 14:40,,,,,
data/raw/nasa_power/daily_weather/ZMB-D-1006/ZMB-D-1006__1999-04-14_2026-01-30.meta.json,json,1795,2026-10-06 14:40,,,,,
data/raw/nasa_power/daily_weather/ZMB-D-1007/ZMB-D-1007__1999-04-14_2026-01-30.json,json,969111,2026-10-06 14:40,,,,,
data/raw/nasa_power/daily_weather/ZMB-D-1007/ZMB-D-1007__1999-04-14_2026-01-30.meta.json,json,1795,2026-10-06 14:40,,,,,
data/raw/nasa_power/daily_weather/ZMB-D-1008/ZMB-D-1008__1999-04-14_2026-01-30.json,json,968861,2026-10-06 14:41,,,,,
data/raw/nasa_power/daily_weather/ZMB-D-1008/ZMB-D-1008__1999-04-14_2026-01-30.meta.json,json,1795,2026-10-06 14:41,,,,,
data/raw/nasa_power/daily_weather/ZMB-D-1009/ZMB-D-1009__1999-04-14_2026-01-30.json,json,969118,2026-10-06 14:41,,,,,
data/raw/nasa_power/daily_weather/ZMB-D-1009/ZMB-D-1009__1999-04-14_2026-01-30.meta.json,json,1795,2026-10-06 14:41,,,,,
data/raw/nasa_power/daily_weather/ZMB-D-1010/ZMB-D-1010__1999-04-14_2026-01-30.json,json,969156,2026-10-06 14:41,,,,,
data/raw/nasa_power/daily_weather/ZMB-D-1010/ZMB-D-1010__1999-04-14_2026-01-30.meta.json,json,1789,2026-10-06 14:41,,,,,
data/raw/nasa_power/daily_weather/ZMB-D-1011/ZMB-D-1011__1999-04-14_2026-01-30.json,json,969618,2026-10-06 14:41,,,,,
data/raw/nasa_power/daily_weather/ZMB-D-1011/ZMB-D-1011__1999-04-14_2026-01-30.meta.json,json,1795,2026-10-06 14:41,,,,,
data/raw/nasa_power/daily_weather/ZMB-D-1012/ZMB-D-1012__1999-04-14_2026-01-30.json,json,969298,2026-10-06 14:41,,,,,
data/raw/nasa_power/daily_weather/ZMB-D-1012/ZMB-D-1012__1999-04-14_2026-01-30.meta.json,json,1795,2026-10-06 14:41,,,,,
data/raw/nasa_power/daily_weather/ZMB-D-1013/ZMB-D-1013__1999-04-14_2026-01-30.json,json,969491,2026-10-06 14:41,,,,,
data/raw/nasa_power/daily_weather/ZMB-D-1013/ZMB-D-1013__1999-04-14_2026-01-30.meta.json,json,1795,2026-10-06 14:41,,,,,
data/raw/nasa_power/daily_weather/ZMB-D-1014/ZMB-D-1014__1999-04-14_2026-01-30.json,json,969811,2026-10-06 14:41,,,,,
data/raw/nasa_power/daily_weather/ZMB-D-1014/ZMB-D-1014__1999-04-14_2026-01-30.meta.json,json,1792,2026-10-06 14:41,,,,,
data/raw/nasa_power/daily_weather/ZMB-D-1015/ZMB-D-1015__1999-04-14_2026-01-30.json,json,969705,2026-10-06 14:41,,,,,
data/raw/nasa_power/daily_weather/ZMB-D-1015/ZMB-D-1015__1999-04-14_2026-01-30.meta.json,json,1795,2026-10-06 14:41,,,,,
data/raw/nasa_power/download_manifest.csv,csv,14588,2026-10-07 16:48,202,6,,,
data/raw/nasa_power/nasa_power_daily.csv,csv,234785767,2026-10-07 12:30,988689,17,1999-04-14,2026-01-30,
data/raw/nasa_power/nasa_power_daily_soil_moisture.csv,csv,222583387,2026-10-07 16:48,988689,14,1999-04-14,2026-01-30,
data/raw/other/global_surface_water/occurrence_20E_0Nv1_4_2021.tif,tif,26483330,2026-10-07 21:48,,,,,"40000x40000 px, res 0.00025, bounds (20.0, -10.0, 30.0, 0.0)"
data/raw/other/global_surface_water/occurrence_20E_0Nv1_4_2021.tif.provenance.json,json,504,2026-10-07 21:48,,,,,
data/raw/other/global_surface_water/occurrence_20E_10Sv1_4_2021.tif,tif,32552400,2026-10-07 22:08,,,,,"40000x40000 px, res 0.00025, bounds (20.0, -20.0, 30.0, -10.0)"
data/raw/other/global_surface_water/occurrence_20E_10Sv1_4_2021.tif.provenance.json,json,505,2026-10-07 22:08,,,,,
data/raw/other/global_surface_water/occurrence_30E_0Nv1_4_2021.tif,tif,51640724,2026-10-07 22:22,,,,,"40000x40000 px, res 0.00025, bounds (30.0, -10.0, 40.0, 0.0)"
data/raw/other/global_surface_water/occurrence_30E_0Nv1_4_2021.tif.provenance.json,json,504,2026-10-07 22:22,,,,,
data/raw/other/global_surface_water/occurrence_30E_10Sv1_4_2021.tif,tif,34734376,2026-10-07 22:09,,,,,"40000x40000 px, res 0.00025, bounds (30.0, -20.0, 40.0, -10.0)"
data/raw/other/global_surface_water/occurrence_30E_10Sv1_4_2021.tif.provenance.json,json,505,2026-10-07 22:09,,,,,
data/raw/satellite_flood/README.md,md,1192,2026-10-07 12:41,,,,,
data/raw/worldpop/worldpop_api_wpic1km_ZMB.json,json,45846,2026-10-07 16:49,,,,,
data/raw/worldpop/zmb_ppp_2000_1km_Aggregated.tif,tif,4209384,2026-10-07 12:39,,,,,"1405x1179 px, res 0.00833, bounds (22.0, -18.08, 33.71, -8.25)"
data/raw/worldpop/zmb_ppp_2000_1km_Aggregated.tif.provenance.json,json,1056,2026-10-07 12:39,,,,,
data/raw/worldpop/zmb_ppp_2001_1km_Aggregated.tif,tif,4213190,2026-10-07 12:42,,,,,"1405x1179 px, res 0.00833, bounds (22.0, -18.08, 33.71, -8.25)"
data/raw/worldpop/zmb_ppp_2001_1km_Aggregated.tif.provenance.json,json,1056,2026-10-07 12:42,,,,,
data/raw/worldpop/zmb_ppp_2002_1km_Aggregated.tif,tif,4211174,2026-10-07 16:49,,,,,"1405x1179 px, res 0.00833, bounds (22.0, -18.08, 33.71, -8.25)"
data/raw/worldpop/zmb_ppp_2002_1km_Aggregated.tif.provenance.json,json,1056,2026-10-07 16:49,,,,,
data/raw/worldpop/zmb_ppp_2003_1km_Aggregated.tif,tif,4210768,2026-10-07 16:49,,,,,"1405x1179 px, res 0.00833, bounds (22.0, -18.08, 33.71, -8.25)"
data/raw/worldpop/zmb_ppp_2003_1km_Aggregated.tif.provenance.json,json,1056,2026-10-07 16:49,,,,,
data/raw/worldpop/zmb_ppp_2004_1km_Aggregated.tif,tif,4213644,2026-10-07 16:50,,,,,"1405x1179 px, res 0.00833, bounds (22.0, -18.08, 33.71, -8.25)"
data/raw/worldpop/zmb_ppp_2004_1km_Aggregated.tif.provenance.json,json,1056,2026-10-07 16:50,,,,,
data/raw/worldpop/zmb_ppp_2005_1km_Aggregated.tif,tif,4216748,2026-10-07 16:50,,,,,"1405x1179 px, res 0.00833, bounds (22.0, -18.08, 33.71, -8.25)"
data/raw/worldpop/zmb_ppp_2005_1km_Aggregated.tif.provenance.json,json,1056,2026-10-07 16:50,,,,,
data/raw/worldpop/zmb_ppp_2006_1km_Aggregated.tif,tif,4212930,2026-10-07 16:50,,,,,"1405x1179 px, res 0.00833, bounds (22.0, -18.08, 33.71, -8.25)"
data/raw/worldpop/zmb_ppp_2006_1km_Aggregated.tif.provenance.json,json,1056,2026-10-07 16:50,,,,,
data/raw/worldpop/zmb_ppp_2007_1km_Aggregated.tif,tif,4217316,2026-10-07 16:50,,,,,"1405x1179 px, res 0.00833, bounds (22.0, -18.08, 33.71, -8.25)"
data/raw/worldpop/zmb_ppp_2007_1km_Aggregated.tif.provenance.json,json,1056,2026-10-07 16:50,,,,,
data/raw/worldpop/zmb_ppp_2008_1km_Aggregated.tif,tif,4215988,2026-10-07 16:50,,,,,"1405x1179 px, res 0.00833, bounds (22.0, -18.08, 33.71, -8.25)"
data/raw/worldpop/zmb_ppp_2008_1km_Aggregated.tif.provenance.json,json,1056,2026-10-07 16:50,,,,,
data/raw/worldpop/zmb_ppp_2009_1km_Aggregated.tif,tif,4216688,2026-10-07 16:51,,,,,"1405x1179 px, res 0.00833, bounds (22.0, -18.08, 33.71, -8.25)"
data/raw/worldpop/zmb_ppp_2009_1km_Aggregated.tif.provenance.json,json,1056,2026-10-07 16:51,,,,,
data/raw/worldpop/zmb_ppp_2010_1km_Aggregated.tif,tif,4217955,2026-10-07 16:51,,,,,"1405x1179 px, res 0.00833, bounds (22.0, -18.08, 33.71, -8.25)"
data/raw/worldpop/zmb_ppp_2010_1km_Aggregated.tif.provenance.json,json,1056,2026-10-07 16:51,,,,,
data/raw/worldpop/zmb_ppp_2011_1km_Aggregated.tif,tif,4220046,2026-10-07 16:52,,,,,"1405x1179 px, res 0.00833, bounds (22.0, -18.08, 33.71, -8.25)"
data/raw/worldpop/zmb_ppp_2011_1km_Aggregated.tif.provenance.json,json,1056,2026-10-07 16:52,,,,,
data/raw/worldpop/zmb_ppp_2012_1km_Aggregated.tif,tif,4231886,2026-10-07 16:52,,,,,"1405x1179 px, res 0.00833, bounds (22.0, -18.08, 33.71, -8.25)"
data/raw/worldpop/zmb_ppp_2012_1km_Aggregated.tif.provenance.json,json,1056,2026-10-07 16:52,,,,,
data/raw/worldpop/zmb_ppp_2013_1km_Aggregated.tif,tif,4231330,2026-10-07 16:52,,,,,"1405x1179 px, res 0.00833, bounds (22.0, -18.08, 33.71, -8.25)"
data/raw/worldpop/zmb_ppp_2013_1km_Aggregated.tif.provenance.json,json,1056,2026-10-07 16:52,,,,,
data/raw/worldpop/zmb_ppp_2014_1km_Aggregated.tif,tif,4228660,2026-10-07 16:52,,,,,"1405x1179 px, res 0.00833, bounds (22.0, -18.08, 33.71, -8.25)"
data/raw/worldpop/zmb_ppp_2014_1km_Aggregated.tif.provenance.json,json,1056,2026-10-07 16:52,,,,,
data/raw/worldpop/zmb_ppp_2015_1km_Aggregated.tif,tif,4236041,2026-10-07 16:53,,,,,"1405x1179 px, res 0.00833, bounds (22.0, -18.08, 33.71, -8.25)"
data/raw/worldpop/zmb_ppp_2015_1km_Aggregated.tif.provenance.json,json,1056,2026-10-07 16:53,,,,,
data/raw/worldpop/zmb_ppp_2016_1km_Aggregated.tif,tif,4231296,2026-10-07 16:53,,,,,"1405x1179 px, res 0.00833, bounds (22.0, -18.08, 33.71, -8.25)"
data/raw/worldpop/zmb_ppp_2016_1km_Aggregated.tif.provenance.json,json,1056,2026-10-07 16:53,,,,,
data/raw/worldpop/zmb_ppp_2017_1km_Aggregated.tif,tif,4235890,2026-10-07 16:53,,,,,"1405x1179 px, res 0.00833, bounds (22.0, -18.08, 33.71, -8.25)"
data/raw/worldpop/zmb_ppp_2017_1km_Aggregated.tif.provenance.json,json,1056,2026-10-07 16:53,,,,,
data/raw/worldpop/zmb_ppp_2018_1km_Aggregated.tif,tif,4231818,2026-10-07 16:53,,,,,"1405x1179 px, res 0.00833, bounds (22.0, -18.08, 33.71, -8.25)"
data/raw/worldpop/zmb_ppp_2018_1km_Aggregated.tif.provenance.json,json,1056,2026-10-07 16:53,,,,,
data/raw/worldpop/zmb_ppp_2019_1km_Aggregated.tif,tif,4236202,2026-10-07 16:54,,,,,"1405x1179 px, res 0.00833, bounds (22.0, -18.08, 33.71, -8.25)"
data/raw/worldpop/zmb_ppp_2019_1km_Aggregated.tif.provenance.json,json,1056,2026-10-07 16:54,,,,,
data/raw/worldpop/zmb_ppp_2020_1km_Aggregated.tif,tif,4239238,2026-10-07 16:54,,,,,"1405x1179 px, res 0.00833, bounds (22.0, -18.08, 33.71, -8.25)"
data/raw/worldpop/zmb_ppp_2020_1km_Aggregated.tif.provenance.json,json,1056,2026-10-07 16:54,,,,,
reports/boundary_file_code_conflicts.csv,csv,273,2026-10-06 14:43,2,5,,,
reports/chirps_annual_totals_by_location.csv,csv,8274,2026-10-07 16:59,101,6,,,
reports/chirps_extreme_events.csv,csv,468,2026-10-07 16:59,2,14,2009-04-02,2022-04-27,
reports/chirps_flagged_values.csv,csv,3233,2026-10-07 22:25,47,5,2004-04-06,2025-12-23,
reports/chirps_per_year_location_checks.csv,csv,1096,2026-10-07 16:58,28,9,,,
reports/chirps_validation_report.md,md,11056,2026-10-07 16:59,,,,,
reports/chirps_validation_summary.json,json,758,2026-10-07 16:59,,,,,
reports/chirps_vs_nasa_power_by_location.csv,csv,14401,2026-10-07 16:59,101,9,,,
reports/chirps_yearly_file_checks.csv,csv,2025,2026-10-07 16:59,28,11,,,
reports/collection.log,log,433954,2026-10-08 00:19,,,,,
reports/data_inventory.csv,csv,80927,2026-10-07 22:59,720,9,,,
reports/desinventar_event_type_inventory.csv,csv,2256,2026-10-06 14:29,46,6,,,
reports/desinventar_flood_keyword_hits.csv,csv,21905,2026-10-06 14:29,118,12,,,
reports/desinventar_record_flags.csv,csv,19439,2026-10-07 22:24,444,10,,,
reports/environmental_data_validation_report.md,md,4252,2026-10-07 22:23,,,,,
reports/environmental_data_validation_summary.json,json,1027,2026-10-07 22:23,,,,,
reports/failed_requests.csv,csv,274377,2026-10-07 22:05,1057,6,,,
reports/final_data_quality_scorecard.csv,csv,2043,2026-10-08 00:19,15,10,,,
reports/final_data_quality_scorecard_methodology.md,md,1909,2026-10-07 22:59,,,,,
reports/flood_date_reliability.md,md,4824,2026-10-07 21:37,,,,,
reports/forecast_horizon_readiness.csv,csv,870,2026-10-07 22:24,5,10,,,
reports/forecast_horizon_readiness.md,md,4524,2026-10-07 22:24,,,,,
reports/glofas_extraction_method_comparison.md,md,1893,2026-10-07 22:11,,,,,
reports/location_resolution_report.csv,csv,68155,2026-10-06 14:43,444,17,2000-04-13,2026-01-23,
reports/missing_data_report.csv,csv,34251,2026-10-07 22:25,712,7,,,
reports/nasa_power_anomaly_investigation.md,md,1897,2026-10-07 16:59,,,,,
reports/nasa_power_flagged_values.csv,csv,2055,2026-10-07 22:24,33,5,2015-12-12,2026-01-08,
reports/raw_checksums.csv,csv,26072,2026-10-07 22:25,130,4,,,
reports/second_audit_checks.csv,csv,5221,2026-10-08 00:19,50,4,,,
reports/second_audit_report.md,md,6131,2026-10-08 00:19,,,,,
reports/validation_report.json,json,20245,2026-10-07 22:25,,,,,
reports/validation_report.md,md,3106,2026-10-07 22:25,,,,,
reports/variable_leakage_register.csv,csv,69857,2026-10-08 00:11,476,5,,,
reports/worldcover_overview_bias_test.csv,csv,6179,2026-10-07 16:30,48,11,,,
docs/.gitkeep,none,0,2026-09-07 20:12,,,,,
docs/api-inventory.md,md,4706,2026-09-08 18:11,,,,,
docs/API.md,md,4321,2026-10-01 17:48,,,,,
docs/ARCHITECTURE.md,md,8205,2026-09-08 18:11,,,,,
docs/AUDIT-REPORT-2026-09-07.md,md,45962,2026-10-01 17:49,,,,,
docs/AUDIT-REPORT-2026-09-08.md,md,32537,2026-10-01 17:49,,,,,
docs/AUDIT-REPORT-2026-09-09.md,md,21013,2026-10-01 17:49,,,,,
docs/backend/frontend-integration-matrix.md,md,4748,2026-09-07 20:12,,,,,
docs/backend-architecture.md,md,7005,2026-09-07 20:12,,,,,
docs/bug-register.md,md,16380,2026-10-01 17:49,,,,,
docs/CURRENT-STATE-2026-10-01.md,md,7202,2026-10-02 13:38,,,,,
docs/DATA-DICTIONARY.md,md,428,2026-09-07 20:12,,,,,
docs/DATA-PIPELINE.md,md,407,2026-09-07 20:12,,,,,
docs/DATA-SOURCES.md,md,9174,2026-10-01 17:48,,,,,
docs/DATA_AUDIT_REPORT.md,md,31878,2026-10-07 22:59,,,,,
docs/DATA_COLLECTION_COMPLETION_REPORT.md,md,10359,2026-10-07 23:02,,,,,
docs/DATA_COLLECTION_FINAL_COMPLETION_REPORT.md,md,20626,2026-10-07 23:01,,,,,
docs/DATA_COLLECTION_REPORT.md,md,11005,2026-10-07 22:26,,,,,
docs/DATA_DICTIONARY.md,md,50429,2026-10-07 22:26,,,,,
docs/DATA_REQUIREMENTS_MATRIX.md,md,19674,2026-10-07 21:45,,,,,
docs/DATA_SOURCES.md,md,26031,2026-10-07 21:47,,,,,
docs/database-schema.md,md,6141,2026-09-08 18:11,,,,,
docs/DATABASE.md,md,2387,2026-10-01 17:48,,,,,
docs/dependency-audit.md,md,8378,2026-09-08 15:35,,,,,
docs/deployment-readiness.md,md,7520,2026-09-08 15:35,,,,,
docs/DEPLOYMENT.md,md,314,2026-09-07 20:12,,,,,
docs/DESIGN_SYSTEM.md,md,5892,2026-09-25 05:53,,,,,
docs/FINAL_DATA_INVENTORY.md,md,7967,2026-10-07 22:59,,,,,
docs/FINAL_DEMO_CHECKLIST.md,md,5850,2026-09-25 06:35,,,,,
docs/FULL_SYSTEM_AUDIT.md,md,33924,2026-10-01 17:49,,,,,
docs/LIMITATIONS.md,md,8253,2026-10-02 13:38,,,,,
docs/METHODOLOGICAL_DATA_DECISIONS.md,md,17132,2026-10-07 23:02,,,,,
docs/missing-features.md,md,8616,2026-09-09 01:07,,,,,
docs/ML-INTEGRATION-AUDIT-2026-09-09.md,md,49805,2026-10-01 17:49,,,,,
docs/ML-METHODOLOGY.md,md,12512,2026-10-02 12:26,,,,,
docs/MODEL-EVALUATION.md,md,4242,2026-10-02 12:26,,,,,
docs/PRD.md,md,3565,2026-09-07 20:12,,,,,
docs/PROJECT-MEMORY.md,md,15811,2026-10-01 17:49,,,,,
docs/project-requirements-matrix.md,md,14003,2026-09-09 01:07,,,,,
docs/RESEARCH-METHODOLOGY.md,md,2700,2026-09-07 20:12,,,,,
docs/ROADMAP.md,md,8757,2026-09-07 20:12,,,,,
docs/RUNNING-THE-TESTS.md,md,3214,2026-10-02 13:38,,,,,
docs/SECURITY.md,md,2143,2026-10-01 17:48,,,,,
docs/SRS.md,md,555,2026-09-07 20:12,,,,,
docs/SYSTEM-FIX-PASS-2026-10-01.md,md,8169,2026-10-01 15:29,,,,,
docs/technical-debt.md,md,8637,2026-09-08 18:44,,,,,
docs/TESTING.md,md,1963,2026-10-02 13:38,,,,,
docs/UI-UX.md,md,10932,2026-09-08 23:34,,,,,
docs/verified-components.md,md,5143,2026-09-08 17:36,,,,,
docs/verified-endpoints.md,md,6938,2026-09-08 18:12,,,,,
docs/verified-screens.md,md,7953,2026-09-08 19:53,,,,,
docs/XAI.md,md,406,2026-09-07 20:12,,,,,
scripts/_common.py,py,8331,2026-10-07 11:25,,,,,
scripts/assess_flood_date_reliability.py,py,10778,2026-10-07 21:37,,,,,
scripts/audit_data.py,py,28125,2026-10-08 00:10,,,,,
scripts/build_final_inventory.py,py,12349,2026-10-08 00:10,,,,,
scripts/build_glofas_extraction_points.py,py,8269,2026-10-07 22:11,,,,,
scripts/build_leakage_register.py,py,9120,2026-10-07 22:23,,,,,
scripts/build_location_master.py,py,12771,2026-10-06 14:42,,,,,
scripts/build_quality_scorecard.py,py,8274,2026-10-08 00:10,,,,,
scripts/check_forecast_horizon_readiness.py,py,6090,2026-10-07 21:39,,,,,
scripts/collect_desinventar.py,py,12754,2026-10-06 14:29,,,,,
scripts/download_chirps.py,py,13860,2026-10-07 12:33,,,,,
scripts/download_climate_indices.py,py,4775,2026-10-07 11:26,,,,,
scripts/download_flood_observations.py,py,2085,2026-10-07 12:31,,,,,
scripts/download_global_surface_water.py,py,4883,2026-10-07 21:36,,,,,
scripts/download_glofas.py,py,9380,2026-10-08 00:00,,,,,
scripts/download_glofas_static.py,py,3159,2026-10-07 21:08,,,,,
scripts/download_hydrosheds.py,py,5712,2026-10-07 17:06,,,,,
scripts/download_nasa_power.py,py,11214,2026-10-07 12:30,,,,,
scripts/download_worldcover.py,py,4346,2026-10-07 12:30,,,,,
scripts/download_worldpop.py,py,2006,2026-10-07 12:44,,,,,
scripts/extract_district_environment.py,py,15541,2026-10-07 13:01,,,,,
scripts/extract_glofas.py,py,7286,2026-10-07 21:46,,,,,
scripts/generate_data_report.py,py,37748,2026-10-07 22:22,,,,,
scripts/second_audit.py,py,27895,2026-10-08 00:10,,,,,
scripts/test_worldcover_overview.py,py,4203,2026-10-07 13:00,,,,,
scripts/validate_chirps.py,py,30234,2026-10-07 16:32,,,,,
scripts/validate_environmental_data.py,py,14550,2026-10-07 16:49,,,,,
scripts/validate_raw_data.py,py,26174,2026-10-07 17:06,,,,,
config/data_sources.yaml,yaml,12046,2026-10-08 00:10,,,,,
ml/labels/authoritative_events.csv,csv,62747,2026-09-26 18:38,711,7,,,
ml/labels/candidate_events.csv,csv,163844,2026-09-26 18:38,473,13,,,
ml/labels/LABEL_PROVENANCE.md,md,6548,2026-09-26 19:03,,,,,
ml/labels/label_reconciliation.json,json,801,2026-09-26 18:38,,,,,
ml/baseline/baseline_manifest.json,json,15832,2026-09-26 18:26,,,,,
ai-engine/data/external/.gitkeep,none,0,2026-09-07 20:12,,,,,
ai-engine/data/external/README.md,md,5040,2026-09-09 00:30,,,,,
ai-engine/data/external/zambia_flood_events_log.csv,csv,6814,2026-09-09 00:15,14,11,,,
ai-engine/data/features/.gitkeep,none,0,2026-09-07 20:12,,,,,
ai-engine/data/interim/.gitkeep,none,0,2026-09-07 20:12,,,,,
ai-engine/data/processed/.gitkeep,none,0,2026-09-07 20:12,,,,,
ai-engine/data/processed/cleaned_weather.csv,csv,532514,2026-09-09 10:21,8766,10,2000-01-01,2023-12-31,
ai-engine/data/processed/features.csv,csv,3866464,2026-09-09 00:58,8752,56,2000-01-15,2023-12-31,
ai-engine/data/raw/.gitkeep,none,0,2026-09-07 20:12,,,,,
ai-engine/data/raw/nasa_power_zambia.csv,csv,532514,2026-09-09 00:58,8766,10,2000-01-01,2023-12-31,
ai-engine/data/raw/synthetic_zambia_weather.csv,csv,520492,2026-07-02 20:53,8766,10,2000-01-01,2023-12-31,
