serial,evento,matched_keywords,fechano,fechames,fechadia,name0,name1,lugar,causa,descausa,di_comments
24,HAILSTORM,heavy rain,2015,7,20,North-Western,Solwezi,Lubinga,,heavy rain with strong window blew off the roofs,"the roofs of the 1x3 class room, 1x2 class room block and 3 staff houses were blown off"
2191,STRONG WINDS,heavy rain,2023,11,9,North-Western,Manyinga,"Luansongwa Ward, Manyinga  Constituency",,Heavy rains coupled with strong winds,"1x3 classroom block at Kapidi Primary School had part of its roof blown off. This was as a result of rainfall coupled with strong winds, 3 staff houses had their roofs  blown off at kapidi Primary school, 81 houses had their roofs  blown off due to the rains and 3 houses had collapsed, and 6 shops have had their roofs blown off and staff toilet blown off. This has reduced learning space, Learning aid materials soaked and some households had their grains soaked.

"
2188,STORM,heavy rain,2023,11,11,Muchinga,Mpika,"Mfuwe Constituency, Lulimala Ward, Lavushimanda",,Heavy Rains accompanied by Strong Winds,"A 1 x 2 classroom block was blown off at chipelembe Community School. Teaching and Learning has been disrupted, Iron sheets and planks have been damaged, and the building has multiple cracks.



"
2184,STORM,heavy rain,2023,10,9,North-Western,Zambezi,"HOSPITAL, ZAMBEZI CENTRAL",,Heavy rainfall and wind,"THREE MAIN HEALTH SERVICES WERE DISRUPTED. THESE INCLUDE THE LABORATORY, OUT PATIENT DEPARTMENT AND MARTENITY WING HAD THEIR ROOFS BLOWN OFF"
2187,STORM,heavy rain,2023,10,14,Luapula,Chipili,"LUMINU VILLAGE, NSENGA WARD",,STRONG WINDS,"Due to the heavy rainfall and strong winds, a roof at Luminu Primary School was partially blown off. "
127,STORM,heavy rain,2014,6,26,Muchinga,Shiwang&#39;andu,shiwangandu area,,Heavy rain,Construction of a 1*3 classroom block 
276,ANIMAL INCIDENT,flood;heavy rain,2013,6,6,Muchinga,Shiwang&#39;andu,chipungu,,Heavy rainfall,chipungu primary school infrastructure damaged due to floods and 259 pupils were affected
277,ANIMAL INCIDENT,heavy rain,2013,6,6,Muchinga,Shiwang&#39;andu,mulanga ,,Heavy rainfall,MULANGA PRIMARY SCHOOL INFRASTRUCTURE DAMAGED DUE TO HEAVY RAINFALL AND OVER 838 PUPILS WERE AFFECTED
171,STRUCTURAL COLLAPSE,heavy rain,2015,9,22,Northern,Luwingu,luwingu area ,,Heavy rains,Rehabilitation of chiponde school by Zambia national service 
188,STRUCTURAL COLLAPSE,heavy rain,2010,0,0,Copperbelt,Mpongwe,Chipanta village ,,heavy rains,Report on the collapsed of 8 houses in Mpongwe  district
53,STRUCTURAL COLLAPSE,heavy rain,2010,2,4,Northern,Mporokoso,MPOROKOSO,,Heavy rainfall,"NYIMBWE BRIDGE, MUTOTOSHI BRIDGE AND LUANGWA BRIDGE"
168,STRUCTURAL COLLAPSE,heavy rain,2017,1,2,North-Western,Solwezi,SOLWEZI,,Heavy rainfall,"LWENGE KAJIMA AND BUUPE DIED ON SPOT WHILE KIMESHO,MAPESHO AND KAZONGO WERE INJURED DUE TO THE HEAVY STORM"
169,STRUCTURAL COLLAPSE,flood;heavy rain,2017,5,5,Copperbelt,Kitwe,KITWE,,Heavy rainfall/FLOODS,"BULANGILILO,IMUSUKILO,CHPATA,MULENGA,AND TWATASHA COMPOUNDS IN KWACHA CONSTITUENCIES WERE AFFECTED"
223,STRUCTURAL COLLAPSE,heavy rain,2013,4,10,Northern,Luwingu,LUWINGU,,HEAVY RAINFAAL,"THREE BRIDGES WERE COLLAPSED/ DAMAGED DUE TO HEAVY RAINFALL INCLUDES KANFINSA, MUNUSHI AND LUFUBU BRIDGES.
FINANCIAL LOSSES K40,000,000"
230,STRUCTURAL COLLAPSE,heavy rain,2012,8,22,Copperbelt,Luanshya,CHITWI,,HEAVY RAINFALL,"CHITWI BRIDGES WASHED AWAY
FINANCIAL LOSSES K26,783,000.00"
2196,STRONG WINDS,heavy rain,2023,11,8,Western,Mitete,"Mitete constituency, Mataba Ward, Lubelele Primary School",,"Blown off roof due to strong wind and heavy rains, ",
2202,HAILSTORM,heavy rain,2022,2,14,Western,Nkeyema,Lombelombe Ward,,Hailstorm,Hailstorm and heavy rains that affected crops
2201,STRONG WINDS,heavy rain,2022,1,3,Western,Mwandi,Lupumpu Ward,,Strong Winds and heavy rains,Heavy rains and strong winds damaged houses affecting 53 people. 
2200,HAILSTORM,heavy rain,2022,1,2,Western,Kaoma,Kalumwange and Mulamatila camps,,Hailstorms and Heavy Rains,"Hailstorms and heavy rains damaged crop fields, and one house was damaged."
2200,HAILSTORM,heavy rain,2022,1,2,Western,Kaoma,Kalumwange and Mulamatila camps,,Hailstorms and Heavy Rains,
2203,STRONG WINDS,heavy rain,2023,12,12,Central,Mumbwa,"Nangoma Constitutency, Nangoma Ward",,Blown-off Roof due to heavy rains and strong winds,"Blown Off Roof at a Mother&#39;s Shelter affecting 65 mothers who have been relocated to the wards. Roofing timber and iron sheets were damaged with mattresses, blankets and food items soaked. "
2204,STRONG WINDS,heavy rain,2023,12,12,Central,Mumbwa,"Nangoma Constitutency, Nangoma Ward",,Blown-off Roof due to heavy rains and strong winds,20 families left homeless after they had roofs blown-off with food items soaked
2205,LIGHTENING,heavy rain,2023,12,11,Central,Chibombo,"Keembe Constituency, Mashikili Ward",,Heavy rains and Lightening,Lightening struck a house causing death of two people
2207,WINDSTORM,heavy rain,2023,12,1,Eastern,Chasefu,Chasefu,,Strong Winds and heavy rains,1 x 3 classroom block roof blown off due to the storm. School desks and learning material soaked. 
2211,STORM,heavy rain,2023,12,2,Luapula,Chiengi,Kalungwishi,Heavy Rain,Heavy rains,"Due to heavy down pour, 27 Ha of Maize and 6 Ha of Cassava has been damaged affecting 62 Households."
2208,STRONG WINDS,heavy rain,2023,12,8,Eastern,Chama,"Chama South Constituency, Chipala Ward",,Heavy Rains accompanied by Strong Winds,"Blown off the roof at the Pondo Primary School due to heavy rains, disrupting learning"
33,STORM,heavy rain,2013,11,2,North-Western,Mwinilunga,Kanyikombishi,,heavy rain with strong window blew off the roofs,1x4 class room block
129,STORM,heavy rain,2014,0,0,North-Western,Ikelenge,Ikelenge,,Heavy rain,Construction of Jumbo Primary school a 1*3 classroom block which had its roof blown off
180,WINDSTORM,heavy rain,2014,0,0,Luapula,Nchelenge,kashikishi area,,Heavy rains,"Request for funds for the rehabilitation of a 1*3 classroom block at kashikishi primary school which had a blown off roof amounting to k105,706 "
185,WINDSTORM,heavy rain,2010,0,0,Central,Mumbwa,nalubanda ward ,,strong wind and haevy rains,A 1*2 class room block-lukunka basic school had the whole of the roof blown off due to heavy rains in November 2010 
431,PEST,heavy rain,2017,1,18,Central,Mumbwa,mumbwa,,Heavy rain,"Average hectarage of crops destroyed was 25%,Hectarage requiring replanting 00 amount of seed (kgs) for replanting 00 and number of 10kgs of pockets of seeds 00"
73,STORM,heavy rain,2017,5,3,Western,Shangombo,Kakonje,,cl;assroom block collapsed after heavy rain,"A 1 by 2 classroom block at Kakonje primary school collapsed after a heavy rains with very strong winds. As a result,pupils were had no other option but to learn under a big tree."
76,STORM,heavy rain,2013,10,28,Southern,Choma,Mbalala,,Roof blown off due to heavy rains,A 1 by 3 classroom block had the roof blown off at Lugwalo basic school and a 1 by 2 classroom block had part of the roof blown off at Macha central primary school
78,STORM,heavy rain,2014,11,13,Lusaka,Lusaka,Mtendere,,School infrastructure damaged due to heavy rains with strong,"Part of the roof of Chitukuko primary school Was blown off while at Mahat Ma Ghandi basic school the wall fence collapsed and at Mtendere primary school,12 panels of the wall fence collapsed."
102,STORM,heavy rain,2006,2,27,Lusaka,Lusaka,Bauleni,,House collapsed due to heavy rains with strong winds,A house in Bauleni collapsed as a result of heavy rains with very strong winds
104,STORM,heavy rain,2017,5,4,Copperbelt,Kitwe,"Chimwemwe, Kwacha and Kamfisa",,Heavy rains leading to the collapse and damage of housese,10 houses in Chipata townships completely collapsed and 38 had huge cracks while 40 houses in Kawama and Twatasha made out of mud collapsed completely.This was as a result of heavy rains with strong winds
105,STORM,heavy rain,2013,11,13,Lusaka,Lusaka,Kasisi,,Entire roof of church blown off,Pentecostal Holiness church in Kasisi had its entire roof blown off completely due to heavy rains with strong winds
110,STORM,heavy rain,2015,6,12,Northern,Mungwi,Kalungu,,Roof blown off due to heavy rains with strong winds,Roof of a 1*2 classroom block at Kalungu school was blown off due to heavy rains.
112,STORM,heavy rain,2008,1,21,Lusaka,Shibuyunji,Nkomba Basic school,,Roof blown off due to heavy rains with strong winds,A 1*3 classroom block and 1 teacher's house at Nkomba basic school blown off due to heavy rains
114,STORM,heavy rain,2015,0,0,North-Western,Mwinilunga,Nkenyauli primary school,,Roof blown off due to heavy rains with strong winds,A 1*2 classroom block at Nkenyauli primary school was blown off due to strong winds
144,STORM,heavy rain,2013,3,18,Copperbelt,Mufulira,Kalanga basic school,,Roofs blown off due to heavy rains with strong winds,The front part of the whole roof of two classroom blocks had been ripped off causing damage to the timber and glass panes. The chalk and pin boards were also damaged by the rains.
147,STORM,heavy rain,2015,2,16,North-Western,Mwinilunga,Mwinilunga primary school,,Roof blown off due to heavy rains with strong winds,"2 classrooms and an office had whole roof blown off. 2 desks were damaged. One senior teacher's office had its whole roof ripped off.Furthermore, most of the teachers and pupil's books were soaked and torn."
150,STORM,heavy rain,2016,11,21,Luapula,Mwansabombwe,Lufubu primary school,,Roof blown off due to heavy rains with strong winds,A 1*3 classroom block at Lufubu primary school had its roof totally blown off due to heavy rains with strong winds
153,STORM,heavy rain,2015,11,23,Copperbelt,Lufwanyama,Mubenede primary school,,Roof ripped off due to heavy rains,One classroom had its  roof ripped off at Mubende primary school due to heavy rains with strong winds.
154,STORM,heavy rain,2015,11,21,Copperbelt,Lufwanyama,Chantete,,Roof ripped off due to heavy rains with strong winds,Roof damaged at 1 teacher's flat at Chantete school due to heavy rains with strong winds.
156,STORM,heavy rain,2015,11,24,Copperbelt,Lufwanyama,Kalumbwa secondary school,,Roof blown off due to heavy rains with strong winds,"3 classrooms and one social science head of department office had the roofing asbestos ripped off. Some documents in the social sciences department office were also soaked. One boy's dormitory had its roof ripped off. Furthermore, a water tank was pulled down and as a result there was no water supply."
161,STORM,heavy rain,2013,11,0,Luapula,Chiengi,Kilwa primary school,,Toilet collapsed due to heavy rains,Collapsed newly built VIP toilet in Chiengi district at Kilwa primary school due to heavy rains in November 2013.
52,STORM,heavy rain,2010,3,6,Southern,Sinazongwe,SINAZONGWE,,Heavy rainfall,BAILEY BRIDGE IN SIKALAMBA
54,STORM,heavy rain,2010,2,3,Northern,Luwingu,LUWINGU,,Heavy rainfall,LUWINGU CHABA ROAD
55,STORM,heavy rain,2010,1,10,Lusaka,Lusaka,MANDEVU,,Heavy rainfall,MANDEVU CULVERTS AND BRIDGES
114,INSECT INFESTATION,flood,2013,7,13,Lusaka,Kafue,CHIKUPI,,poor crop production due to insect infestation and floods,hence 100mt of relief food to kafue distric to carter for all assessed areas.
228,STORM,heavy rain,2015,12,11,Northern,Luwingu,MUTONDO,,HEAVY RAINSTOM,"MUTONDO PRIMARY SCHOOL BLOWN OFF 
FINANCIAL LOSSES K216,061,25"
238,STORM,heavy rain,2016,1,11,Lusaka,Chirundu,hachibbubba area,,STRONG SPRING OF RAINSTORM,rehabilitation of 1x2 classroom and one office which was blown off due to heavy rain fall
255,ANIMAL INCIDENT,flood,2013,6,6,Luapula,Kawambwa,twingi,,HEAVY DOWN POUR OF RAINS,twingi basic and secondary school infrastructure affected by floods and over 774 pupils from both schools were affected.
274,ANIMAL INCIDENT,flood;heavy rain,2013,6,6,Luapula,Nchelenge,kefulwa,,Heavy rainfall,kefulwa primary school infrastructure damaged due to floods and 504 pupils were affected
344,INSECT INFESTATION,heavy rain,2017,1,3,Southern,Mazabuka,MAZABUKA,,Heavy rainfall,mazabuka district of southern province infested by army worms with the average of 100% hectares of maize crop were affected
119,STORM,heavy rain,2013,10,30,Northern,Luwingu,NJEKE ,,HEAVY RAIN/WIND,A 1*3 CRASS ROOM BLOCK BLOWN OFF ROOF CAUSED BY HEAVY RAIN COUPLED WITH STRONG WINDS.
120,STORM,heavy rain,2014,11,8,Northern,Luwingu,WASHEN ,,HEAVY RAIN /WIND ,BLOWN OFF A 1*2 CLASSROOM BLOCK AND OFFICE TO A 1*2 CLASSROOM ITS ROOF BLOWN OFF.
121,STORM,heavy rain,2014,11,8,Northern,Luwingu,CHIPONDE ,,HEAVY RAIN COUPLED WITH STRONG WIND,BLOWN OFF ROOF ON A 1*3 CLASSROOM BLOCK. 
122,STORM,heavy rain,2008,7,28,Copperbelt,Ndola,NDOLA,,HEAVY RAIN COUPLED WITH STRONG WIND,REHABILITATION OF NKULUMASHIBA HIGH SCHOOL. ROOF WAS BLOWN OFF BY STORM WIND/HEAVY RAIN.
123,STORM,heavy rain,2014,12,20,Luapula,Lunga,CHIBULU ,,HEAVY RAIN ,"REHABILITATION OF A 1*2 CLASSROOM BLOCK, 1*3 CLASSROOM AND 1 STAFF HOUSE BLOWN OFF ROOFS AT CHIBULU PRIMARY SCHOOL. "
124,HAILSTORM,heavy rain,2014,11,27,Muchinga,Chinsali,LUBWA AND MISHISHI ,,HEAVY RAIN COUPLED WITH STRONG WIND,"BLOWN OFF TEACHER'S HOUSE, 1*4 CLASSROOM BLOCK LUBWA AND MISHISHI PRIMARY SCHOOL 1*2 CLASSROOM BLOCK."
125,HAILSTORM,heavy rain,2011,0,0,Eastern,Chipata,VUBWI ,,HEAVY RAIN ,REHABILITATION OF 1*2 CLASSROOM BLOCK AT CHIUWE PRIMARY SCHOOL AND CONSTRUCTION OF A 1*2 CLASSROOM BLOCK AT KATONDO PRIMARY SCHOOL IN CHIPATA.
126,HAILSTORM,heavy rain,2013,0,0,Southern,Pemba,SIMBULO ,,HEAVY RAIN/WIND,REHABILITATION OF 1*3 CLASSSROOM BLOCK ROOF BLOWN OFF .
129,STORM,heavy rain,2015,1,1,Eastern,Petauke,PETAUKE ,,HEAVY RAIN COUPLED WITH STRONG WIND,ROOF BLOWN OFF BY STRONG WIND 1*3 CLASSROOM BLOCK AT MAKALE PRIMARY SCHOOL.
133,STORM,heavy rain,1999,11,22,Central,Mumbwa,NAMPUNDWE ,,HEAVY RAIN/HAIL  STORM ,HEAVY STORM BLOWN OFF 1*3 CLASSROOM BLOCK AT NAMPUNDWE BASIC SCHOOL ( 52 KM FROM LUSAKA IN MUMBWA DISTRICT REQUEST FOR REHABILITATION OF THE NAMED SCHOOL ROOFING SHEETS) 
134,STORM,heavy rain,1999,11,29,Central,Mumbwa,NAMPUNDWE,,HEAVY RAIN/HAIL STORM,HEAVY RAIN/STORM BLOWN OFF ROOFING AND OFFICE IN A 1*3 CLASSROOM BLOCK IN NAMPUNDWE BASIC SCHOOL MUMBWA DISTRIC. 
139,STORM,heavy rain,2015,6,15,Central,Serenje,NSOMAULWA,,HEAVY RAIN,REHABILITATION OF ROOFING BLOWN OFF DUE TO HAILSTORM AND HEAVY RAIN AT NSOMAULWA BASIC SCHOOL IN SERENJE.
140,STORM,heavy rain,2012,2,12,Central,Kapiri Mposhi,MWALA ,,HEAVY RAIN /WIND,HEAVY RAIN/HAILSTORM BLOWN OFF ROOF A 1*3 CLASSROOM IN KAPIRI AT MWALA BASIC SCHOOL. THE SCHOOL RECOMMENDED FOR THE CONSTRUCTION OF 1*3 CLASSROOM BLOCK. 
141,STORM,heavy rain,2008,1,12,Luapula,Samfya,"MBABALA,CHISHI,KASONGAMULILO ",,HEAVY RAIN,"IN ALL SIX WARDS SCHOOL AFFECTED NAMELY MBABALA,CHISHA ISLAND,KASOMALUNGA, KALIMANKONDE,CHIKUNTILA AND MANO SWAMPS. 107 HOUSES DAMAGED 137 DEDESTROYED DUE TO POOR STANDARD OF MATERIAL BUILDING.
NOTE:HAILSTORM DESTROYED CASSAVA FIELD AND PEOPLE REPLANT CASSAVA. THE DISTRICT RECEIVED 150MT OF CASSAVA.
"
142,STORM,heavy rain,2009,2,11,Luapula,Kawambwa,KAPESA,,HEAVY RAIN/WIND,KAPESA BASIC SCHOOL SWEPT AWAY BY HEAVY RAIN/WIND AND PUPILS CUT OFF FROM SCHOOL. THE SCHOOL MANAGEMENT RECOMMENDED FOR REHABILITATION.  
161,HAILSTORM,heavy rain,2013,1,5,Lusaka,Chilanga,SOPELA CAMP ,,HEAVY RAIN ,HEAVY RAIN DESTROYED FIVE HOUSES IN SOPELA CAMP IN CHILANGA DISTRICT.
164,HAILSTORM,flood;heavy rain,2009,2,11,Luapula,Kawambwa,SHIKALABA ,,HEAVY RAIN,RE-CONSTRUCTION OF SHIKALABA VILLAGE IN FISAKA WARD DUE TO HEAVY RAIN WASHED AWAY AND COMPLETELY CUT OFF BY FLOOD .
165,HAILSTORM,heavy rain;submerged,2009,2,11,Luapula,Kawambwa,CHIPUNKA ,,HEAVY RAIN ,9 HOSES COLLAPSED AND 11 SUBMERGED. 11 HOUSEHOLDS LEFT NO SHELTER IN CHIPUNKA'S VILLAGE. TENTS WAS REQUESTED FOR THE VICTIMS.  
180,ANIMAL INCIDENT,heavy rain,2015,9,11,Western,Lukulu,KASOMBO ,,HEAVY RAIN,CONSTRUCTION OF SMALL BRIDGE TWO CELLS CULVERT'S 
182,HAILSTORM,heavy rain,2015,3,20,Western,Mongu,WINDA,,HEAVY RAIN/WIND STORM ,REHABILITATION OF A 1*2 CLASSROOM BLOCK BLOWN OFF ROOF AT WINDA PRIMARY SCHOOL 
183,HAILSTORM,heavy rain,2016,12,20,Muchinga,Chinsali,CHIBESA ,,HEAVY RAIN,REHABILITATION OF A 1*1 CLASSROOM BLOCK BLOWN OFF ROOF AT CHIBESA PRIMARY SCHOOL DUE TO HAILSTORM 
184,HAILSTORM,heavy rain,2016,2,24,Muchinga,Chinsali,SHIMWALULE ,,,REHABILITATION OF A 1*4 CLASSROOM BLOCK BLOWN OFF ROOF AT SHIMWALULE PRIMARY SCHOOL DUE TO HEAVY RAIN/HAILSTORM 
185,HAILSTORM,heavy rain,2016,3,1,Muchinga,Chinsali,CHOSHI ,,HEAVY RAIN,A 1*3 CLASSROOM BLOCK ROOF BLOWN OFF  AT CHOSHI PRIMARY SCHOOL DUE TO HEAVY RAIN/WIND 
186,HAILSTORM,heavy rain,2016,12,28,Muchinga,Chinsali,CHUNGULO ,,HEAVY RAIN/WIND ,HEAVY RAIN/WIND LEFT CHUNGULO PRIMARY SCHOOL TEACHER'S HOUSES BROWN OFF ROOF 
187,HAILSTORM,heavy rain,2016,12,28,Muchinga,Chinsali,MIBANGA ,,HEAVY RAIN/WIND,A 1*3 CLASSROOM BLOCK ROOF BLOWN OFF AT MIBANGA PRIMARY SCHOOL IN CHINSALI DISTRICT . 
188,HAILSTORM,heavy rain,2017,1,25,Muchinga,Chinsali,CHISONTA ,,HEAVY RAIN/WIND,A 1*3 CLASSROOM BLOCK ROOF BLOWN OFF AT CHINSONTA PRIMARY SCHOOL. 
189,STORM,heavy rain,2017,1,25,Muchinga,Chinsali,KASO ,,HEAVY RAIN/WIND,A 1*3 CLASSROOM BLOCK BLOWN OFF AT KASO PRIMARY SCHOOL IN CHINSALI 
190,HAILSTORM,heavy rain,2017,9,27,Central,Chibombo,CHIBOMBO ,,HEAVY RAIN/WIND,A 1*3 CLASSROOM ROOF BLOWN OFF AND A SECOND OF 1*3 CLASSROOM BLOCK ROOF BLOWN OFF IN CHIBOMBO AT CHIMANA PRIMARY SCHOOL DUE TO HEAVY RAIN/WIND. 
191,STORM,heavy rain,2013,11,6,Central,Luano,CHINGOMBE,,HEAVY RAIN/WIND STORM,A 1*4 AND 1*3 CLASSROOM BLOCK WERE BLOWN OFF DURING RAIN SEASON/WIND STORM IN LUANO DISTRICT.
212,ANIMAL INCIDENT,heavy rain,2009,0,0,Western,Kalabo,LIUWA,,HEAVY RAIN ,"SILANDA BASIC SCHOOL ROOF BLOWN OFF BY STORM WIND. REQUEST  FOR FUNDS AT A COST OF K 80,000 FOR REPLACEMENT OF ROOF. "
219,HAILSTORM,heavy rain,2014,0,0,Eastern,Nyimba,NYIMBA ,,HEAVY RAIN/HAIL  STORM,NYIMBA DISTRICT HOSPITAL ROOF BLOWN OFF BY HAILSTORM/HEAVY RAIN 
223,HAILSTORM,heavy rain,2014,0,0,Luapula,Nchelenge,KAPAMBWE ,,HEAVY RAIN/HAILSTORM ,ONE RURAL HEALTH POST IN KAPAMBWE ROOF BLOWN OFF DUE TO HAILSTORM / HEAVY RAIN 
224,HAILSTORM,heavy rain,2014,0,0,Luapula,Nchelenge,CHISENGA ,,HEAVY RIAN /HAILSTORM ,ONE RURAL HEALTH POST IN CHISENGA NCHELENGE DISTRICT ROOF BLOWN OFF DUE HEAVY RAIN / HAILSTORM 
226,HAILSTORM,heavy rain,2014,0,0,North-Western,Kabompo,ST KALEMBA  RHC ,,HEAVY RAIN/HAILSTORM,ST KALEMBA  RURAL HEALTH POST ROOF BLOWN OFF ONE MATERNITY WING AND MOTHERS SHELTER DUE TO HEAVY RAIN / WIND   
227,HAILSTORM,heavy rain,2014,0,0,North-Western,Kabompo,KALUNGA,,HEAVY RAIN/HAIL STORM,KALUNGA RURAL HEALTH CENTER COLLAPSED DUE TO HEAVY RAIN / HAILSTORM. ONE SANITATION FACILITY AFFECTED 
228,HAILSTORM,heavy rain,2017,6,7,Southern,Sinazongwe,KAFWAMBILA ,,HEAVY RAIN/HAILSTORM,KAMFAMBILA ROOF DAMAGED DUEL TO HEAVY RAIN / HAILSTORM 
231,HAILSTORM,heavy rain,2014,0,0,Southern,Sinazongwe,SINAMALIMA,,HEAVY RAIN/HAILSTORM,SINAMALIMA RURAL HEALTH POST DAMAGED WALLS AND DOORS.  
228,HAILSTORM,heavy rain,2017,6,7,Southern,,KAFWAMBILA ,,HEAVY RAIN/HAILSTORM,KAMFAMBILA ROOF DAMAGED DUEL TO HEAVY RAIN / HAILSTORM 
2221,STORM,heavy rain,2025,1,6,Southern,Livingstone,Livingstone,Heavy Rains/Strong Winds,Rainstorm coupled with strong winds blew off roofs ,"Rainstorm blew off roofs of houses, a school and clinic. Households have been displaced by the incident."
2222,ANIMAL INCIDENT,heavy rain,2025,1,6,Southern,Itezhi-tezhi,Livingstone,Heavy Rain,Risen Water Levels in the stream washed away a bridge,"Due to rise in the water levels in a stream caused by heavy rains, a bridge was washed away causing disruption in transportation."
2224,STORM,heavy rain,2025,1,6,Southern,Namwala,Manchamvwa Ward,Heavy Rains/Strong Winds,Strong winds and heavy rains damaged houses ,Storm with strong winds damaged roofs.
2223,ANIMAL INCIDENT,heavy rain,2025,1,6,Southern,Siavonga,Manchamvwa Ward,Heavy Rains/Strong Winds,Strong winds and heavy rains damaged houses ,Rainstorms with strong winds damaged households and some government buildings.
2234,STORM,heavy rain,2024,11,7,Southern,Choma,Nalube and Manguza,Heavy Rains/Strong Winds,Downpour left trail of destruction,Heavy downpours coupled with strong winds affected 70 households and 2 classroom blocks in Nalube up to Mangunza area.
2235,STORM,heavy rain,2025,12,18,Eastern,Petauke,Kasisi Area,Heavy Rains/Strong Winds,Collapsed houses due to strong winds and heavy rains,30 households were affected following heavy rainfall characterized by strong winds.
2242,LIGHTENING,heavy rain,2024,10,30,Southern,Kalomo,Siampeta Village,NATURAL,Heavy Rain with lightning,24 cattle died after being struck by lightning (6 bulls and 18 cows). 
2246,HAILSTORM,heavy rain,2024,11,4,Luapula,Mwansabombwe,"Kazembe, Kazembe Secondary School",Heavy Rains/Strong Winds,Heavy rains have caused Blown Off roofs &amp; damaged struct,"A 1x3 CRB Blown Off roofs &amp; damaged structure of Kazembe Secondary School. Damage to property, Disruption to learning of the pupils and Pupils Food consumption affected.

"
2247,STORM,heavy rain,2025,1,15,Luapula,Mwansabombwe,"Chipita, Kalasa primary School",Heavy Rains/Strong Winds,Heavy rains have caused Blown Off roofs &amp; damaged struct,"A 1X3 CRB Blown Off roofs &amp;amp; damaged structure of Kalasa primary School and 50 Bags X 50kg Maize for feeding school feeding program Destroyed. Heavy rains have caused Blown Off roofs &amp;amp; damaged structures and School feeding program negatively affected. Damaged to property, Disruption to learning of the pupils and Pupils Food consumption affected."
2244,STORM,heavy rain,2024,12,25,Lusaka,Chilanga,Mapepe,Heavy Rains/Strong Winds,Roof Blown off,Strong winds blow off roofs and downed some electricity wiring
2254,DROWNING,heavy rain,2025,1,18,Southern,Kalomo,"Kalomo, Simwanda Stream",Heavy Rain,Drowning of a Woman,Woman drowned on her way to collect her social cash transfer payment. she was swept away by a strong current while crossing the Simwanda stream.
