record_id,serial,evento,date_precision,date_flag,exact_duplicate_group,probable_duplicate,same_district_same_day,numeric_flag,resolution_level
60,97,FLOOD,invalid,implausible_year:211,,False,False,,district
1271,82,FLOOD,day,,,True,True,,district
1237,46,FLOOD,day,,,False,True,,district
114,155,FLOOD,day,,,False,False,,district
1447,278,FLOOD,day,,,False,False,,district
1731,82,FLOOD,day,,,False,False,,district
57,94,FLOOD,day,,,False,False,,district
2189,2197,FLASH FLOODS,day,,,False,False,,district
2191,2199,FLASH FLOODS,day,,,False,False,,district
765,198,FLOOD,year,,,True,False,,district
1700,48,FLOOD,invalid,implausible_year:201,,False,False,,province_only
1817,179,FLOOD,day,,,False,False,,district
7,35,FLOOD,day,,,False,False,,district
11,46,FLOOD,year,,,False,False,,district
12,47,FLOOD,year,,,True,False,,district
13,48,FLOOD,day,,,False,False,,district
14,49,FLOOD,year,,,False,False,,district
15,50,FLOOD,year,,,False,False,,district
16,51,FLOOD,year,,,True,False,,district
17,52,FLOOD,day,,,False,False,,district
18,53,FLOOD,year,,,True,False,,district
19,55,FLOOD,year,,,False,False,,district
20,56,FLOOD,year,,,False,False,,district
21,57,FLOOD,year,,,True,False,,district
22,58,FLOOD,year,,,False,False,,district
23,59,FLOOD,year,,,False,False,,district
24,60,FLOOD,year,,,False,False,,district
25,61,FLOOD,year,,,False,False,,district
26,62,FLOOD,year,,,False,False,,district
27,63,FLOOD,year,,,False,False,,district
28,64,FLOOD,day,,,False,False,,district
29,65,FLOOD,year,,,False,False,,district
30,66,FLOOD,day,,,False,False,,district
31,67,FLOOD,day,,,False,False,,district
32,68,FLOOD,day,,,False,False,,district
33,69,FLOOD,year,,,False,False,,district
34,70,FLOOD,year,,,False,False,,district
35,71,FLOOD,day,,,False,False,,district
36,72,FLOOD,year,,,False,False,,district
37,73,FLOOD,year,,,False,False,,district
38,74,FLOOD,year,,,False,False,,district
39,75,FLOOD,year,,,False,False,,district
40,76,FLOOD,year,,,True,False,,district
41,77,FLOOD,year,,,False,False,,district
42,78,FLOOD,year,,,False,False,,district
43,79,FLOOD,year,,,False,False,,district
44,80,FLOOD,year,,,True,False,,district
45,81,FLOOD,year,,,False,False,,district
46,82,FLOOD,year,,,False,False,,district
47,83,FLOOD,year,,,False,False,,district
48,85,FLOOD,year,,,False,False,,district
49,86,FLOOD,year,,,False,False,,district
50,87,FLOOD,year,,,False,False,,district
51,88,FLOOD,year,,,False,False,,district
52,89,FLOOD,year,,,False,False,,district
53,90,FLOOD,year,,,False,False,,district
54,91,FLOOD,year,,,False,False,,district
55,92,FLOOD,year,,,False,False,,district
56,93,FLOOD,year,,,False,False,,district
58,95,FLOOD,day,,,False,False,,district
59,96,FLOOD,day,,,False,False,,district
61,98,FLOOD,year,,,False,False,,district
62,99,FLOOD,year,,,False,False,,district
63,100,FLOOD,day,,,False,False,,district
64,101,FLOOD,year,,,False,False,,district
65,102,FLOOD,day,,,False,False,,district
66,103,FLOOD,year,,,False,False,,district
67,104,FLOOD,year,,,False,False,,district
68,105,FLOOD,year,,,False,False,,district
69,106,FLOOD,year,,,False,False,,district
70,107,FLOOD,year,,,False,False,,district
71,108,FLOOD,year,,,False,False,,district
72,109,FLOOD,year,,,False,False,,district
73,110,FLOOD,year,,,False,False,,district
74,111,FLOOD,year,,,True,False,,district
75,112,FLOOD,year,,,False,False,,district
76,113,FLOOD,year,,,False,False,,district
77,115,FLOOD,year,,,True,False,,district
78,116,FLOOD,year,,,False,False,,district
79,117,FLOOD,year,,,False,False,,district
80,118,FLOOD,year,,,False,False,,district
81,119,FLOOD,year,,,False,False,,district
82,120,FLOOD,year,,,False,False,,district
83,121,FLOOD,year,,,False,False,,district
84,122,FLOOD,year,,,False,False,,district
85,123,FLOOD,year,,,False,False,,district
86,124,FLOOD,day,entered_before_event,,False,False,,district
87,125,FLOOD,year,,,False,False,,district
88,126,FLOOD,year,,,False,False,,district
98,138,FLOOD,year,,,False,False,,district
99,139,FLOOD,year,,,True,False,,district
101,141,FLOOD,year,,,True,False,,district
102,142,FLOOD,year,,,False,False,,district
103,143,FLOOD,year,,,False,False,,district
104,144,FLOOD,year,,,False,False,,district
105,145,FLOOD,day,,,False,False,,district
108,148,FLOOD,year,,,False,False,,district
109,149,FLOOD,year,,,False,False,,district
110,150,FLOOD,year,,,False,False,,district
111,152,FLOOD,year,,,False,False,,district
112,153,FLOOD,year,,,False,False,,district
113,154,FLOOD,year,,,False,False,,district
115,156,FLOOD,day,,,False,False,,district
116,157,FLOOD,year,,,False,False,,district
150,196,FLOOD,year,,,True,False,,district
1386,208,FLOOD,day,,,False,False,,district
120,163,FLOOD,day,,,False,False,,district
121,164,FLOOD,year,,,False,False,,district
122,165,FLOOD,day,,,False,True,,district
123,166,FLOOD,day,,,False,True,,district
124,167,FLOOD,day,,,False,False,,district
125,168,FLOOD,day,,,False,False,,district
129,172,FLOOD,day,,,False,False,,district
130,173,FLOOD,day,,,False,False,,district
132,177,FLOOD,day,,,False,False,,district
133,178,FLOOD,day,,,False,False,,district
135,181,FLOOD,year,,,False,False,,district
137,183,FLOOD,year,,,False,False,,district
138,184,FLOOD,year,,,False,False,,district
140,186,FLOOD,year,,,False,False,,district
141,187,FLOOD,year,,,False,False,,district
143,189,FLOOD,year,,,False,False,,district
144,190,FLOOD,year,,,False,False,,district
145,191,FLOOD,year,,,False,False,,district
146,192,FLOOD,year,,,False,False,,district
147,193,FLOOD,year,,,True,False,,district
148,194,FLOOD,year,,,True,False,,district
149,195,FLOOD,year,,,True,False,,district
151,197,FLOOD,year,,,True,False,,district
152,198,FLOOD,year,,,True,False,,district
153,199,FLOOD,year,,,True,False,,district
154,200,FLOOD,year,,,True,False,,district
155,201,FLOOD,year,,,True,False,,district
156,202,FLOOD,year,,,True,False,,district
157,203,FLOOD,year,,,True,False,,district
158,204,FLOOD,day,,,False,False,,district
159,205,FLOOD,year,,,True,False,,district
160,206,FLOOD,year,,,True,False,,district
161,207,FLOOD,year,,,False,False,,district
162,208,FLOOD,year,,,True,False,,district
163,209,FLOOD,year,,,True,False,,district
164,210,FLOOD,year,,,True,False,,district
165,211,FLOOD,year,,,True,False,,district
166,212,FLOOD,year,,,False,False,,district
167,213,FLOOD,year,,,False,False,,district
1287,98,FLOOD,day,,,False,True,,district
1372,194,FLOOD,day,,,False,False,,district
640,47,FLOOD,day,,,True,True,,district
641,48,FLOOD,day,,,False,False,,district
642,49,FLOOD,day,,,False,False,,district
643,50,FLOOD,day,,,False,False,,district
644,51,FLOOD,day,,,False,False,,district
645,52,FLOOD,year,,,False,False,,district
646,53,FLOOD,day,,,True,True,,district
647,54,FLOOD,day,,,True,True,,district
648,55,FLOOD,day,,,False,True,,district
649,56,FLOOD,day,,,False,True,,district
650,57,FLOOD,day,,,True,True,,district
651,58,FLOOD,day,,,True,True,,district
652,59,FLOOD,day,,,False,False,,district
653,60,FLOOD,day,,,False,False,,district
654,61,FLOOD,month,,,False,False,,district
655,62,FLOOD,month,,,False,False,,district
656,63,FLOOD,day,,,False,True,,district
657,64,FLOOD,year,,,False,False,,district
658,65,FLOOD,day,,,False,True,,district
659,66,FLOOD,day,,,False,True,,district
660,67,FLOOD,day,,,False,True,,district
661,68,FLOOD,day,,,False,False,,district
662,69,FLOOD,month,,,False,False,,district
663,70,FLOOD,day,,,False,False,,district
664,71,FLOOD,day,,,False,True,,district
667,74,FLOOD,day,,,False,False,,district
673,80,FLOOD,day,,,True,True,,district
676,84,FLOOD,day,,,False,False,,district
679,87,FLOOD,day,,,False,False,,district
680,98,FLOOD,day,,,False,False,,district
684,103,FLOOD,day,,,True,True,,district
687,107,FLOOD,day,,,True,True,,district
688,108,FLOOD,day,,,False,False,,district
698,121,FLOOD,day,,,False,True,,district
699,122,FLOOD,day,,,False,False,,district
713,139,FLOOD,day,,,False,True,,district
715,141,FLOOD,day,,,False,True,,district
716,142,FLOOD,day,,,False,True,,district
728,158,FLOOD,year,,,False,False,,district
729,159,FLOOD,year,,,False,False,,district
736,167,FLOOD,year,,,False,False,,district
737,168,FLOOD,year,,,False,False,,district
738,170,FLOOD,year,,,False,False,,district
739,171,FLOOD,year,,,False,False,,district
740,173,FLOOD,day,,,False,False,,province_only
741,174,FLOOD,year,,,False,False,,district
742,175,FLOOD,year,,,False,False,,district
743,176,FLOOD,year,,,False,False,,district
744,177,FLOOD,year,,,False,False,,district
745,178,FLOOD,year,,,False,False,,district
746,179,FLOOD,year,,,False,False,,district
747,180,FLOOD,year,,,False,False,,district
748,181,FLOOD,year,,,False,False,,district
749,182,FLOOD,year,,,False,False,,district
750,183,FLOOD,year,,,False,False,,district
751,184,FLOOD,year,,,False,False,,district
767,200,FLOOD,year,,,False,False,,district
752,185,FLOOD,year,,,False,False,,district
753,186,FLOOD,year,,,False,False,,district
754,187,FLOOD,year,,,False,False,,district
755,188,FLOOD,year,,,False,False,,district
756,189,FLOOD,year,,,False,False,,district
757,190,FLOOD,year,,,False,False,,district
758,191,FLOOD,year,,,False,False,,district
759,192,FLOOD,year,,,False,False,,district
760,193,FLOOD,year,,,False,False,,district
761,194,FLOOD,year,,,False,False,,district
762,195,FLOOD,year,,,False,False,,district
763,196,FLOOD,year,,,False,False,,district
764,197,FLOOD,year,,,False,False,,district
766,199,FLOOD,year,,,True,False,,district
768,201,FLOOD,year,,,False,False,,district
769,202,FLOOD,year,,,False,False,,district
770,203,FLOOD,year,,,False,False,,district
1236,45,FLOOD,day,,,False,False,,district
1238,48,FLOOD,day,,,False,False,,district
1239,49,FLOOD,day,,,False,False,,district
1240,50,FLOOD,day,,,False,False,,district
1246,56,FLOOD,day,,,False,False,,district
1247,57,FLOOD,day,,,False,False,,district
1248,58,FLOOD,day,,,False,False,,district
1249,59,FLOOD,day,,,False,False,,district
1250,60,FLOOD,day,,,False,False,,district
1251,62,FLOOD,day,,,False,False,,district
1252,63,FLOOD,day,,,False,False,,district
1253,64,FLOOD,day,,,False,False,,district
1254,65,FLOOD,day,,,False,False,,district
1255,66,FLOOD,day,,,False,False,,district
1256,67,FLOOD,day,,,False,False,,district
1257,68,FLOOD,day,,,False,False,,district
1258,69,FLOOD,day,,,False,True,,district
1259,70,FLOOD,day,,,False,True,,district
1260,71,FLOOD,day,,,False,False,,district
1261,72,FLOOD,day,,,False,True,,district
1262,73,FLOOD,day,,,False,False,,district
1263,74,FLOOD,day,,,False,False,,district
1264,75,FLOOD,day,,,False,True,,district
1265,76,FLOOD,day,,,True,True,,district
1266,77,FLOOD,day,,,True,True,,district
1267,78,FLOOD,day,,,False,False,,district
1268,79,FLOOD,day,,,True,True,,district
1269,80,FLOOD,day,,,False,False,,district
1272,83,FLOOD,day,,,False,False,,district
1275,86,FLOOD,day,,,False,False,,district
1276,87,FLOOD,day,,,False,False,,district
1277,88,FLOOD,day,,,False,False,,district
1278,89,FLOOD,day,,,False,False,,district
1279,90,FLOOD,day,,,False,False,,district
1280,91,FLOOD,day,,,False,False,,district
1281,92,FLOOD,day,,,False,False,,district
1282,93,FLOOD,day,,,False,True,,district
1283,94,FLOOD,day,,,False,False,,district
1284,95,FLOOD,day,,,False,False,,district
1285,96,FLOOD,day,,,False,False,,district
1286,97,FLOOD,day,,,False,False,,district
1288,99,FLOOD,day,,,True,True,,district
1289,100,FLOOD,day,,,True,True,,district
1292,103,FLOOD,day,,,False,False,,district
1293,104,FLOOD,day,,,False,False,,district
1294,105,FLOOD,day,,,False,True,,district
1295,106,FLOOD,day,,,False,False,,district
1296,107,FLOOD,day,,,False,False,,district
1297,108,FLOOD,day,,,False,False,,district
1299,110,FLOOD,day,,,False,False,,district
1300,111,FLOOD,day,,,False,False,,district
1301,112,FLOOD,day,,,False,False,,district
1338,150,FLOOD,day,,,False,False,,district
1306,117,FLOOD,day,,,False,False,,district
1309,120,FLOOD,day,,,False,False,,district
1311,122,FLOOD,day,,,False,False,,district
1312,123,FLOOD,day,,,False,True,,district
1319,130,FLOOD,day,,,False,False,,district
1321,132,FLOOD,day,,,False,True,,district
1337,149,FLOOD,day,,,False,False,,district
1340,152,FLOOD,day,,,False,False,,district
1341,154,FLOOD,day,,,False,False,,district
1344,158,FLOOD,day,,,False,False,,district
1345,159,FLOOD,day,,,False,False,,district
1348,165,FLOOD,day,,,False,False,,district
1350,167,FLOOD,day,,,False,False,,district
1355,174,FLOOD,day,,,False,False,,district
1357,176,FLOOD,day,,,False,False,,district
1359,179,FLOOD,day,,,False,False,,province_only
1362,182,FLOOD,day,,,False,False,,district
1364,184,FLOOD,day,,,False,False,,district
1365,185,FLOOD,day,,,False,False,,district
1369,190,FLOOD,day,,,False,False,,district
1370,192,FLOOD,day,,,False,False,,district
1373,195,FLOOD,day,,,False,True,,district
1398,221,FLOOD,day,,,False,False,,district
1399,222,FLOOD,day,,,False,False,,district
1401,224,FLOOD,day,,,False,False,,district
1404,227,FLOOD,day,,,False,False,,district
1408,231,FLOOD,day,,,False,False,,district
1339,151,FLOOD,day,,,False,False,,district
1412,236,FLOOD,day,,,False,False,,district
1415,239,FLOOD,day,,,False,False,,district
1416,240,FLOOD,day,,,False,False,,district
1417,241,FLOOD,day,,,False,False,,district
1418,242,FLOOD,day,,,False,False,,district
1423,253,FLOOD,day,,,False,False,,district
1424,254,FLOOD,day,,,False,True,,district
1426,256,FLOOD,day,,,False,True,,district
1427,257,FLOOD,day,,,False,False,,district
1428,258,FLOOD,day,,,False,True,,district
1429,259,FLOOD,day,,,False,True,,district
1430,260,FLOOD,day,,,False,True,,district
1431,261,FLOOD,day,,,False,True,,district
1432,262,FLOOD,day,,,False,True,,district
1433,263,FLOOD,day,,,False,True,,district
1434,264,FLOOD,day,,,False,True,,district
1435,265,FLOOD,day,,,False,True,,district
1436,266,FLOOD,day,,,False,True,,district
1437,267,FLOOD,day,,,False,True,,district
1438,268,FLOOD,day,,,False,True,,district
1439,269,FLOOD,day,,,False,True,,district
1440,270,FLOOD,day,,,True,True,,district
1441,271,FLOOD,day,,,True,True,,district
1442,272,FLOOD,day,,,False,True,,district
1443,273,FLOOD,day,,,False,True,,district
1448,280,FLOOD,day,,,False,False,,province_only
1726,77,FLOOD,day,,,False,False,,district
1747,99,FLOOD,year,,,False,False,,district
1649,486,FLOOD,day,,,False,True,,district
1699,46,FLOOD,day,,,False,False,,district
1701,47,FLOOD,day,,,False,False,,district
1702,51,FLOOD,day,,,False,False,,district
1703,52,FLOOD,year,,,False,False,,district
1704,54,FLOOD,day,,,False,False,,district
1705,55,FLOOD,day,,,False,False,,district
1706,56,FLOOD,day,,,False,False,,district
1707,57,FLOOD,year,,,False,False,,district
1708,58,FLOOD,day,,,False,False,,district
1709,59,FLOOD,day,,,False,False,,district
1710,60,FLOOD,day,,,False,False,,district
1711,61,FLOOD,day,,,False,False,,district
1712,62,FLOOD,day,,,False,False,,district
1713,64,FLOOD,day,,,False,False,,district
1714,65,FLOOD,day,,,False,False,,district
1715,66,FLOOD,day,,,False,False,,district
1716,67,FLOOD,day,,,False,False,,district
1717,68,FLOOD,day,,,False,False,,district
1718,69,FLOOD,day,,,False,False,,district
1719,70,FLOOD,day,,,False,True,,district
1720,71,FLOOD,day,,,False,True,,district
1721,72,FLOOD,day,,,False,True,,district
1722,73,FLOOD,day,,,False,True,,district
1723,74,FLOOD,day,,,False,False,,district
1724,75,FLOOD,day,,,False,True,,district
1725,76,FLOOD,day,,,False,False,,district
1727,78,FLOOD,day,,,False,False,,district
1728,79,FLOOD,day,,,False,False,,district
1729,80,FLOOD,day,,,False,False,,district
1730,81,FLOOD,day,,,False,False,,district
1732,83,FLOOD,day,,,False,False,,district
1733,84,FLOOD,day,,,False,False,,district
1734,85,FLOOD,day,,,False,False,,district
1735,87,FLOOD,day,,,False,False,,district
1736,88,FLOOD,day,,,False,False,,district
1737,89,FLOOD,day,,,False,False,,district
1738,90,FLOOD,day,,,False,True,,district
1739,91,FLOOD,day,,,False,False,,district
1740,92,FLOOD,day,,,False,False,,district
1741,93,FLOOD,day,,,False,False,,district
1742,94,FLOOD,day,,,False,False,,district
1743,95,FLOOD,day,,,False,False,,district
1744,96,FLOOD,day,,,False,False,,district
1745,97,FLOOD,day,,,False,False,,district
1746,98,FLOOD,year,,,False,False,,district
1748,100,FLOOD,day,,,False,False,,district
1749,101,FLOOD,year,,,False,False,,district
1750,102,FLOOD,year,,,False,False,,district
1751,103,FLOOD,year,,,False,False,,district
1752,104,FLOOD,year,,,False,False,,district
1753,105,FLOOD,day,,,False,False,,district
1754,106,FLOOD,year,,,False,False,,district
1755,107,FLOOD,day,,,False,False,,district
1756,108,FLOOD,day,,,False,True,,district
1757,109,FLOOD,day,,,False,True,,district
1758,110,FLOOD,day,,,False,True,,district
1759,111,FLOOD,day,,,False,False,,district
1760,112,FLOOD,day,,,False,True,,district
1761,113,FLOOD,day,,,False,True,,district
1762,114,FLOOD,day,,,False,True,,district
1763,115,FLOOD,day,,,False,True,,district
1764,116,FLOOD,day,,,False,False,,district
1765,117,FLOOD,day,,,False,False,,district
1766,118,FLOOD,day,,,False,False,,district
1779,132,FLOOD,day,,,False,False,,district
1790,143,FLOOD,day,,,False,False,,district
1791,144,FLOOD,day,,,False,False,,district
1792,145,FLOOD,day,,,False,False,,district
1793,146,FLOOD,day,,,False,False,,district
1794,147,FLOOD,day,,,False,False,,district
1795,148,FLOOD,day,,,False,False,,district
1797,150,FLOOD,day,,,False,False,,district
1800,153,FLOOD,day,,,False,False,,district
1803,162,FLOOD,day,,,False,False,,district
1807,166,FLOOD,day,,,False,False,,district
1810,169,FLOOD,day,,,False,False,,district
1811,170,FLOOD,day,,,False,False,,district
1812,171,FLOOD,day,,,False,False,,district
1813,174,FLOOD,day,,,False,False,,district
1814,176,FLOOD,day,,,False,False,,district
1815,177,FLOOD,year,,,False,False,,district
1816,178,FLOOD,day,,,False,False,,district
1819,181,FLOOD,day,,,False,False,,district
1830,192,FLOOD,day,,,False,False,,district
1831,194,FLOOD,day,,,False,False,,district
1832,195,FLOOD,day,,,False,False,,district
1833,198,FLOOD,day,,,True,True,,district
1834,199,FLOOD,day,,,True,True,,district
1835,200,FLOOD,day,,,False,True,,district
1836,201,FLOOD,day,,,False,True,,district
1837,202,FLOOD,day,,,False,True,,district
1838,203,FLOOD,day,,,False,False,,district
1840,205,FLOOD,year,,,True,False,,district
1841,206,FLOOD,day,entered_before_event,,True,True,,district
1842,207,FLOOD,year,,,True,False,,district
1843,208,FLOOD,year,,,True,False,,district
1844,209,FLOOD,day,entered_before_event,,True,True,,district
1845,210,FLOOD,year,,,True,False,,district
1846,211,FLOOD,day,,,True,True,,district
1848,213,FLOOD,day,,,False,False,,district
1850,220,FLOOD,year,,,False,False,,district
1851,221,FLOOD,year,,,False,False,,district
1852,222,FLOOD,year,,,False,False,,district
1855,225,FLOOD,year,,,False,False,,district
1270,81,FLOOD,day,,,False,True,,district
1809,168,FLOOD,day,,,False,False,,district
2233,2252,FLOOD,day,,,False,False,,district
2238,2259,FLASH FLOODS,day,,,False,False,,district
2239,2260,FLASH FLOODS,day,,,False,False,,district
2240,2261,FLASH FLOODS,day,,,False,False,,district
2234,2253,FLASH FLOODS,day,,,False,False,,district
2236,2256,FLASH FLOODS,day,,,False,False,,district
2241,2263,FLASH FLOODS,day,,,False,False,,district
