record_id,serial,evento,event_start_date,date_precision,province_original,district_original,location_original,level0,level1,location_id,resolution_level,district_name_matches_geography,record_latitude,record_longitude,record_coordinate_check,note
60,97,FLOOD,,invalid,Lusaka,Chongwe,chongwe,05,0506,ZMB-D-0506,district,True,,,,place text kept verbatim; not geocoded below district level
1271,82,FLOOD,2013-10-13,day,Lusaka,Lusaka,LUSAKA,05,0501,ZMB-D-0501,district,True,-15.3875259,28.322816500000044,inside_coded_district,place text kept verbatim; not geocoded below district level
1237,46,FLOOD,2017-05-03,day,Copperbelt,Kitwe,kitwe,02,0202,ZMB-D-0202,district,True,,,,place text kept verbatim; not geocoded below district level
114,155,FLOOD,2015-06-14,day,Muchinga,Shiwang&#39;andu,Sele primary school ,06,0603,ZMB-D-0603,district,True,,,,place text kept verbatim; not geocoded below district level
1447,278,FLOOD,2013-06-06,day,Muchinga,Shiwang&#39;andu,SELE,06,0603,ZMB-D-0603,district,True,,,,place text kept verbatim; not geocoded below district level
1731,82,FLOOD,2015-05-11,day,Muchinga,Shiwang&#39;andu,SHIWANG'ANDU ,06,0603,ZMB-D-0603,district,True,,,,place text kept verbatim; not geocoded below district level
57,94,FLOOD,2011-01-07,day,Eastern,Chipata,kapalo,03,0305,ZMB-D-0305,district,True,,,,place text kept verbatim; not geocoded below district level
2189,2197,FLASH FLOODS,2023-11-22,day,Lusaka,Lusaka,Matero,05,0501,ZMB-D-0501,district,True,,,,place text kept verbatim; not geocoded below district level
2191,2199,FLASH FLOODS,2022-02-14,day,Western,Mongu,"Nakanya Ward, Nalikwanda Constituency",10,1003,ZMB-D-1003,district,True,,,,place text kept verbatim; not geocoded below district level
765,198,FLOOD,2013,year,Western,Limulunga,Limulunga primary school,10,1014,ZMB-D-1014,district,True,,,,place text kept verbatim; not geocoded below district level
1700,48,FLOOD,,invalid,Luapula,,,04,,,province_only,,,,,record has no district (level 1) code in DesInventar
1817,179,FLOOD,2017-05-11,day,Western,Lukulu,LIPEHO ,10,1006,ZMB-D-1006,district,True,,,,place text kept verbatim; not geocoded below district level
7,35,FLOOD,2014-05-02,day,North-Western,Mwinilunga,Nswena bridge-Kanyama chiefdom,07,0706,ZMB-D-0706,district,True,,,,place text kept verbatim; not geocoded below district level
11,46,FLOOD,2012,year,Copperbelt,Kitwe,kanfinsa,02,0202,ZMB-D-0202,district,True,,,,place text kept verbatim; not geocoded below district level
12,47,FLOOD,2011,year,Copperbelt,Luanshya,,02,0209,ZMB-D-0209,district,True,,,,no place text
13,48,FLOOD,2017-05-03,day,Copperbelt,Luanshya,luanshya area,02,0209,ZMB-D-0209,district,True,,,,place text kept verbatim; not geocoded below district level
14,49,FLOOD,2011,year,Copperbelt,Luanshya,luanshya area,02,0209,ZMB-D-0209,district,True,,,,place text kept verbatim; not geocoded below district level
15,50,FLOOD,2011,year,Northern,Kasama,kasama area,08,0803,ZMB-D-0803,district,True,,,,place text kept verbatim; not geocoded below district level
16,51,FLOOD,2011,year,Copperbelt,Luanshya,,02,0209,ZMB-D-0209,district,True,,,,no place text
17,52,FLOOD,2012-11-30,day,Lusaka,Lusaka,Emmasdale,05,0501,ZMB-D-0501,district,True,,,,place text kept verbatim; not geocoded below district level
18,53,FLOOD,2011,year,Northern,Kasama,,08,0803,ZMB-D-0803,district,True,,,,no place text
19,55,FLOOD,2011,year,Muchinga,Mpika,,06,0601,ZMB-D-0601,district,True,,,,no place text
20,56,FLOOD,2010,year,Copperbelt,Lufwanyama,lufwanyama constituency,02,0205,ZMB-D-0205,district,True,,,,place text kept verbatim; not geocoded below district level
21,57,FLOOD,2011,year,Northern,Kasama,,08,0803,ZMB-D-0803,district,True,,,,no place text
22,58,FLOOD,2012,year,Copperbelt,Lufwanyama,,02,0205,ZMB-D-0205,district,True,,,,no place text
23,59,FLOOD,2011,year,Central,Mkushi,,01,0108,ZMB-D-0108,district,True,,,,no place text
24,60,FLOOD,2015,year,Central,Kabwe,kabwe area,01,0103,ZMB-D-0103,district,True,,,,place text kept verbatim; not geocoded below district level
25,61,FLOOD,2014,year,Lusaka,Rufunsa,,05,0504,ZMB-D-0504,district,True,,,,no place text
26,62,FLOOD,2011,year,Eastern,Sinda,kasangazi area,03,0308,ZMB-D-0308,district,True,,,,place text kept verbatim; not geocoded below district level
27,63,FLOOD,2011,year,Western,Kalabo,Nalolo,10,1004,ZMB-D-1004,district,True,,,,place text kept verbatim; not geocoded below district level
28,64,FLOOD,2014-03-08,day,Central,Kabwe,kabwe area,01,0103,ZMB-D-0103,district,True,,,,place text kept verbatim; not geocoded below district level
29,65,FLOOD,2015,year,North-Western,Zambezi,Zambezi west ,07,0701,ZMB-D-0701,district,True,,,,place text kept verbatim; not geocoded below district level
30,66,FLOOD,2015-09-24,day,Eastern,Chipata,Mtenguleni Road,03,0305,ZMB-D-0305,district,True,,,,place text kept verbatim; not geocoded below district level
31,67,FLOOD,2015-08-27,day,North-Western,Solwezi,solwezi,07,0705,ZMB-D-0705,district,True,,,,place text kept verbatim; not geocoded below district level
32,68,FLOOD,2015-08-07,day,North-Western,Kabompo,Kabompo area,07,0708,ZMB-D-0708,district,True,,,,place text kept verbatim; not geocoded below district level
33,69,FLOOD,2011,year,Eastern,Petauke,singozi ward ,03,0304,ZMB-D-0304,district,True,,,,place text kept verbatim; not geocoded below district level
34,70,FLOOD,2011,year,Northern,Mpulungu,kapata village ,08,0807,ZMB-D-0807,district,True,,,,place text kept verbatim; not geocoded below district level
35,71,FLOOD,2014-12-13,day,Luapula,Nchelenge,Nchelenge area ,04,0406,ZMB-D-0406,district,True,,,,place text kept verbatim; not geocoded below district level
36,72,FLOOD,2011,year,North-Western,Solwezi,Solwezi area ,07,0705,ZMB-D-0705,district,True,,,,place text kept verbatim; not geocoded below district level
37,73,FLOOD,2015,year,Central,Luano,Mkushi south Constituency,01,0106,ZMB-D-0106,district,True,,,,place text kept verbatim; not geocoded below district level
38,74,FLOOD,2012,year,Eastern,Chadiza,Mtwalo school,03,0301,ZMB-D-0301,district,True,,,,place text kept verbatim; not geocoded below district level
39,75,FLOOD,2011,year,Eastern,Lundazi,Swamp area,03,0307,ZMB-D-0307,district,True,,,,place text kept verbatim; not geocoded below district level
40,76,FLOOD,2011,year,Eastern,Lundazi,Kamzoole Egichikeni,03,0307,ZMB-D-0307,district,True,,,,place text kept verbatim; not geocoded below district level
41,77,FLOOD,2017,year,Eastern,Lundazi,Katete sream ,03,0307,ZMB-D-0307,district,True,,,,place text kept verbatim; not geocoded below district level
42,78,FLOOD,2012,year,Eastern,Lundazi,Lundazi Chasefu Costituency,03,0307,ZMB-D-0307,district,True,,,,place text kept verbatim; not geocoded below district level
43,79,FLOOD,2011,year,Eastern,Chipata,Mpamba Nyalubanga road,03,0305,ZMB-D-0305,district,True,,,,place text kept verbatim; not geocoded below district level
44,80,FLOOD,2011,year,Eastern,Lundazi,Kamzoole Egichikeni,03,0307,ZMB-D-0307,district,True,,,,place text kept verbatim; not geocoded below district level
45,81,FLOOD,2012,year,Southern,Mazabuka,Magoye constituency,09,0910,ZMB-D-0910,district,True,,,,place text kept verbatim; not geocoded below district level
46,82,FLOOD,2012,year,Muchinga,Nakonde,Stevenson township,06,0605,ZMB-D-0605,district,True,,,,place text kept verbatim; not geocoded below district level
47,83,FLOOD,2011,year,Eastern,Lundazi,Dambo ,03,0307,ZMB-D-0307,district,True,,,,place text kept verbatim; not geocoded below district level
48,85,FLOOD,2011,year,Eastern,Lundazi,Kamzoole ,03,0307,ZMB-D-0307,district,True,,,,place text kept verbatim; not geocoded below district level
49,86,FLOOD,2011,year,Eastern,Lundazi,Mpakamalaza road,03,0307,ZMB-D-0307,district,True,,,,place text kept verbatim; not geocoded below district level
50,87,FLOOD,2011,year,Eastern,Lundazi,Khumbilo,03,0307,ZMB-D-0307,district,True,,,,place text kept verbatim; not geocoded below district level
51,88,FLOOD,2017,year,Eastern,Lundazi,Rusayila and Gumbo,03,0307,ZMB-D-0307,district,True,,,,place text kept verbatim; not geocoded below district level
52,89,FLOOD,2011,year,Eastern,Lundazi,magodi ward,03,0307,ZMB-D-0307,district,True,,,,place text kept verbatim; not geocoded below district level
53,90,FLOOD,2011,year,Central,Kapiri Mposhi,kapili mposhi constituency,01,0110,ZMB-D-0110,district,True,,,,place text kept verbatim; not geocoded below district level
54,91,FLOOD,2012,year,Copperbelt,Kalulushi,Chambeshi area,02,0203,ZMB-D-0203,district,True,,,,place text kept verbatim; not geocoded below district level
55,92,FLOOD,2006,year,Central,Kapiri Mposhi,kapili Mposhi area,01,0110,ZMB-D-0110,district,True,,,,place text kept verbatim; not geocoded below district level
56,93,FLOOD,2011,year,Central,Kapiri Mposhi,kapili mposhi,01,0110,ZMB-D-0110,district,True,,,,place text kept verbatim; not geocoded below district level
58,95,FLOOD,2011-01-18,day,Eastern,Chipata,katete and Nyanje,03,0305,ZMB-D-0305,district,True,,,,place text kept verbatim; not geocoded below district level
59,96,FLOOD,2011-01-17,day,Southern,Zimba,Maamba Batoka,09,0911,ZMB-D-0911,district,True,,,,place text kept verbatim; not geocoded below district level
61,98,FLOOD,2011,year,Southern,Kalomo,kalomo Road,09,0904,ZMB-D-0904,district,True,,,,place text kept verbatim; not geocoded below district level
62,99,FLOOD,2011,year,Northern,Kasama,Mpolokoso,08,0803,ZMB-D-0803,district,True,,,,place text kept verbatim; not geocoded below district level
63,100,FLOOD,2011-09-02,day,Central,Chibombo,Keembe constituency,01,0102,ZMB-D-0102,district,True,,,,place text kept verbatim; not geocoded below district level
64,101,FLOOD,2011,year,Luapula,Chiengi,Mansa,04,0407,ZMB-D-0407,district,True,,,,place text kept verbatim; not geocoded below district level
65,102,FLOOD,2011-01-11,day,Copperbelt,Lufwanyama,Mpompo,02,0205,ZMB-D-0205,district,True,,,,place text kept verbatim; not geocoded below district level
66,103,FLOOD,2011,year,Central,Chibombo,Chief chamuka,01,0102,ZMB-D-0102,district,True,,,,place text kept verbatim; not geocoded below district level
67,104,FLOOD,2011,year,Luapula,Mansa,mansa area,04,0403,ZMB-D-0403,district,True,,,,place text kept verbatim; not geocoded below district level
68,105,FLOOD,2012,year,Lusaka,Lusaka,,05,0501,ZMB-D-0501,district,True,,,,no place text
69,106,FLOOD,2012,year,Copperbelt,Kitwe,kitwe area,02,0202,ZMB-D-0202,district,True,,,,place text kept verbatim; not geocoded below district level
70,107,FLOOD,2009,year,Western,Shangombo,Mambolomoka,10,1001,ZMB-D-1001,district,True,,,,place text kept verbatim; not geocoded below district level
71,108,FLOOD,2009,year,Western,Shangombo,Nanjucha ward ,10,1001,ZMB-D-1001,district,True,,,,place text kept verbatim; not geocoded below district level
72,109,FLOOD,2012,year,Lusaka,Chongwe,chongwe,05,0506,ZMB-D-0506,district,True,,,,place text kept verbatim; not geocoded below district level
73,110,FLOOD,2012,year,Lusaka,Lusaka,chongwe,05,0501,ZMB-D-0501,district,True,,,,place text kept verbatim; not geocoded below district level
74,111,FLOOD,2012,year,Southern,Livingstone,livingstone area,09,0901,ZMB-D-0901,district,True,,,,place text kept verbatim; not geocoded below district level
75,112,FLOOD,2012,year,Eastern,Petauke,petauke area,03,0304,ZMB-D-0304,district,True,,,,place text kept verbatim; not geocoded below district level
76,113,FLOOD,2012,year,Eastern,Mambwe,Mambwe area,03,0306,ZMB-D-0306,district,True,,,,place text kept verbatim; not geocoded below district level
77,115,FLOOD,2012,year,Southern,Livingstone,livingstone area,09,0901,ZMB-D-0901,district,True,,,,place text kept verbatim; not geocoded below district level
78,116,FLOOD,2012,year,Eastern,Chipata,,03,0305,ZMB-D-0305,district,True,,,,no place text
79,117,FLOOD,2012,year,Central,Mkushi,Chief Chitina area ,01,0108,ZMB-D-0108,district,True,,,,place text kept verbatim; not geocoded below district level
80,118,FLOOD,2012,year,Central,Kabwe,Great North ,01,0103,ZMB-D-0103,district,True,,,,place text kept verbatim; not geocoded below district level
81,119,FLOOD,2012,year,Western,Mongu,Chief Mwanangumune ,10,1003,ZMB-D-1003,district,True,,,,place text kept verbatim; not geocoded below district level
82,120,FLOOD,2012,year,Northern,Kaputa,Kaputa road ,08,0809,ZMB-D-0809,district,True,,,,place text kept verbatim; not geocoded below district level
83,121,FLOOD,2012,year,Western,Mongu,Mayukwayukwa luena river,10,1003,ZMB-D-1003,district,True,,,,place text kept verbatim; not geocoded below district level
84,122,FLOOD,2012,year,Copperbelt,Ndola,Ndola,02,0210,ZMB-D-0210,district,True,,,,place text kept verbatim; not geocoded below district level
85,123,FLOOD,2014,year,Northern,Kasama,Mwamba road ,08,0803,ZMB-D-0803,district,True,,,,place text kept verbatim; not geocoded below district level
86,124,FLOOD,2017-05-29,day,Northern,Kasama,CHamfubu Resettlement Scheme,08,0803,ZMB-D-0803,district,True,,,,place text kept verbatim; not geocoded below district level
87,125,FLOOD,2007,year,Eastern,Nyimba,,03,0302,ZMB-D-0302,district,True,,,,no place text
88,126,FLOOD,2014,year,Lusaka,Chilanga,Petroda falling station ,05,0507,ZMB-D-0507,district,True,,,,place text kept verbatim; not geocoded below district level
98,138,FLOOD,2009,year,Western,Shangombo,Simu ward,10,1001,ZMB-D-1001,district,True,,,,place text kept verbatim; not geocoded below district level
99,139,FLOOD,2009,year,Western,Shangombo,Sipuma ward,10,1001,ZMB-D-1001,district,True,,,,place text kept verbatim; not geocoded below district level
101,141,FLOOD,2009,year,Western,Shangombo,Sipuma ward,10,1001,ZMB-D-1001,district,True,,,,place text kept verbatim; not geocoded below district level
102,142,FLOOD,2012,year,Luapula,Mansa,St.Clement Secondary school,04,0403,ZMB-D-0403,district,True,,,,place text kept verbatim; not geocoded below district level
103,143,FLOOD,2014,year,Eastern,Mambwe,Deporable state ,03,0306,ZMB-D-0306,district,True,,,,place text kept verbatim; not geocoded below district level
104,144,FLOOD,2010,year,Central,Serenje,Chief Chisomo village,01,0111,ZMB-D-0111,district,True,,,,place text kept verbatim; not geocoded below district level
105,145,FLOOD,2014-02-27,day,Copperbelt,Kitwe,kawama and twatasha,02,0202,ZMB-D-0202,district,True,,,,place text kept verbatim; not geocoded below district level
108,148,FLOOD,2015,year,Northern,Kasama,Luyeye primary school,08,0803,ZMB-D-0803,district,True,,,,place text kept verbatim; not geocoded below district level
109,149,FLOOD,2015,year,Northern,Mporokoso,Chitoshi primary school,08,0805,ZMB-D-0805,district,True,,,,place text kept verbatim; not geocoded below district level
110,150,FLOOD,2015,year,Northern,Mporokoso,Luli primary school,08,0805,ZMB-D-0805,district,True,,,,place text kept verbatim; not geocoded below district level
111,152,FLOOD,2015,year,Luapula,Samfya,Chitondo primary school,04,0402,ZMB-D-0402,district,True,,,,place text kept verbatim; not geocoded below district level
112,153,FLOOD,2015,year,Luapula,Chipili,Chinshinki primary school,04,0404,ZMB-D-0404,district,True,,,,place text kept verbatim; not geocoded below district level
113,154,FLOOD,2015,year,Luapula,Chipili,Mulundu primary school,04,0404,ZMB-D-0404,district,True,,,,place text kept verbatim; not geocoded below district level
115,156,FLOOD,2015-06-16,day,North-Western,Solwezi,lubinga primary school,07,0705,ZMB-D-0705,district,True,,,,place text kept verbatim; not geocoded below district level
116,157,FLOOD,2014,year,Copperbelt,Masaiti,Ipusukilo ,02,0208,ZMB-D-0208,district,True,,,,place text kept verbatim; not geocoded below district level
150,196,FLOOD,2010,year,Western,Lukulu,lukulu area ,10,1006,ZMB-D-1006,district,True,,,,place text kept verbatim; not geocoded below district level
1386,208,FLOOD,2013-10-31,day,Western,Mitete,NANGOMA,10,1015,ZMB-D-1015,district,True,,,,place text kept verbatim; not geocoded below district level
120,163,FLOOD,2015-04-18,day,Eastern,Petauke,juction of petauke-chipungu road,03,0304,ZMB-D-0304,district,True,,,,place text kept verbatim; not geocoded below district level
121,164,FLOOD,2014,year,Northern,Mpulungu,Robert village,08,0807,ZMB-D-0807,district,True,,,,place text kept verbatim; not geocoded below district level
122,165,FLOOD,2014-02-07,day,North-Western,Manyinga,Senior chief Sikufela,07,0709,ZMB-D-0709,district,True,,,,place text kept verbatim; not geocoded below district level
123,166,FLOOD,2014-02-07,day,North-Western,Manyinga,Senior Chief Sikufela's area,07,0709,ZMB-D-0709,district,True,,,,place text kept verbatim; not geocoded below district level
124,167,FLOOD,2014-03-05,day,North-Western,Manyinga,Senior Chief Sikufela's area,07,0709,ZMB-D-0709,district,True,,,,place text kept verbatim; not geocoded below district level
125,168,FLOOD,2011-08-31,day,Northern,Kaputa,Nsama-nkhoshya roadb,08,0809,ZMB-D-0809,district,True,,,,place text kept verbatim; not geocoded below district level
129,172,FLOOD,2013-09-16,day,Lusaka,Lusaka,Garden house ,05,0501,ZMB-D-0501,district,True,,,,place text kept verbatim; not geocoded below district level
130,173,FLOOD,2012-11-16,day,Muchinga,Nakonde,kanchibeya constituency ,06,0605,ZMB-D-0605,district,True,,,,place text kept verbatim; not geocoded below district level
132,177,FLOOD,2015-04-10,day,Northern,Kaputa,kaputa area,08,0809,ZMB-D-0809,district,True,,,,place text kept verbatim; not geocoded below district level
133,178,FLOOD,2014-04-10,day,Luapula,Mwense,Mwense constituency,04,0410,ZMB-D-0410,district,True,,,,place text kept verbatim; not geocoded below district level
135,181,FLOOD,2014,year,Luapula,Nchelenge,Nchelenge area,04,0406,ZMB-D-0406,district,True,,,,place text kept verbatim; not geocoded below district level
137,183,FLOOD,2010,year,North-Western,Solwezi,Chief Mumena's area ,07,0705,ZMB-D-0705,district,True,,,,place text kept verbatim; not geocoded below district level
138,184,FLOOD,2010,year,Luapula,Mansa,heavy rains,04,0403,ZMB-D-0403,district,True,,,,place text kept verbatim; not geocoded below district level
140,186,FLOOD,2009,year,Central,Serenje,lulimala ward,01,0111,ZMB-D-0111,district,True,,,,place text kept verbatim; not geocoded below district level
141,187,FLOOD,2016,year,North-Western,Mufumbwe,kalambo,07,0703,ZMB-D-0703,district,True,,,,place text kept verbatim; not geocoded below district level
143,189,FLOOD,2010,year,Central,Serenje,Serenje area,01,0111,ZMB-D-0111,district,True,,,,place text kept verbatim; not geocoded below district level
144,190,FLOOD,2010,year,Central,Serenje,muchinka,01,0111,ZMB-D-0111,district,True,,,,place text kept verbatim; not geocoded below district level
145,191,FLOOD,2010,year,North-Western,Chavuma,Nyantanda healthy post ,07,0702,ZMB-D-0702,district,True,,,,place text kept verbatim; not geocoded below district level
146,192,FLOOD,2010,year,Southern,Gwembe,Gwembe area ,09,0903,ZMB-D-0903,district,True,,,,place text kept verbatim; not geocoded below district level
147,193,FLOOD,2010,year,Southern,Kazungula,kazungula area ,09,0906,ZMB-D-0906,district,True,,,,place text kept verbatim; not geocoded below district level
148,194,FLOOD,2010,year,Southern,Namwala,namwala area,09,0909,ZMB-D-0909,district,True,,,,place text kept verbatim; not geocoded below district level
149,195,FLOOD,2010,year,Western,Kalabo,kalabo area ,10,1004,ZMB-D-1004,district,True,,,,place text kept verbatim; not geocoded below district level
151,197,FLOOD,2010,year,Western,Lukulu,lukulu area,10,1006,ZMB-D-1006,district,True,,,,place text kept verbatim; not geocoded below district level
152,198,FLOOD,2010,year,Western,Mongu,mongu area ,10,1003,ZMB-D-1003,district,True,,,,place text kept verbatim; not geocoded below district level
153,199,FLOOD,2010,year,Western,Mongu,mongu area,10,1003,ZMB-D-1003,district,True,,,,place text kept verbatim; not geocoded below district level
154,200,FLOOD,2010,year,Western,Senanga,senanga area ,10,1002,ZMB-D-1002,district,True,,,,place text kept verbatim; not geocoded below district level
155,201,FLOOD,2010,year,Western,Senanga,senanga area,10,1002,ZMB-D-1002,district,True,,,,place text kept verbatim; not geocoded below district level
156,202,FLOOD,2010,year,Western,Senanga,senanga area,10,1002,ZMB-D-1002,district,True,,,,place text kept verbatim; not geocoded below district level
157,203,FLOOD,2010,year,Western,Senanga,senanga area,10,1002,ZMB-D-1002,district,True,,,,place text kept verbatim; not geocoded below district level
158,204,FLOOD,2017-06-06,day,Southern,Gwembe,Gwembe area,09,0903,ZMB-D-0903,district,True,,,,place text kept verbatim; not geocoded below district level
159,205,FLOOD,2010,year,Southern,Kazungula,kazungula area,09,0906,ZMB-D-0906,district,True,,,,place text kept verbatim; not geocoded below district level
160,206,FLOOD,2010,year,Southern,Namwala,namwala area,09,0909,ZMB-D-0909,district,True,,,,place text kept verbatim; not geocoded below district level
161,207,FLOOD,2010,year,Southern,Sinazongwe,sinazongwe area ,09,0902,ZMB-D-0902,district,True,,,,place text kept verbatim; not geocoded below district level
162,208,FLOOD,2010,year,Western,Kalabo,kalabo area,10,1004,ZMB-D-1004,district,True,,,,place text kept verbatim; not geocoded below district level
163,209,FLOOD,2010,year,Western,Lukulu,lukulu area,10,1006,ZMB-D-1006,district,True,,,,place text kept verbatim; not geocoded below district level
164,210,FLOOD,2010,year,Western,Mongu,mongu area,10,1003,ZMB-D-1003,district,True,,,,place text kept verbatim; not geocoded below district level
165,211,FLOOD,2010,year,Western,Senanga,senanga area,10,1002,ZMB-D-1002,district,True,,,,place text kept verbatim; not geocoded below district level
166,212,FLOOD,2010,year,Western,Shangombo,shangombo area ,10,1001,ZMB-D-1001,district,True,,,,place text kept verbatim; not geocoded below district level
167,213,FLOOD,2010,year,Western,Sesheke,sesheke area ,10,1007,ZMB-D-1007,district,True,,,,place text kept verbatim; not geocoded below district level
1287,98,FLOOD,2008-03-08,day,Lusaka,Lusaka,NORTH GREAT ROAD,05,0501,ZMB-D-0501,district,True,,,,place text kept verbatim; not geocoded below district level
1372,194,FLOOD,2008-01-21,day,Central,Mumbwa,MWEMBESHI,01,0104,ZMB-D-0104,district,True,,,,place text kept verbatim; not geocoded below district level
640,47,FLOOD,2014-04-08,day,Northern,Nsama,MWEMBESHI,08,0808,ZMB-D-0808,district,True,,,,place text kept verbatim; not geocoded below district level
641,48,FLOOD,2017-05-03,day,Luapula,Mwense,Sesa-Chindoloma-Kapesa road,04,0410,ZMB-D-0410,district,True,,,,place text kept verbatim; not geocoded below district level
642,49,FLOOD,2009-05-30,day,Northern,Mungwi,MALOLE,08,0804,ZMB-D-0804,district,True,,,,place text kept verbatim; not geocoded below district level
643,50,FLOOD,2009-04-03,day,Central,Serenje,Chitambo,01,0111,ZMB-D-0111,district,True,,,,place text kept verbatim; not geocoded below district level
644,51,FLOOD,2009-03-27,day,Muchinga,Mpika,Kanchibiya,06,0601,ZMB-D-0601,district,True,,,,place text kept verbatim; not geocoded below district level
645,52,FLOOD,2009,year,Central,Serenje,Chief Mailo's area,01,0111,ZMB-D-0111,district,True,,,,place text kept verbatim; not geocoded below district level
646,53,FLOOD,2017-05-03,day,Western,Kaoma,Luampa,10,1005,ZMB-D-1005,district,True,,,,place text kept verbatim; not geocoded below district level
647,54,FLOOD,2017-05-03,day,Western,Kaoma,Luampa,10,1005,ZMB-D-1005,district,True,,,,place text kept verbatim; not geocoded below district level
648,55,FLOOD,2017-05-03,day,Western,Kaoma,Kaoma central constituency,10,1005,ZMB-D-1005,district,True,,,,place text kept verbatim; not geocoded below district level
649,56,FLOOD,2017-05-03,day,Western,Kaoma,Mangango,10,1005,ZMB-D-1005,district,True,,,,place text kept verbatim; not geocoded below district level
650,57,FLOOD,2017-05-03,day,North-Western,Mwinilunga,chief Ntambu's area,07,0706,ZMB-D-0706,district,True,,,,place text kept verbatim; not geocoded below district level
651,58,FLOOD,2017-05-03,day,North-Western,Mwinilunga,chief Ntambu's area,07,0706,ZMB-D-0706,district,True,,,,place text kept verbatim; not geocoded below district level
652,59,FLOOD,2017-05-03,day,North-Western,Solwezi,Solwezi East,07,0705,ZMB-D-0705,district,True,,,,place text kept verbatim; not geocoded below district level
653,60,FLOOD,2009-02-06,day,North-Western,Mwinilunga,chief Ntambu's area,07,0706,ZMB-D-0706,district,True,,,,place text kept verbatim; not geocoded below district level
654,61,FLOOD,2012-04,month,Lusaka,Lusaka,Matero,05,0501,ZMB-D-0501,district,True,,,,place text kept verbatim; not geocoded below district level
655,62,FLOOD,2013-03,month,Copperbelt,Kalulushi,Lukoshi,02,0203,ZMB-D-0203,district,True,,,,place text kept verbatim; not geocoded below district level
656,63,FLOOD,2013-12-25,day,Central,Chibombo,Izovu,01,0102,ZMB-D-0102,district,True,,,,place text kept verbatim; not geocoded below district level
657,64,FLOOD,2007,year,Lusaka,Chongwe,Bunda Bunda,05,0506,ZMB-D-0506,district,True,,,,place text kept verbatim; not geocoded below district level
658,65,FLOOD,2010-10-31,day,North-Western,Mwinilunga,Kasanjiko,07,0706,ZMB-D-0706,district,True,,,,place text kept verbatim; not geocoded below district level
659,66,FLOOD,2010-10-31,day,North-Western,Mwinilunga,Musangila,07,0706,ZMB-D-0706,district,True,,,,place text kept verbatim; not geocoded below district level
660,67,FLOOD,2010-10-31,day,North-Western,Mwinilunga,Kasanghezi,07,0706,ZMB-D-0706,district,True,,,,place text kept verbatim; not geocoded below district level
661,68,FLOOD,2010-04-26,day,Lusaka,Luangwa,Luangwa bridge,05,0503,ZMB-D-0503,district,True,,,,place text kept verbatim; not geocoded below district level
662,69,FLOOD,2010-04,month,Eastern,Katete,Chichele,03,0303,ZMB-D-0303,district,True,,,,place text kept verbatim; not geocoded below district level
663,70,FLOOD,2010-08-10,day,North-Western,Zambezi,Mize,07,0701,ZMB-D-0701,district,True,,,,place text kept verbatim; not geocoded below district level
664,71,FLOOD,2017-05-03,day,Copperbelt,Kitwe,Mwekere,02,0202,ZMB-D-0202,district,True,,,,place text kept verbatim; not geocoded below district level
667,74,FLOOD,2017-05-03,day,Northern,Nsama,MWEMBESHI,08,0808,ZMB-D-0808,district,True,,,,place text kept verbatim; not geocoded below district level
673,80,FLOOD,2014-04-08,day,Northern,Nsama,MWEMBESHI,08,0808,ZMB-D-0808,district,True,,,,place text kept verbatim; not geocoded below district level
676,84,FLOOD,2017-05-04,day,Central,Itezhi-tezhi,Lubanda,01,0101,ZMB-D-0101,district,True,,,,place text kept verbatim; not geocoded below district level
679,87,FLOOD,2014-11-03,day,Lusaka,Lusaka,Mtendere,05,0501,ZMB-D-0501,district,True,,,,place text kept verbatim; not geocoded below district level
680,98,FLOOD,2011-12-16,day,Lusaka,Lusaka,Kaunda Square stage1,05,0501,ZMB-D-0501,district,True,,,,place text kept verbatim; not geocoded below district level
684,103,FLOOD,2014-04-08,day,Northern,Nsama,MWEMBESHI,08,0808,ZMB-D-0808,district,True,,,,place text kept verbatim; not geocoded below district level
687,107,FLOOD,2014-04-08,day,Northern,Nsama,MWEMBESHI,08,0808,ZMB-D-0808,district,True,,,,place text kept verbatim; not geocoded below district level
688,108,FLOOD,2017-05-04,day,Lusaka,Lusaka,Chawama,05,0501,ZMB-D-0501,district,True,,,,place text kept verbatim; not geocoded below district level
698,121,FLOOD,2008-01-03,day,Southern,Monze,Mabonde bridge,09,0908,ZMB-D-0908,district,True,,,,place text kept verbatim; not geocoded below district level
699,122,FLOOD,2015-12-17,day,Southern,Mazabuka,Mazabuka central business area,09,0910,ZMB-D-0910,district,True,,,,place text kept verbatim; not geocoded below district level
713,139,FLOOD,2013-01-20,day,North-Western,Kabompo,Mishivi bridge,07,0708,ZMB-D-0708,district,True,,,,place text kept verbatim; not geocoded below district level
715,141,FLOOD,2013-01-20,day,North-Western,Kabompo,Maveve bridge,07,0708,ZMB-D-0708,district,True,,,,place text kept verbatim; not geocoded below district level
716,142,FLOOD,2013-01-20,day,North-Western,Kabompo,Kasalya bridge,07,0708,ZMB-D-0708,district,True,,,,place text kept verbatim; not geocoded below district level
728,158,FLOOD,2013,year,Muchinga,Chinsali,Mwalala primary school,06,0607,ZMB-D-0607,district,True,,,,place text kept verbatim; not geocoded below district level
729,159,FLOOD,2011,year,Luapula,Mansa,Musaila primary school,04,0403,ZMB-D-0403,district,True,,,,place text kept verbatim; not geocoded below district level
736,167,FLOOD,2013,year,Central,Chibombo,Itombwe,01,0102,ZMB-D-0102,district,True,,,,place text kept verbatim; not geocoded below district level
737,168,FLOOD,2013,year,Central,Chibombo,Kalala primary school,01,0102,ZMB-D-0102,district,True,,,,place text kept verbatim; not geocoded below district level
738,170,FLOOD,2013,year,Central,Chibombo,Kalebuka primary school,01,0102,ZMB-D-0102,district,True,,,,place text kept verbatim; not geocoded below district level
739,171,FLOOD,2013,year,Central,Chibombo,Muwanju primary school,01,0102,ZMB-D-0102,district,True,,,,place text kept verbatim; not geocoded below district level
740,173,FLOOD,2017-06-05,day,Central,,,01,,,province_only,,,,,record has no district (level 1) code in DesInventar
741,174,FLOOD,2013,year,Central,Chibombo,Shimbilo primary school,01,0102,ZMB-D-0102,district,True,,,,place text kept verbatim; not geocoded below district level
742,175,FLOOD,2013,year,Central,Itezhi-tezhi,Baanga primary school,01,0101,ZMB-D-0101,district,True,,,,place text kept verbatim; not geocoded below district level
743,176,FLOOD,2013,year,Central,Itezhi-tezhi,Babizhi,01,0101,ZMB-D-0101,district,True,,,,place text kept verbatim; not geocoded below district level
744,177,FLOOD,2013,year,Central,Itezhi-tezhi,Yomena primary school,01,0101,ZMB-D-0101,district,True,,,,place text kept verbatim; not geocoded below district level
745,178,FLOOD,2013,year,Central,Mkushi,Shamboze primary school,01,0108,ZMB-D-0108,district,True,,,,place text kept verbatim; not geocoded below district level
746,179,FLOOD,2013,year,Central,Mkushi,Lukunka primary school,01,0108,ZMB-D-0108,district,True,,,,place text kept verbatim; not geocoded below district level
747,180,FLOOD,2013,year,Central,Mumbwa,Kabulwe bulwe,01,0104,ZMB-D-0104,district,True,,,,place text kept verbatim; not geocoded below district level
748,181,FLOOD,2013,year,Lusaka,Shibuyunji,Munyati primary school,05,0508,ZMB-D-0508,district,True,,,,place text kept verbatim; not geocoded below district level
749,182,FLOOD,2013,year,Lusaka,Shibuyunji,Nampundwe,05,0508,ZMB-D-0508,district,True,,,,place text kept verbatim; not geocoded below district level
750,183,FLOOD,2013,year,Lusaka,Shibuyunji,Shabaso primary school,05,0508,ZMB-D-0508,district,True,,,,place text kept verbatim; not geocoded below district level
751,184,FLOOD,2013,year,Eastern,Chipata,Kapita primary school,03,0305,ZMB-D-0305,district,True,,,,place text kept verbatim; not geocoded below district level
767,200,FLOOD,2013,year,Western,Limulunga,Mabili community school,10,1014,ZMB-D-1014,district,True,,,,place text kept verbatim; not geocoded below district level
752,185,FLOOD,2013,year,North-Western,Zambezi,Kalengwa primary school,07,0701,ZMB-D-0701,district,True,,,,place text kept verbatim; not geocoded below district level
753,186,FLOOD,2013,year,Southern,Kalomo,Maramba primary school,09,0904,ZMB-D-0904,district,True,,,,place text kept verbatim; not geocoded below district level
754,187,FLOOD,2013,year,Southern,Monze,Hakunkula primary school,09,0908,ZMB-D-0908,district,True,,,,place text kept verbatim; not geocoded below district level
755,188,FLOOD,2013,year,Southern,Namwala,Nakaunda primary school,09,0909,ZMB-D-0909,district,True,,,,place text kept verbatim; not geocoded below district level
756,189,FLOOD,2013,year,Southern,Namwala,Tapa primary school,09,0909,ZMB-D-0909,district,True,,,,place text kept verbatim; not geocoded below district level
757,190,FLOOD,2013,year,Southern,Namwala,Kasonkomwa community school,09,0909,ZMB-D-0909,district,True,,,,place text kept verbatim; not geocoded below district level
758,191,FLOOD,2013,year,Western,Kalabo,Ikatulamwa community school,10,1004,ZMB-D-1004,district,True,,,,place text kept verbatim; not geocoded below district level
759,192,FLOOD,2013,year,Western,Kalabo,Nangole primary school,10,1004,ZMB-D-1004,district,True,,,,place text kept verbatim; not geocoded below district level
760,193,FLOOD,2013,year,Western,Kalabo,Silanda primary school,10,1004,ZMB-D-1004,district,True,,,,place text kept verbatim; not geocoded below district level
761,194,FLOOD,2013,year,Western,Kalabo,Muchicha primary school,10,1004,ZMB-D-1004,district,True,,,,place text kept verbatim; not geocoded below district level
762,195,FLOOD,2013,year,Western,Kalabo,Salunda primary school,10,1004,ZMB-D-1004,district,True,,,,place text kept verbatim; not geocoded below district level
763,196,FLOOD,2013,year,Western,Kalabo,Muweshi primary school,10,1004,ZMB-D-1004,district,True,,,,place text kept verbatim; not geocoded below district level
764,197,FLOOD,2013,year,Western,Kalabo,Nguluma primary school,10,1004,ZMB-D-1004,district,True,,,,place text kept verbatim; not geocoded below district level
766,199,FLOOD,2013,year,Western,Limulunga,Limulunga primary school,10,1014,ZMB-D-1014,district,True,,,,place text kept verbatim; not geocoded below district level
768,201,FLOOD,2013,year,Western,Mitete,Lwambi primary school,10,1015,ZMB-D-1015,district,True,,,,place text kept verbatim; not geocoded below district level
769,202,FLOOD,2013,year,Western,Mwandi,Mande primary school,10,1008,ZMB-D-1008,district,True,,,,place text kept verbatim; not geocoded below district level
770,203,FLOOD,2013,year,Western,Mwandi,Mangwanyi primary school,10,1008,ZMB-D-1008,district,True,,,,place text kept verbatim; not geocoded below district level
1236,45,FLOOD,2012-03-12,day,Northern,Luwingu,KALOMBOSHI,08,0802,ZMB-D-0802,district,True,,,,place text kept verbatim; not geocoded below district level
1238,48,FLOOD,2012-03-29,day,Luapula,Mansa,LUAMFUMU,04,0403,ZMB-D-0403,district,True,,,,place text kept verbatim; not geocoded below district level
1239,49,FLOOD,2012-12-03,day,Luapula,Milengi,MILENGI,04,0401,ZMB-D-0401,district,True,,,,place text kept verbatim; not geocoded below district level
1240,50,FLOOD,2012-11-03,day,Muchinga,Mpika,MPIKA,06,0601,ZMB-D-0601,district,True,,,,place text kept verbatim; not geocoded below district level
1246,56,FLOOD,2009-02-18,day,Luapula,Kawambwa,CHAMBESHI,04,0405,ZMB-D-0405,district,True,,,,place text kept verbatim; not geocoded below district level
1247,57,FLOOD,2009-03-09,day,Central,Kabwe,LUSIWASI,01,0103,ZMB-D-0103,district,True,,,,place text kept verbatim; not geocoded below district level
1248,58,FLOOD,2006-05-06,day,Central,Serenje,SERENJE,01,0111,ZMB-D-0111,district,True,,,,place text kept verbatim; not geocoded below district level
1249,59,FLOOD,2007-08-20,day,Central,Kapiri Mposhi,KAPIRI,01,0110,ZMB-D-0110,district,True,,,,place text kept verbatim; not geocoded below district level
1250,60,FLOOD,2016-01-16,day,Southern,Siavonga,SIAVONGA,09,0907,ZMB-D-0907,district,True,,,,place text kept verbatim; not geocoded below district level
1251,62,FLOOD,2014-03-30,day,Muchinga,Nakonde,ISOKA,06,0605,ZMB-D-0605,district,True,,,,place text kept verbatim; not geocoded below district level
1252,63,FLOOD,2014-03-14,day,Southern,Monze,MONZE,09,0908,ZMB-D-0908,district,True,,,,place text kept verbatim; not geocoded below district level
1253,64,FLOOD,2014-03-01,day,Northern,Kasama,KASAMA,08,0803,ZMB-D-0803,district,True,,,,place text kept verbatim; not geocoded below district level
1254,65,FLOOD,2014-03-05,day,Eastern,Chipata,CHIPATA,03,0305,ZMB-D-0305,district,True,,,,place text kept verbatim; not geocoded below district level
1255,66,FLOOD,2014-01-14,day,Copperbelt,Chililabombwe,CHILILABOMBWE,02,0207,ZMB-D-0207,district,True,,,,place text kept verbatim; not geocoded below district level
1256,67,FLOOD,2017-04-09,day,North-Western,Mwinilunga,MWINILUNGA,07,0706,ZMB-D-0706,district,True,,,,place text kept verbatim; not geocoded below district level
1257,68,FLOOD,2017-05-03,day,Copperbelt,Chingola,CHINGOLA,02,0206,ZMB-D-0206,district,True,,,,place text kept verbatim; not geocoded below district level
1258,69,FLOOD,2013-12-25,day,Central,Chibombo,CHIBOMBO,01,0102,ZMB-D-0102,district,True,,,,place text kept verbatim; not geocoded below district level
1259,70,FLOOD,2013-12-13,day,Copperbelt,Luanshya,CHITWE,02,0209,ZMB-D-0209,district,True,,,,place text kept verbatim; not geocoded below district level
1260,71,FLOOD,2013-12-13,day,Copperbelt,Kitwe,MUTUPA,02,0202,ZMB-D-0202,district,True,,,,place text kept verbatim; not geocoded below district level
1261,72,FLOOD,2013-12-13,day,Copperbelt,Luanshya,LUANSHYA,02,0209,ZMB-D-0209,district,True,,,,place text kept verbatim; not geocoded below district level
1262,73,FLOOD,2013-12-13,day,Northern,Mporokoso,NSAMA,08,0805,ZMB-D-0805,district,True,,,,place text kept verbatim; not geocoded below district level
1263,74,FLOOD,2012-12-13,day,Eastern,Chadiza,CHADIZA,03,0301,ZMB-D-0301,district,True,,,,place text kept verbatim; not geocoded below district level
1264,75,FLOOD,2013-12-13,day,Eastern,Chadiza,KAPHINDE,03,0301,ZMB-D-0301,district,True,,,,place text kept verbatim; not geocoded below district level
1265,76,FLOOD,2013-12-13,day,Eastern,Chadiza,CHADIZA,03,0301,ZMB-D-0301,district,True,,,,place text kept verbatim; not geocoded below district level
1266,77,FLOOD,2013-12-13,day,Eastern,Chadiza,CHADIZA,03,0301,ZMB-D-0301,district,True,,,,place text kept verbatim; not geocoded below district level
1267,78,FLOOD,2013-12-16,day,Eastern,Sinda,SINDA,03,0308,ZMB-D-0308,district,True,,,,place text kept verbatim; not geocoded below district level
1268,79,FLOOD,2013-10-13,day,Lusaka,Lusaka,LUSAKA,05,0501,ZMB-D-0501,district,True,,,,place text kept verbatim; not geocoded below district level
1269,80,FLOOD,2013-05-03,day,Eastern,Petauke,SANDWE,03,0304,ZMB-D-0304,district,True,,,,place text kept verbatim; not geocoded below district level
1272,83,FLOOD,2016-06-20,day,North-Western,Solwezi,SOLWEZI,07,0705,ZMB-D-0705,district,True,,,,place text kept verbatim; not geocoded below district level
1275,86,FLOOD,2015-11-06,day,Eastern,Nyimba,NYIMBA,03,0302,ZMB-D-0302,district,True,,,,place text kept verbatim; not geocoded below district level
1276,87,FLOOD,2014-02-14,day,Copperbelt,Kitwe,KITWE,02,0202,ZMB-D-0202,district,True,,,,place text kept verbatim; not geocoded below district level
1277,88,FLOOD,2015-02-03,day,Eastern,Sinda,KASANGAZI,03,0308,ZMB-D-0308,district,True,,,,place text kept verbatim; not geocoded below district level
1278,89,FLOOD,2015-01-05,day,Lusaka,Lusaka,LUSAKA,05,0501,ZMB-D-0501,district,True,,,,place text kept verbatim; not geocoded below district level
1279,90,FLOOD,2014-01-14,day,Northern,Luwingu,LUWINGU,08,0802,ZMB-D-0802,district,True,,,,place text kept verbatim; not geocoded below district level
1280,91,FLOOD,2014-12-01,day,Lusaka,Chilanga,CHILANGA,05,0507,ZMB-D-0507,district,True,,,,place text kept verbatim; not geocoded below district level
1281,92,FLOOD,2014-02-14,day,Northern,Kasama,LUKULU,08,0803,ZMB-D-0803,district,True,,,,place text kept verbatim; not geocoded below district level
1282,93,FLOOD,2008-03-08,day,Lusaka,Lusaka,LUSAKA,05,0501,ZMB-D-0501,district,True,,,,place text kept verbatim; not geocoded below district level
1283,94,FLOOD,2008-05-03,day,Lusaka,Lusaka,MANDEVU,05,0501,ZMB-D-0501,district,True,,,,place text kept verbatim; not geocoded below district level
1284,95,FLOOD,2007-05-04,day,Lusaka,Lusaka,LUSAKA WEST,05,0501,ZMB-D-0501,district,True,,,,place text kept verbatim; not geocoded below district level
1285,96,FLOOD,2008-03-06,day,Lusaka,Lusaka,LUSAKA,05,0501,ZMB-D-0501,district,True,,,,place text kept verbatim; not geocoded below district level
1286,97,FLOOD,2014-02-08,day,Lusaka,Lusaka,LUSAKA,05,0501,ZMB-D-0501,district,True,,,,place text kept verbatim; not geocoded below district level
1288,99,FLOOD,2008-12-29,day,Lusaka,Lusaka,LUSAKA,05,0501,ZMB-D-0501,district,True,,,,place text kept verbatim; not geocoded below district level
1289,100,FLOOD,2008-12-29,day,Lusaka,Lusaka,LUSAKA,05,0501,ZMB-D-0501,district,True,,,,place text kept verbatim; not geocoded below district level
1292,103,FLOOD,2014-10-14,day,Eastern,Sinda,"sinda, mambwe & katete",03,0308,ZMB-D-0308,district,True,,,,place text kept verbatim; not geocoded below district level
1293,104,FLOOD,2016-11-16,day,Lusaka,Luangwa,luangwa,05,0503,ZMB-D-0503,district,True,,,,place text kept verbatim; not geocoded below district level
1294,105,FLOOD,2012-05-04,day,Eastern,Chipata,chipata,03,0305,ZMB-D-0305,district,True,,,,place text kept verbatim; not geocoded below district level
1295,106,FLOOD,2017-05-04,day,Copperbelt,Kitwe,MULENGA COMPOUND,02,0202,ZMB-D-0202,district,True,,,,place text kept verbatim; not geocoded below district level
1296,107,FLOOD,2017-01-17,day,Western,Mwandi,MWANDI,10,1008,ZMB-D-1008,district,True,,,,place text kept verbatim; not geocoded below district level
1297,108,FLOOD,2017-02-17,day,Southern,Choma,CHOMA,09,0905,ZMB-D-0905,district,True,,,,place text kept verbatim; not geocoded below district level
1299,110,FLOOD,2001-02-01,day,Central,Serenje,selenge,01,0111,ZMB-D-0111,district,True,,,,place text kept verbatim; not geocoded below district level
1300,111,FLOOD,2014-03-14,day,Northern,Mporokoso,MPOROKOSO,08,0805,ZMB-D-0805,district,True,,,,place text kept verbatim; not geocoded below district level
1301,112,FLOOD,2014-05-04,day,Central,Mkushi,mkushi,01,0108,ZMB-D-0108,district,True,,,,place text kept verbatim; not geocoded below district level
1338,150,FLOOD,2007-02-22,day,Northern,Chilubi,CHILUBI,08,0801,ZMB-D-0801,district,True,,,,place text kept verbatim; not geocoded below district level
1306,117,FLOOD,2017-05-04,day,Eastern,Petauke,petauke,03,0304,ZMB-D-0304,district,True,,,,place text kept verbatim; not geocoded below district level
1309,120,FLOOD,2016-12-09,day,Muchinga,Nakonde,NAKONDE,06,0605,ZMB-D-0605,district,True,,,,place text kept verbatim; not geocoded below district level
1311,122,FLOOD,2017-01-17,day,Eastern,Chipata,CHIPATA,03,0305,ZMB-D-0305,district,True,,,,place text kept verbatim; not geocoded below district level
1312,123,FLOOD,2017-01-04,day,Luapula,Samfya,MATONGO,04,0402,ZMB-D-0402,district,True,,,,place text kept verbatim; not geocoded below district level
1319,130,FLOOD,2015-01-09,day,Lusaka,Lusaka,ROMA,05,0501,ZMB-D-0501,district,True,,,,place text kept verbatim; not geocoded below district level
1321,132,FLOOD,2008-03-08,day,Lusaka,Lusaka,CHIBOLYA,05,0501,ZMB-D-0501,district,True,,,,place text kept verbatim; not geocoded below district level
1337,149,FLOOD,2013-05-04,day,Eastern,Petauke,petauke,03,0304,ZMB-D-0304,district,True,,,,place text kept verbatim; not geocoded below district level
1340,152,FLOOD,2012-12-03,day,Eastern,Katete,KATETE,03,0303,ZMB-D-0303,district,True,,,,place text kept verbatim; not geocoded below district level
1341,154,FLOOD,2014-02-04,day,Muchinga,Chama,CHAMA,06,0602,ZMB-D-0602,district,True,,,,place text kept verbatim; not geocoded below district level
1344,158,FLOOD,2014-03-17,day,Northern,Kaputa,KAPUTA,08,0809,ZMB-D-0809,district,True,,,,place text kept verbatim; not geocoded below district level
1345,159,FLOOD,2014-04-14,day,North-Western,Kabompo,KABOMPO,07,0708,ZMB-D-0708,district,True,,,,place text kept verbatim; not geocoded below district level
1348,165,FLOOD,2016-12-26,day,Luapula,Milengi,MILENGI,04,0401,ZMB-D-0401,district,True,,,,place text kept verbatim; not geocoded below district level
1350,167,FLOOD,2016-12-25,day,Lusaka,Chirundu,CHIRUNDU,05,0505,ZMB-D-0505,district,True,,,,place text kept verbatim; not geocoded below district level
1355,174,FLOOD,2013-01-07,day,Southern,Mazabuka,MAZABUKA,09,0910,ZMB-D-0910,district,True,,,,place text kept verbatim; not geocoded below district level
1357,176,FLOOD,2013-02-16,day,North-Western,Zambezi,ZAMBEZI,07,0701,ZMB-D-0701,district,True,,,,place text kept verbatim; not geocoded below district level
1359,179,FLOOD,2013-01-09,day,Southern,,CHIKANKATA,09,,,province_only,,,,,record has no district (level 1) code in DesInventar
1362,182,FLOOD,2017-05-08,day,Eastern,Chadiza,CHADIZA,03,0301,ZMB-D-0301,district,True,,,,place text kept verbatim; not geocoded below district level
1364,184,FLOOD,2006-12-12,day,Northern,Mpulungu,MPULUNGU,08,0807,ZMB-D-0807,district,True,,,,place text kept verbatim; not geocoded below district level
1365,185,FLOOD,2014-01-09,day,Western,Senanga,SENENGA,10,1002,ZMB-D-1002,district,True,,,,place text kept verbatim; not geocoded below district level
1369,190,FLOOD,2008-01-24,day,Central,Mkushi,CHIBANGA,01,0108,ZMB-D-0108,district,True,,,,place text kept verbatim; not geocoded below district level
1370,192,FLOOD,2006-03-11,day,Western,Kaoma,LUAMBUINA,10,1005,ZMB-D-1005,district,True,,,,place text kept verbatim; not geocoded below district level
1373,195,FLOOD,2008-01-03,day,Southern,Monze,MWEENGWA,09,0908,ZMB-D-0908,district,True,,,,place text kept verbatim; not geocoded below district level
1398,221,FLOOD,2015-06-10,day,Muchinga,Chinsali,KALUNGU,06,0607,ZMB-D-0607,district,True,,,,place text kept verbatim; not geocoded below district level
1399,222,FLOOD,2017-05-11,day,Northern,Luwingu,KAFINSA,08,0802,ZMB-D-0802,district,True,,,,place text kept verbatim; not geocoded below district level
1401,224,FLOOD,2013-03-13,day,Northern,Kasama,NAMULUNDU,08,0803,ZMB-D-0803,district,True,,,,place text kept verbatim; not geocoded below district level
1404,227,FLOOD,2014-04-04,day,Western,Senanga,KAUNGA,10,1002,ZMB-D-1002,district,True,,,,place text kept verbatim; not geocoded below district level
1408,231,FLOOD,2013-01-20,day,Copperbelt,Kalulushi,KALULUSHI,02,0203,ZMB-D-0203,district,True,,,,place text kept verbatim; not geocoded below district level
1339,151,FLOOD,2013-11-27,day,Eastern,Katete,KATETE,03,0303,ZMB-D-0303,district,True,,,,place text kept verbatim; not geocoded below district level
1412,236,FLOOD,2016-03-18,day,Lusaka,Kafue,chikupi area,05,0502,ZMB-D-0502,district,True,,,,place text kept verbatim; not geocoded below district level
1415,239,FLOOD,2015-01-11,day,Lusaka,Chirundu, KAMWAYA AREA,05,0505,ZMB-D-0505,district,True,,,,place text kept verbatim; not geocoded below district level
1416,240,FLOOD,2017-05-22,day,Lusaka,Chongwe,LWIMBA WARD,05,0506,ZMB-D-0506,district,True,,,,place text kept verbatim; not geocoded below district level
1417,241,FLOOD,2017-05-22,day,Lusaka,Lusaka,BAULENI,05,0501,ZMB-D-0501,district,True,,,,place text kept verbatim; not geocoded below district level
1418,242,FLOOD,2015-12-29,day,Lusaka,Shibuyunji,SHIBUYUNJI AREA,05,0508,ZMB-D-0508,district,True,,,,place text kept verbatim; not geocoded below district level
1423,253,FLOOD,2013-06-05,day,Central,Luano,luano,01,0106,ZMB-D-0106,district,True,,,,place text kept verbatim; not geocoded below district level
1424,254,FLOOD,2013-06-06,day,Luapula,Kawambwa,chipundu,04,0405,ZMB-D-0405,district,True,,,,place text kept verbatim; not geocoded below district level
1426,256,FLOOD,2013-06-06,day,Luapula,Kawambwa,CHIBOLYA,04,0405,ZMB-D-0405,district,True,,,,place text kept verbatim; not geocoded below district level
1427,257,FLOOD,2017-06-06,day,Luapula,Kawambwa,kafubashi,04,0405,ZMB-D-0405,district,True,,,,place text kept verbatim; not geocoded below district level
1428,258,FLOOD,2013-06-06,day,Luapula,Kawambwa,mpanta,04,0405,ZMB-D-0405,district,True,,,,place text kept verbatim; not geocoded below district level
1429,259,FLOOD,2013-06-06,day,Luapula,Kawambwa,kawambwa,04,0405,ZMB-D-0405,district,True,,,,place text kept verbatim; not geocoded below district level
1430,260,FLOOD,2013-06-06,day,Luapula,Nchelenge,kabeke,04,0406,ZMB-D-0406,district,True,,,,place text kept verbatim; not geocoded below district level
1431,261,FLOOD,2013-06-06,day,Luapula,Nchelenge,mukumbwa,04,0406,ZMB-D-0406,district,True,,,,place text kept verbatim; not geocoded below district level
1432,262,FLOOD,2013-06-06,day,Luapula,Nchelenge,chisenga,04,0406,ZMB-D-0406,district,True,,,,place text kept verbatim; not geocoded below district level
1433,263,FLOOD,2013-06-06,day,Luapula,Nchelenge,mantapala,04,0406,ZMB-D-0406,district,True,,,,place text kept verbatim; not geocoded below district level
1434,264,FLOOD,2013-06-06,day,Luapula,Nchelenge,kambwali,04,0406,ZMB-D-0406,district,True,,,,place text kept verbatim; not geocoded below district level
1435,265,FLOOD,2013-06-06,day,Luapula,Nchelenge,shimulundu,04,0406,ZMB-D-0406,district,True,,,,place text kept verbatim; not geocoded below district level
1436,266,FLOOD,2013-06-06,day,Luapula,Nchelenge,kampampi,04,0406,ZMB-D-0406,district,True,,,,place text kept verbatim; not geocoded below district level
1437,267,FLOOD,2013-06-06,day,Luapula,Nchelenge,shanyemba,04,0406,ZMB-D-0406,district,True,,,,place text kept verbatim; not geocoded below district level
1438,268,FLOOD,2013-06-06,day,Luapula,Nchelenge,mubamba,04,0406,ZMB-D-0406,district,True,,,,place text kept verbatim; not geocoded below district level
1439,269,FLOOD,2013-06-06,day,Luapula,Nchelenge,lukokesha,04,0406,ZMB-D-0406,district,True,,,,place text kept verbatim; not geocoded below district level
1440,270,FLOOD,2013-06-06,day,Luapula,Nchelenge,nchelenge,04,0406,ZMB-D-0406,district,True,,,,place text kept verbatim; not geocoded below district level
1441,271,FLOOD,2013-06-06,day,Luapula,Nchelenge,nchelenge,04,0406,ZMB-D-0406,district,True,,,,place text kept verbatim; not geocoded below district level
1442,272,FLOOD,2013-06-06,day,Luapula,Nchelenge,chandwe,04,0406,ZMB-D-0406,district,True,,,,place text kept verbatim; not geocoded below district level
1443,273,FLOOD,2013-06-06,day,Luapula,Nchelenge,kashikishi,04,0406,ZMB-D-0406,district,True,,,,place text kept verbatim; not geocoded below district level
1448,280,FLOOD,2013-06-06,day,Muchinga,,MUNGULUBE,06,,,province_only,,,,,record has no district (level 1) code in DesInventar
1726,77,FLOOD,2017-05-03,day,Lusaka,Kafue,SONDELA ROAD ,05,0502,ZMB-D-0502,district,True,,,,place text kept verbatim; not geocoded below district level
1747,99,FLOOD,2011,year,Central,Serenje,LUKUSASHI,01,0111,ZMB-D-0111,district,True,,,,place text kept verbatim; not geocoded below district level
1649,486,FLOOD,2017-01-04,day,Luapula,Samfya,samfya,04,0402,ZMB-D-0402,district,True,,,,place text kept verbatim; not geocoded below district level
1699,46,FLOOD,2015-06-18,day,North-Western,Solwezi,MAHEBA,07,0705,ZMB-D-0705,district,True,,,,place text kept verbatim; not geocoded below district level
1701,47,FLOOD,2010-03-28,day,Southern,Livingstone,BATOKA/MAAMBA,09,0901,ZMB-D-0901,district,True,,,,place text kept verbatim; not geocoded below district level
1702,51,FLOOD,2010-03-08,day,Central,Kabwe,CHIPEPO,01,0103,ZMB-D-0103,district,True,,,,place text kept verbatim; not geocoded below district level
1703,52,FLOOD,2009,year,Lusaka,Chongwe,CHONGWE,05,0506,ZMB-D-0506,district,True,,,,place text kept verbatim; not geocoded below district level
1704,54,FLOOD,2010-03-10,day,Eastern,Mambwe,MAMBWE,03,0306,ZMB-D-0306,district,True,,,,place text kept verbatim; not geocoded below district level
1705,55,FLOOD,2017-03-10,day,Eastern,Chadiza,MWAMI,03,0301,ZMB-D-0301,district,True,,,,place text kept verbatim; not geocoded below district level
1706,56,FLOOD,2010-03-10,day,Eastern,Petauke,MUSUMBAZI ,03,0304,ZMB-D-0304,district,True,,,,place text kept verbatim; not geocoded below district level
1707,57,FLOOD,2008,year,Central,Serenje,LUSIWASI ,01,0111,ZMB-D-0111,district,True,,,,place text kept verbatim; not geocoded below district level
1708,58,FLOOD,2010-02-25,day,Western,Kalabo,KALABO,10,1004,ZMB-D-1004,district,True,,,,place text kept verbatim; not geocoded below district level
1709,59,FLOOD,2011-01-05,day,Copperbelt,Lufwanyama,LUFWANYAMA,02,0205,ZMB-D-0205,district,True,,,,place text kept verbatim; not geocoded below district level
1710,60,FLOOD,2000-05-03,day,Central,Serenje,CHISOMO,01,0111,ZMB-D-0111,district,True,,,,place text kept verbatim; not geocoded below district level
1711,61,FLOOD,2011-07-20,day,Luapula,Milengi,BAHATI & MILENGE ,04,0401,ZMB-D-0401,district,True,,,,place text kept verbatim; not geocoded below district level
1712,62,FLOOD,2017-05-03,day,Lusaka,Lusaka,LUSAKA,05,0501,ZMB-D-0501,district,True,,,,place text kept verbatim; not geocoded below district level
1713,64,FLOOD,2011-09-12,day,Copperbelt,Ndola,CHIFUMPA,02,0210,ZMB-D-0210,district,True,,,,place text kept verbatim; not geocoded below district level
1714,65,FLOOD,2012-02-14,day,Eastern,Sinda,KABAZA,03,0308,ZMB-D-0308,district,True,,,,place text kept verbatim; not geocoded below district level
1715,66,FLOOD,2011-07-13,day,Muchinga,Chama,LUANGWA,06,0602,ZMB-D-0602,district,True,,,,place text kept verbatim; not geocoded below district level
1716,67,FLOOD,2013-03-11,day,Lusaka,Lusaka,NEW SOWETO & OLD SOWETO,05,0501,ZMB-D-0501,district,True,,,,place text kept verbatim; not geocoded below district level
1717,68,FLOOD,2013-02-28,day,Southern,Sinazongwe,MWEEMBA,09,0902,ZMB-D-0902,district,True,,,,place text kept verbatim; not geocoded below district level
1718,69,FLOOD,2013-01-15,day,Copperbelt,Ndola,MUSHILI,02,0210,ZMB-D-0210,district,True,,,,place text kept verbatim; not geocoded below district level
1719,70,FLOOD,2012-05-03,day,Southern,Kazungula,NYAWA-MWEEMBA ,09,0906,ZMB-D-0906,district,True,,,,place text kept verbatim; not geocoded below district level
1720,71,FLOOD,2012-05-03,day,Southern,Kazungula,NYAWA DU-B015,09,0906,ZMB-D-0906,district,True,,,,place text kept verbatim; not geocoded below district level
1721,72,FLOOD,2012-05-03,day,Southern,Kazungula,MACILE-MOOMBA ,09,0906,ZMB-D-0906,district,True,,,,place text kept verbatim; not geocoded below district level
1722,73,FLOOD,2012-05-03,day,Southern,Kazungula,NYAWA-SIANANKANGE ,09,0906,ZMB-D-0906,district,True,,,,place text kept verbatim; not geocoded below district level
1723,74,FLOOD,2013-05-03,day,Southern,Kazungula,ZIMBA-MANYEMUNYEMU ,09,0906,ZMB-D-0906,district,True,,,,place text kept verbatim; not geocoded below district level
1724,75,FLOOD,2012-05-03,day,Southern,Kazungula,NYAWA-KAUWE ,09,0906,ZMB-D-0906,district,True,,,,place text kept verbatim; not geocoded below district level
1725,76,FLOOD,2013-01-28,day,Luapula,Lunga,KASOMALUNGA,04,0409,ZMB-D-0409,district,True,,,,place text kept verbatim; not geocoded below district level
1727,78,FLOOD,2013-03-14,day,Southern,Sinazongwe,SINAZONGWE,09,0902,ZMB-D-0902,district,True,,,,place text kept verbatim; not geocoded below district level
1728,79,FLOOD,2015-02-10,day,Eastern,Lundazi,LUNDAZI ,03,0307,ZMB-D-0307,district,True,,,,place text kept verbatim; not geocoded below district level
1729,80,FLOOD,2013-05-03,day,Southern,Choma,MBABALA,09,0905,ZMB-D-0905,district,True,,,,place text kept verbatim; not geocoded below district level
1730,81,FLOOD,2015-05-11,day,Northern,Luwingu,CHIPONDE AND WASHENI ,08,0802,ZMB-D-0802,district,True,,,,place text kept verbatim; not geocoded below district level
1732,83,FLOOD,2014-05-08,day,North-Western,Mwinilunga,NSWETA COMMUNITY ,07,0706,ZMB-D-0706,district,True,,,,place text kept verbatim; not geocoded below district level
1733,84,FLOOD,2014-10-04,day,North-Western,Mwinilunga,MUDANYAMA ,07,0706,ZMB-D-0706,district,True,,,,place text kept verbatim; not geocoded below district level
1734,85,FLOOD,2011-10-05,day,Western,Mongu,"KAOMA,KALABO AND SENANGA",10,1003,ZMB-D-1003,district,True,,,,place text kept verbatim; not geocoded below district level
1735,87,FLOOD,2012-10-05,day,North-Western,Mwinilunga,"SOLWEZI, ZAMBALI,KABONGO..",07,0706,ZMB-D-0706,district,True,,,,place text kept verbatim; not geocoded below district level
1736,88,FLOOD,2012-10-05,day,Northern,Kasama,"MPOROKOSO,KAPUTA,LUWINGU,,",08,0803,ZMB-D-0803,district,True,,,,place text kept verbatim; not geocoded below district level
1737,89,FLOOD,2012-10-05,day,Luapula,Mansa,ALL LAUPULA ,04,0403,ZMB-D-0403,district,True,,,,place text kept verbatim; not geocoded below district level
1738,90,FLOOD,2012-05-04,day,Eastern,Chipata,"LUANGENI,CHIPATA,CHADIZA,,,",03,0305,ZMB-D-0305,district,True,,,,place text kept verbatim; not geocoded below district level
1739,91,FLOOD,2012-10-05,day,Copperbelt,Ndola,NDOLA,02,0210,ZMB-D-0210,district,True,,,,place text kept verbatim; not geocoded below district level
1740,92,FLOOD,2012-10-05,day,Central,Kabwe,"KABWE,SERENJE,MKUSHI,,,,",01,0103,ZMB-D-0103,district,True,,,,place text kept verbatim; not geocoded below district level
1741,93,FLOOD,2012-10-05,day,Lusaka,Lusaka,LUSAKA,05,0501,ZMB-D-0501,district,True,,,,place text kept verbatim; not geocoded below district level
1742,94,FLOOD,2012-02-01,day,Central,Mkushi,LUNSEMFWA ,01,0108,ZMB-D-0108,district,True,,,,place text kept verbatim; not geocoded below district level
1743,95,FLOOD,2011-06-04,day,Central,Mkushi,MAUNDA,01,0108,ZMB-D-0108,district,True,,,,place text kept verbatim; not geocoded below district level
1744,96,FLOOD,2011-06-04,day,Central,Serenje,LUKUSASHI,01,0111,ZMB-D-0111,district,True,,,,place text kept verbatim; not geocoded below district level
1745,97,FLOOD,2011-06-01,day,Central,Serenje,KAPAMPALWE ,01,0111,ZMB-D-0111,district,True,,,,place text kept verbatim; not geocoded below district level
1746,98,FLOOD,2011,year,Central,Serenje,MILEMBO ,01,0111,ZMB-D-0111,district,True,,,,place text kept verbatim; not geocoded below district level
1748,100,FLOOD,2011-05-04,day,Central,Kabwe,CHITAKATA,01,0103,ZMB-D-0103,district,True,,,,place text kept verbatim; not geocoded below district level
1749,101,FLOOD,2011,year,Central,Kabwe,VWALIKA ,01,0103,ZMB-D-0103,district,True,,,,place text kept verbatim; not geocoded below district level
1750,102,FLOOD,2011,year,Central,Kapiri Mposhi,MUTETESHI ,01,0110,ZMB-D-0110,district,True,,,,place text kept verbatim; not geocoded below district level
1751,103,FLOOD,2011,year,Central,Mkushi,MILOMBWE ,01,0108,ZMB-D-0108,district,True,,,,place text kept verbatim; not geocoded below district level
1752,104,FLOOD,2011,year,Central,Serenje,AKASEBA ,01,0111,ZMB-D-0111,district,True,,,,place text kept verbatim; not geocoded below district level
1753,105,FLOOD,2012-01-16,day,Central,Kabwe,MAKULULU ,01,0103,ZMB-D-0103,district,True,,,,place text kept verbatim; not geocoded below district level
1754,106,FLOOD,2011,year,Central,Kabwe,BWACHA AND KABWE ,01,0103,ZMB-D-0103,district,True,,,,place text kept verbatim; not geocoded below district level
1755,107,FLOOD,2014-10-28,day,Central,Luano,KAMPOKO ,01,0106,ZMB-D-0106,district,True,,,,place text kept verbatim; not geocoded below district level
1756,108,FLOOD,2010-11-22,day,Western,Mongu,LIANDE,10,1003,ZMB-D-1003,district,True,,,,place text kept verbatim; not geocoded below district level
1757,109,FLOOD,2010-11-22,day,Western,Mongu,LITAWA ,10,1003,ZMB-D-1003,district,True,,,,place text kept verbatim; not geocoded below district level
1758,110,FLOOD,2010-11-22,day,Western,Mongu,NAKANYA NAMAUMBA ROAD ,10,1003,ZMB-D-1003,district,True,,,,place text kept verbatim; not geocoded below district level
1759,111,FLOOD,2009-02-11,day,Luapula,Mansa,KATUNGULU/LUENA,04,0403,ZMB-D-0403,district,True,,,,place text kept verbatim; not geocoded below district level
1760,112,FLOOD,2009-02-11,day,Luapula,Kawambwa,CHINANI  MULUNDA WARD,04,0405,ZMB-D-0405,district,True,,,,place text kept verbatim; not geocoded below district level
1761,113,FLOOD,2009-02-11,day,Luapula,Kawambwa,CHIPILI/LUWINGU ,04,0405,ZMB-D-0405,district,True,,,,place text kept verbatim; not geocoded below district level
1762,114,FLOOD,2009-02-11,day,Luapula,Kawambwa,PAMBASHE ,04,0405,ZMB-D-0405,district,True,,,,place text kept verbatim; not geocoded below district level
1763,115,FLOOD,2009-02-11,day,Luapula,Kawambwa,CHISEMBE-CHIBO TE,04,0405,ZMB-D-0405,district,True,,,,place text kept verbatim; not geocoded below district level
1764,116,FLOOD,2011-10-04,day,Central,Serenje,MAILO ,01,0111,ZMB-D-0111,district,True,,,,place text kept verbatim; not geocoded below district level
1765,117,FLOOD,2011-11-03,day,Eastern,Chipata,MAGWERO ,03,0305,ZMB-D-0305,district,True,,,,place text kept verbatim; not geocoded below district level
1766,118,FLOOD,2011-12-05,day,Western,Sesheke,SICHILILO ,10,1007,ZMB-D-1007,district,True,,,,place text kept verbatim; not geocoded below district level
1779,132,FLOOD,2001-02-03,day,Central,Serenje,CHITAMBO ,01,0111,ZMB-D-0111,district,True,,,,place text kept verbatim; not geocoded below district level
1790,143,FLOOD,2004-03-31,day,North-Western,Chavuma,CHAVUMA,07,0702,ZMB-D-0702,district,True,,,,place text kept verbatim; not geocoded below district level
1791,144,FLOOD,2014-03-31,day,North-Western,Zambezi,ZAMBEZI,07,0701,ZMB-D-0701,district,True,,,,place text kept verbatim; not geocoded below district level
1792,145,FLOOD,2004-03-31,day,Western,Senanga,SENANGA,10,1002,ZMB-D-1002,district,True,,,,place text kept verbatim; not geocoded below district level
1793,146,FLOOD,2004-03-31,day,Western,Mongu,MONGU ,10,1003,ZMB-D-1003,district,True,,,,place text kept verbatim; not geocoded below district level
1794,147,FLOOD,2004-03-31,day,Western,Lukulu,LUKULU ,10,1006,ZMB-D-1006,district,True,,,,place text kept verbatim; not geocoded below district level
1795,148,FLOOD,2004-03-31,day,Western,Kalabo,KALABO,10,1004,ZMB-D-1004,district,True,,,,place text kept verbatim; not geocoded below district level
1797,150,FLOOD,2000-04-13,day,Central,Mumbwa,MWANACHIYANDA ,01,0104,ZMB-D-0104,district,True,,,,place text kept verbatim; not geocoded below district level
1800,153,FLOOD,2013-01-27,day,Lusaka,Lusaka,CHANDWE MUSONDA ,05,0501,ZMB-D-0501,district,True,,,,place text kept verbatim; not geocoded below district level
1803,162,FLOOD,2006-03-14,day,North-Western,Mufumbwe,MUFUMBWE,07,0703,ZMB-D-0703,district,True,,,,place text kept verbatim; not geocoded below district level
1807,166,FLOOD,2012-02-09,day,Central,Kabwe,KABWE ,01,0103,ZMB-D-0103,district,True,,,,place text kept verbatim; not geocoded below district level
1810,169,FLOOD,2001-01-23,day,Central,Serenje,KATONGA ,01,0111,ZMB-D-0111,district,True,,,,place text kept verbatim; not geocoded below district level
1811,170,FLOOD,2001-02-08,day,Central,Kapiri Mposhi,"NDEKE,MUTILILO, SOWETO ..",01,0110,ZMB-D-0110,district,True,,,,place text kept verbatim; not geocoded below district level
1812,171,FLOOD,2017-05-09,day,Lusaka,Shibuyunji,NAKABA FISHING CAMP ,05,0508,ZMB-D-0508,district,True,,,,place text kept verbatim; not geocoded below district level
1813,174,FLOOD,2007-01-29,day,Western,Mongu,MUKUKUTU AND SONGA,10,1003,ZMB-D-1003,district,True,,,,place text kept verbatim; not geocoded below district level
1814,176,FLOOD,2015-11-15,day,Luapula,Samfya,SAMFYA,04,0402,ZMB-D-0402,district,True,,,,place text kept verbatim; not geocoded below district level
1815,177,FLOOD,2014,year,Southern,Livingstone,MULALA,09,0901,ZMB-D-0901,district,True,,,,place text kept verbatim; not geocoded below district level
1816,178,FLOOD,2016-02-25,day,North-Western,Solwezi,KANDUNDU MUSHITALA ,07,0705,ZMB-D-0705,district,True,,,,place text kept verbatim; not geocoded below district level
1819,181,FLOOD,2015-09-11,day,Western,Lukulu,LUANCHUMA ,10,1006,ZMB-D-1006,district,True,,,,place text kept verbatim; not geocoded below district level
1830,192,FLOOD,2012-06-26,day,Luapula,Lunga,LUNGA ,04,0409,ZMB-D-0409,district,True,,,,place text kept verbatim; not geocoded below district level
1831,194,FLOOD,2015-07-11,day,Muchinga,Mpika,KANCHIBIYA ,06,0601,ZMB-D-0601,district,True,,,,place text kept verbatim; not geocoded below district level
1832,195,FLOOD,2012-07-15,day,Muchinga,Mpika,MPIKA ,06,0601,ZMB-D-0601,district,True,,,,place text kept verbatim; not geocoded below district level
1833,198,FLOOD,2009-03-27,day,Eastern,Chipata,MSIMA ,03,0305,ZMB-D-0305,district,True,,,,place text kept verbatim; not geocoded below district level
1834,199,FLOOD,2009-03-27,day,Eastern,Chipata,MSIMA,03,0305,ZMB-D-0305,district,True,,,,place text kept verbatim; not geocoded below district level
1835,200,FLOOD,2009-03-27,day,Eastern,Chipata,MANCHEULA ,03,0305,ZMB-D-0305,district,True,,,,place text kept verbatim; not geocoded below district level
1836,201,FLOOD,2009-03-27,day,Eastern,Chipata,MZIMA ,03,0305,ZMB-D-0305,district,True,,,,place text kept verbatim; not geocoded below district level
1837,202,FLOOD,2009-03-27,day,Eastern,Chipata,KATETE ,03,0305,ZMB-D-0305,district,True,,,,place text kept verbatim; not geocoded below district level
1838,203,FLOOD,2008-03-23,day,Luapula,Nchelenge,MUNUNGA ,04,0406,ZMB-D-0406,district,True,,,,place text kept verbatim; not geocoded below district level
1840,205,FLOOD,2009,year,Western,Kalabo,LIUWA,10,1004,ZMB-D-1004,district,True,,,,place text kept verbatim; not geocoded below district level
1841,206,FLOOD,2017-05-23,day,Western,Kalabo,LIUWA ,10,1004,ZMB-D-1004,district,True,,,,place text kept verbatim; not geocoded below district level
1842,207,FLOOD,2009,year,Western,Kalabo,LIUWA,10,1004,ZMB-D-1004,district,True,,,,place text kept verbatim; not geocoded below district level
1843,208,FLOOD,2009,year,Western,Kalabo,LIUWA ,10,1004,ZMB-D-1004,district,True,,,,place text kept verbatim; not geocoded below district level
1844,209,FLOOD,2017-05-23,day,Western,Kalabo,LIUWA,10,1004,ZMB-D-1004,district,True,,,,place text kept verbatim; not geocoded below district level
1845,210,FLOOD,2009,year,Western,Kalabo,LIUWA ,10,1004,ZMB-D-1004,district,True,,,,place text kept verbatim; not geocoded below district level
1846,211,FLOOD,2017-05-23,day,Western,Kalabo,LIUWA,10,1004,ZMB-D-1004,district,True,,,,place text kept verbatim; not geocoded below district level
1848,213,FLOOD,2009-05-19,day,Western,Kalabo,LIUWA,10,1004,ZMB-D-1004,district,True,,,,place text kept verbatim; not geocoded below district level
1850,220,FLOOD,2017,year,Luapula,Lunga,KALIMANKONDE ,04,0409,ZMB-D-0409,district,True,,,,place text kept verbatim; not geocoded below district level
1851,221,FLOOD,2014,year,Luapula,Lunga,KASOMALUNGA,04,0409,ZMB-D-0409,district,True,,,,place text kept verbatim; not geocoded below district level
1852,222,FLOOD,2014,year,Luapula,Lunga,NSALUSHI ,04,0409,ZMB-D-0409,district,True,,,,place text kept verbatim; not geocoded below district level
1855,225,FLOOD,2014,year,Luapula,Nchelenge,KILWA ,04,0406,ZMB-D-0406,district,True,,,,place text kept verbatim; not geocoded below district level
1270,81,FLOOD,2013-10-13,day,Lusaka,Lusaka,CHANDWE MUSONDA,05,0501,ZMB-D-0501,district,True,,,,place text kept verbatim; not geocoded below district level
1809,168,FLOOD,2001-02-07,day,Central,Kabwe,KAPUTULA ,01,0103,ZMB-D-0103,district,True,,,,place text kept verbatim; not geocoded below district level
2233,2252,FLOOD,2025-01-25,day,Lusaka,Lusaka,"Mandevu, Kanyama, Chawama",05,0501,ZMB-D-0501,district,True,,,,place text kept verbatim; not geocoded below district level
2238,2259,FLASH FLOODS,2026-01-17,day,Lusaka,Luangwa,"Const: Feira Wards: Mburuma, Dzalo, Kabowo, Katondwe",05,0503,ZMB-D-0503,district,True,,,,place text kept verbatim; not geocoded below district level
2239,2260,FLASH FLOODS,2026-01-18,day,Lusaka,Rufunsa,"Const:Rufunsa Wards: Shikabeta, ",05,0504,ZMB-D-0504,district,True,,,,place text kept verbatim; not geocoded below district level
2240,2261,FLASH FLOODS,2026-01-18,day,Lusaka,Chongwe,Const: Chongwe Wards: Madido •	Kapwayambale,05,0506,ZMB-D-0506,district,True,,,,place text kept verbatim; not geocoded below district level
2234,2253,FLASH FLOODS,2025-01-23,day,Southern,Gwembe,"Gwembe, Lufwa River",09,0903,ZMB-D-0903,district,True,,,,place text kept verbatim; not geocoded below district level
2236,2256,FLASH FLOODS,2026-01-23,day,Central,Kabwe,"Bwacha Constituency, Chinyanja Ward",01,0103,ZMB-D-0103,district,True,,,,place text kept verbatim; not geocoded below district level
2241,2263,FLASH FLOODS,2026-01-18,day,Lusaka,Kafue,"Const: KAFUE  Wards:  Kafue,  Matanda, Malundu ",05,0502,ZMB-D-0502,district,True,,,,place text kept verbatim; not geocoded below district level
