dataset,location_id,variable,expected,present,missing,missing_pct
desinventar,ALL,event_exact_day,444,276,168,37.8378
desinventar,ALL,district,444,440,4,0.9009
desinventar,ALL,record_coordinates,444,1,443,99.7748
nasa_power,ZMB-D-0101,PRECTOTCORR,9789,9789,0,0.0
nasa_power,ZMB-D-0101,T2M,9789,9789,0,0.0
nasa_power,ZMB-D-0101,T2M_MAX,9789,9789,0,0.0
nasa_power,ZMB-D-0101,T2M_MIN,9789,9789,0,0.0
nasa_power,ZMB-D-0101,RH2M,9789,9789,0,0.0
nasa_power,ZMB-D-0101,WS10M,9789,9789,0,0.0
nasa_power,ZMB-D-0102,PRECTOTCORR,9789,9789,0,0.0
nasa_power,ZMB-D-0102,T2M,9789,9789,0,0.0
nasa_power,ZMB-D-0102,T2M_MAX,9789,9789,0,0.0
nasa_power,ZMB-D-0102,T2M_MIN,9789,9789,0,0.0
nasa_power,ZMB-D-0102,RH2M,9789,9789,0,0.0
nasa_power,ZMB-D-0102,WS10M,9789,9789,0,0.0
nasa_power,ZMB-D-0103,PRECTOTCORR,9789,9789,0,0.0
nasa_power,ZMB-D-0103,T2M,9789,9789,0,0.0
nasa_power,ZMB-D-0103,T2M_MAX,9789,9789,0,0.0
nasa_power,ZMB-D-0103,T2M_MIN,9789,9789,0,0.0
nasa_power,ZMB-D-0103,RH2M,9789,9789,0,0.0
nasa_power,ZMB-D-0103,WS10M,9789,9789,0,0.0
nasa_power,ZMB-D-0104,PRECTOTCORR,9789,9789,0,0.0
nasa_power,ZMB-D-0104,T2M,9789,9789,0,0.0
nasa_power,ZMB-D-0104,T2M_MAX,9789,9789,0,0.0
nasa_power,ZMB-D-0104,T2M_MIN,9789,9789,0,0.0
nasa_power,ZMB-D-0104,RH2M,9789,9789,0,0.0
nasa_power,ZMB-D-0104,WS10M,9789,9789,0,0.0
nasa_power,ZMB-D-0105,PRECTOTCORR,9789,9789,0,0.0
nasa_power,ZMB-D-0105,T2M,9789,9789,0,0.0
nasa_power,ZMB-D-0105,T2M_MAX,9789,9789,0,0.0
nasa_power,ZMB-D-0105,T2M_MIN,9789,9789,0,0.0
nasa_power,ZMB-D-0105,RH2M,9789,9789,0,0.0
nasa_power,ZMB-D-0105,WS10M,9789,9789,0,0.0
nasa_power,ZMB-D-0106,PRECTOTCORR,9789,9789,0,0.0
nasa_power,ZMB-D-0106,T2M,9789,9789,0,0.0
nasa_power,ZMB-D-0106,T2M_MAX,9789,9789,0,0.0
nasa_power,ZMB-D-0106,T2M_MIN,9789,9789,0,0.0
nasa_power,ZMB-D-0106,RH2M,9789,9789,0,0.0
nasa_power,ZMB-D-0106,WS10M,9789,9789,0,0.0
nasa_power,ZMB-D-0107,PRECTOTCORR,9789,9789,0,0.0
nasa_power,ZMB-D-0107,T2M,9789,9789,0,0.0
nasa_power,ZMB-D-0107,T2M_MAX,9789,9789,0,0.0
nasa_power,ZMB-D-0107,T2M_MIN,9789,9789,0,0.0
nasa_power,ZMB-D-0107,RH2M,9789,9789,0,0.0
nasa_power,ZMB-D-0107,WS10M,9789,9789,0,0.0
nasa_power,ZMB-D-0108,PRECTOTCORR,9789,9789,0,0.0
nasa_power,ZMB-D-0108,T2M,9789,9789,0,0.0
nasa_power,ZMB-D-0108,T2M_MAX,9789,9789,0,0.0
nasa_power,ZMB-D-0108,T2M_MIN,9789,9789,0,0.0
nasa_power,ZMB-D-0108,RH2M,9789,9789,0,0.0
nasa_power,ZMB-D-0108,WS10M,9789,9789,0,0.0
nasa_power,ZMB-D-0109,PRECTOTCORR,9789,9789,0,0.0
nasa_power,ZMB-D-0109,T2M,9789,9789,0,0.0
nasa_power,ZMB-D-0109,T2M_MAX,9789,9789,0,0.0
nasa_power,ZMB-D-0109,T2M_MIN,9789,9789,0,0.0
nasa_power,ZMB-D-0109,RH2M,9789,9789,0,0.0
nasa_power,ZMB-D-0109,WS10M,9789,9789,0,0.0
nasa_power,ZMB-D-0110,PRECTOTCORR,9789,9789,0,0.0
nasa_power,ZMB-D-0110,T2M,9789,9789,0,0.0
nasa_power,ZMB-D-0110,T2M_MAX,9789,9789,0,0.0
nasa_power,ZMB-D-0110,T2M_MIN,9789,9789,0,0.0
nasa_power,ZMB-D-0110,RH2M,9789,9789,0,0.0
nasa_power,ZMB-D-0110,WS10M,9789,9789,0,0.0
nasa_power,ZMB-D-0111,PRECTOTCORR,9789,9789,0,0.0
nasa_power,ZMB-D-0111,T2M,9789,9789,0,0.0
nasa_power,ZMB-D-0111,T2M_MAX,9789,9789,0,0.0
nasa_power,ZMB-D-0111,T2M_MIN,9789,9789,0,0.0
nasa_power,ZMB-D-0111,RH2M,9789,9789,0,0.0
nasa_power,ZMB-D-0111,WS10M,9789,9789,0,0.0
nasa_power,ZMB-D-0201,PRECTOTCORR,9789,9789,0,0.0
nasa_power,ZMB-D-0201,T2M,9789,9789,0,0.0
nasa_power,ZMB-D-0201,T2M_MAX,9789,9789,0,0.0
nasa_power,ZMB-D-0201,T2M_MIN,9789,9789,0,0.0
nasa_power,ZMB-D-0201,RH2M,9789,9789,0,0.0
nasa_power,ZMB-D-0201,WS10M,9789,9789,0,0.0
nasa_power,ZMB-D-0202,PRECTOTCORR,9789,9789,0,0.0
nasa_power,ZMB-D-0202,T2M,9789,9789,0,0.0
nasa_power,ZMB-D-0202,T2M_MAX,9789,9789,0,0.0
nasa_power,ZMB-D-0202,T2M_MIN,9789,9789,0,0.0
nasa_power,ZMB-D-0202,RH2M,9789,9789,0,0.0
nasa_power,ZMB-D-0202,WS10M,9789,9789,0,0.0
nasa_power,ZMB-D-0203,PRECTOTCORR,9789,9789,0,0.0
nasa_power,ZMB-D-0203,T2M,9789,9789,0,0.0
nasa_power,ZMB-D-0203,T2M_MAX,9789,9789,0,0.0
nasa_power,ZMB-D-0203,T2M_MIN,9789,9789,0,0.0
nasa_power,ZMB-D-0203,RH2M,9789,9789,0,0.0
nasa_power,ZMB-D-0203,WS10M,9789,9789,0,0.0
nasa_power,ZMB-D-0204,PRECTOTCORR,9789,9789,0,0.0
nasa_power,ZMB-D-0204,T2M,9789,9789,0,0.0
nasa_power,ZMB-D-0204,T2M_MAX,9789,9789,0,0.0
nasa_power,ZMB-D-0204,T2M_MIN,9789,9789,0,0.0
nasa_power,ZMB-D-0204,RH2M,9789,9789,0,0.0
nasa_power,ZMB-D-0204,WS10M,9789,9789,0,0.0
nasa_power,ZMB-D-0205,PRECTOTCORR,9789,9789,0,0.0
nasa_power,ZMB-D-0205,T2M,9789,9789,0,0.0
nasa_power,ZMB-D-0205,T2M_MAX,9789,9789,0,0.0
nasa_power,ZMB-D-0205,T2M_MIN,9789,9789,0,0.0
nasa_power,ZMB-D-0205,RH2M,9789,9789,0,0.0
nasa_power,ZMB-D-0205,WS10M,9789,9789,0,0.0
nasa_power,ZMB-D-0206,PRECTOTCORR,9789,9789,0,0.0
nasa_power,ZMB-D-0206,T2M,9789,9789,0,0.0
nasa_power,ZMB-D-0206,T2M_MAX,9789,9789,0,0.0
nasa_power,ZMB-D-0206,T2M_MIN,9789,9789,0,0.0
nasa_power,ZMB-D-0206,RH2M,9789,9789,0,0.0
nasa_power,ZMB-D-0206,WS10M,9789,9789,0,0.0
nasa_power,ZMB-D-0207,PRECTOTCORR,9789,9789,0,0.0
nasa_power,ZMB-D-0207,T2M,9789,9789,0,0.0
nasa_power,ZMB-D-0207,T2M_MAX,9789,9789,0,0.0
nasa_power,ZMB-D-0207,T2M_MIN,9789,9789,0,0.0
nasa_power,ZMB-D-0207,RH2M,9789,9789,0,0.0
nasa_power,ZMB-D-0207,WS10M,9789,9789,0,0.0
nasa_power,ZMB-D-0208,PRECTOTCORR,9789,9789,0,0.0
nasa_power,ZMB-D-0208,T2M,9789,9789,0,0.0
nasa_power,ZMB-D-0208,T2M_MAX,9789,9789,0,0.0
nasa_power,ZMB-D-0208,T2M_MIN,9789,9789,0,0.0
nasa_power,ZMB-D-0208,RH2M,9789,9789,0,0.0
nasa_power,ZMB-D-0208,WS10M,9789,9789,0,0.0
nasa_power,ZMB-D-0209,PRECTOTCORR,9789,9789,0,0.0
nasa_power,ZMB-D-0209,T2M,9789,9789,0,0.0
nasa_power,ZMB-D-0209,T2M_MAX,9789,9789,0,0.0
nasa_power,ZMB-D-0209,T2M_MIN,9789,9789,0,0.0
nasa_power,ZMB-D-0209,RH2M,9789,9789,0,0.0
nasa_power,ZMB-D-0209,WS10M,9789,9789,0,0.0
nasa_power,ZMB-D-0210,PRECTOTCORR,9789,9789,0,0.0
nasa_power,ZMB-D-0210,T2M,9789,9789,0,0.0
nasa_power,ZMB-D-0210,T2M_MAX,9789,9789,0,0.0
nasa_power,ZMB-D-0210,T2M_MIN,9789,9789,0,0.0
nasa_power,ZMB-D-0210,RH2M,9789,9789,0,0.0
nasa_power,ZMB-D-0210,WS10M,9789,9789,0,0.0
nasa_power,ZMB-D-0301,PRECTOTCORR,9789,9789,0,0.0
nasa_power,ZMB-D-0301,T2M,9789,9789,0,0.0
nasa_power,ZMB-D-0301,T2M_MAX,9789,9789,0,0.0
nasa_power,ZMB-D-0301,T2M_MIN,9789,9789,0,0.0
nasa_power,ZMB-D-0301,RH2M,9789,9789,0,0.0
nasa_power,ZMB-D-0301,WS10M,9789,9789,0,0.0
nasa_power,ZMB-D-0302,PRECTOTCORR,9789,9789,0,0.0
nasa_power,ZMB-D-0302,T2M,9789,9789,0,0.0
nasa_power,ZMB-D-0302,T2M_MAX,9789,9789,0,0.0
nasa_power,ZMB-D-0302,T2M_MIN,9789,9789,0,0.0
nasa_power,ZMB-D-0302,RH2M,9789,9789,0,0.0
nasa_power,ZMB-D-0302,WS10M,9789,9789,0,0.0
nasa_power,ZMB-D-0303,PRECTOTCORR,9789,9789,0,0.0
nasa_power,ZMB-D-0303,T2M,9789,9789,0,0.0
nasa_power,ZMB-D-0303,T2M_MAX,9789,9789,0,0.0
nasa_power,ZMB-D-0303,T2M_MIN,9789,9789,0,0.0
nasa_power,ZMB-D-0303,RH2M,9789,9789,0,0.0
nasa_power,ZMB-D-0303,WS10M,9789,9789,0,0.0
nasa_power,ZMB-D-0304,PRECTOTCORR,9789,9789,0,0.0
nasa_power,ZMB-D-0304,T2M,9789,9789,0,0.0
nasa_power,ZMB-D-0304,T2M_MAX,9789,9789,0,0.0
nasa_power,ZMB-D-0304,T2M_MIN,9789,9789,0,0.0
nasa_power,ZMB-D-0304,RH2M,9789,9789,0,0.0
nasa_power,ZMB-D-0304,WS10M,9789,9789,0,0.0
nasa_power,ZMB-D-0305,PRECTOTCORR,9789,9789,0,0.0
nasa_power,ZMB-D-0305,T2M,9789,9789,0,0.0
nasa_power,ZMB-D-0305,T2M_MAX,9789,9789,0,0.0
nasa_power,ZMB-D-0305,T2M_MIN,9789,9789,0,0.0
nasa_power,ZMB-D-0305,RH2M,9789,9789,0,0.0
nasa_power,ZMB-D-0305,WS10M,9789,9789,0,0.0
nasa_power,ZMB-D-0306,PRECTOTCORR,9789,9789,0,0.0
nasa_power,ZMB-D-0306,T2M,9789,9789,0,0.0
nasa_power,ZMB-D-0306,T2M_MAX,9789,9789,0,0.0
nasa_power,ZMB-D-0306,T2M_MIN,9789,9789,0,0.0
nasa_power,ZMB-D-0306,RH2M,9789,9789,0,0.0
nasa_power,ZMB-D-0306,WS10M,9789,9789,0,0.0
nasa_power,ZMB-D-0307,PRECTOTCORR,9789,9789,0,0.0
nasa_power,ZMB-D-0307,T2M,9789,9789,0,0.0
nasa_power,ZMB-D-0307,T2M_MAX,9789,9789,0,0.0
nasa_power,ZMB-D-0307,T2M_MIN,9789,9789,0,0.0
nasa_power,ZMB-D-0307,RH2M,9789,9789,0,0.0
nasa_power,ZMB-D-0307,WS10M,9789,9789,0,0.0
nasa_power,ZMB-D-0308,PRECTOTCORR,9789,9789,0,0.0
nasa_power,ZMB-D-0308,T2M,9789,9789,0,0.0
nasa_power,ZMB-D-0308,T2M_MAX,9789,9789,0,0.0
nasa_power,ZMB-D-0308,T2M_MIN,9789,9789,0,0.0
nasa_power,ZMB-D-0308,RH2M,9789,9789,0,0.0
nasa_power,ZMB-D-0308,WS10M,9789,9789,0,0.0
nasa_power,ZMB-D-0309,PRECTOTCORR,9789,9789,0,0.0
nasa_power,ZMB-D-0309,T2M,9789,9789,0,0.0
nasa_power,ZMB-D-0309,T2M_MAX,9789,9789,0,0.0
nasa_power,ZMB-D-0309,T2M_MIN,9789,9789,0,0.0
nasa_power,ZMB-D-0309,RH2M,9789,9789,0,0.0
nasa_power,ZMB-D-0309,WS10M,9789,9789,0,0.0
nasa_power,ZMB-D-0401,PRECTOTCORR,9789,9789,0,0.0
nasa_power,ZMB-D-0401,T2M,9789,9789,0,0.0
nasa_power,ZMB-D-0401,T2M_MAX,9789,9789,0,0.0
nasa_power,ZMB-D-0401,T2M_MIN,9789,9789,0,0.0
nasa_power,ZMB-D-0401,RH2M,9789,9789,0,0.0
nasa_power,ZMB-D-0401,WS10M,9789,9789,0,0.0
nasa_power,ZMB-D-0402,PRECTOTCORR,9789,9789,0,0.0
nasa_power,ZMB-D-0402,T2M,9789,9789,0,0.0
nasa_power,ZMB-D-0402,T2M_MAX,9789,9789,0,0.0
nasa_power,ZMB-D-0402,T2M_MIN,9789,9789,0,0.0
nasa_power,ZMB-D-0402,RH2M,9789,9789,0,0.0
nasa_power,ZMB-D-0402,WS10M,9789,9789,0,0.0
nasa_power,ZMB-D-0403,PRECTOTCORR,9789,9789,0,0.0
nasa_power,ZMB-D-0403,T2M,9789,9789,0,0.0
nasa_power,ZMB-D-0403,T2M_MAX,9789,9789,0,0.0
nasa_power,ZMB-D-0403,T2M_MIN,9789,9789,0,0.0
nasa_power,ZMB-D-0403,RH2M,9789,9789,0,0.0
nasa_power,ZMB-D-0403,WS10M,9789,9789,0,0.0
nasa_power,ZMB-D-0404,PRECTOTCORR,9789,9789,0,0.0
nasa_power,ZMB-D-0404,T2M,9789,9789,0,0.0
nasa_power,ZMB-D-0404,T2M_MAX,9789,9789,0,0.0
nasa_power,ZMB-D-0404,T2M_MIN,9789,9789,0,0.0
nasa_power,ZMB-D-0404,RH2M,9789,9789,0,0.0
nasa_power,ZMB-D-0404,WS10M,9789,9789,0,0.0
nasa_power,ZMB-D-0405,PRECTOTCORR,9789,9789,0,0.0
nasa_power,ZMB-D-0405,T2M,9789,9789,0,0.0
nasa_power,ZMB-D-0405,T2M_MAX,9789,9789,0,0.0
nasa_power,ZMB-D-0405,T2M_MIN,9789,9789,0,0.0
nasa_power,ZMB-D-0405,RH2M,9789,9789,0,0.0
nasa_power,ZMB-D-0405,WS10M,9789,9789,0,0.0
nasa_power,ZMB-D-0406,PRECTOTCORR,9789,9789,0,0.0
nasa_power,ZMB-D-0406,T2M,9789,9789,0,0.0
nasa_power,ZMB-D-0406,T2M_MAX,9789,9789,0,0.0
nasa_power,ZMB-D-0406,T2M_MIN,9789,9789,0,0.0
nasa_power,ZMB-D-0406,RH2M,9789,9789,0,0.0
nasa_power,ZMB-D-0406,WS10M,9789,9789,0,0.0
nasa_power,ZMB-D-0407,PRECTOTCORR,9789,9789,0,0.0
nasa_power,ZMB-D-0407,T2M,9789,9789,0,0.0
nasa_power,ZMB-D-0407,T2M_MAX,9789,9789,0,0.0
nasa_power,ZMB-D-0407,T2M_MIN,9789,9789,0,0.0
nasa_power,ZMB-D-0407,RH2M,9789,9789,0,0.0
nasa_power,ZMB-D-0407,WS10M,9789,9789,0,0.0
nasa_power,ZMB-D-0408,PRECTOTCORR,9789,9789,0,0.0
nasa_power,ZMB-D-0408,T2M,9789,9789,0,0.0
nasa_power,ZMB-D-0408,T2M_MAX,9789,9789,0,0.0
nasa_power,ZMB-D-0408,T2M_MIN,9789,9789,0,0.0
nasa_power,ZMB-D-0408,RH2M,9789,9789,0,0.0
nasa_power,ZMB-D-0408,WS10M,9789,9789,0,0.0
nasa_power,ZMB-D-0409,PRECTOTCORR,9789,9789,0,0.0
nasa_power,ZMB-D-0409,T2M,9789,9789,0,0.0
nasa_power,ZMB-D-0409,T2M_MAX,9789,9789,0,0.0
nasa_power,ZMB-D-0409,T2M_MIN,9789,9789,0,0.0
nasa_power,ZMB-D-0409,RH2M,9789,9789,0,0.0
nasa_power,ZMB-D-0409,WS10M,9789,9789,0,0.0
nasa_power,ZMB-D-0410,PRECTOTCORR,9789,9789,0,0.0
nasa_power,ZMB-D-0410,T2M,9789,9789,0,0.0
nasa_power,ZMB-D-0410,T2M_MAX,9789,9789,0,0.0
nasa_power,ZMB-D-0410,T2M_MIN,9789,9789,0,0.0
nasa_power,ZMB-D-0410,RH2M,9789,9789,0,0.0
nasa_power,ZMB-D-0410,WS10M,9789,9789,0,0.0
nasa_power,ZMB-D-0411,PRECTOTCORR,9789,9789,0,0.0
nasa_power,ZMB-D-0411,T2M,9789,9789,0,0.0
nasa_power,ZMB-D-0411,T2M_MAX,9789,9789,0,0.0
nasa_power,ZMB-D-0411,T2M_MIN,9789,9789,0,0.0
nasa_power,ZMB-D-0411,RH2M,9789,9789,0,0.0
nasa_power,ZMB-D-0411,WS10M,9789,9789,0,0.0
nasa_power,ZMB-D-0501,PRECTOTCORR,9789,9789,0,0.0
nasa_power,ZMB-D-0501,T2M,9789,9789,0,0.0
nasa_power,ZMB-D-0501,T2M_MAX,9789,9789,0,0.0
nasa_power,ZMB-D-0501,T2M_MIN,9789,9789,0,0.0
nasa_power,ZMB-D-0501,RH2M,9789,9789,0,0.0
nasa_power,ZMB-D-0501,WS10M,9789,9789,0,0.0
nasa_power,ZMB-D-0502,PRECTOTCORR,9789,9789,0,0.0
nasa_power,ZMB-D-0502,T2M,9789,9789,0,0.0
nasa_power,ZMB-D-0502,T2M_MAX,9789,9789,0,0.0
nasa_power,ZMB-D-0502,T2M_MIN,9789,9789,0,0.0
nasa_power,ZMB-D-0502,RH2M,9789,9789,0,0.0
nasa_power,ZMB-D-0502,WS10M,9789,9789,0,0.0
nasa_power,ZMB-D-0503,PRECTOTCORR,9789,9789,0,0.0
nasa_power,ZMB-D-0503,T2M,9789,9789,0,0.0
nasa_power,ZMB-D-0503,T2M_MAX,9789,9789,0,0.0
nasa_power,ZMB-D-0503,T2M_MIN,9789,9789,0,0.0
nasa_power,ZMB-D-0503,RH2M,9789,9789,0,0.0
nasa_power,ZMB-D-0503,WS10M,9789,9789,0,0.0
nasa_power,ZMB-D-0504,PRECTOTCORR,9789,9789,0,0.0
nasa_power,ZMB-D-0504,T2M,9789,9789,0,0.0
nasa_power,ZMB-D-0504,T2M_MAX,9789,9789,0,0.0
nasa_power,ZMB-D-0504,T2M_MIN,9789,9789,0,0.0
nasa_power,ZMB-D-0504,RH2M,9789,9789,0,0.0
nasa_power,ZMB-D-0504,WS10M,9789,9789,0,0.0
nasa_power,ZMB-D-0505,PRECTOTCORR,9789,9789,0,0.0
nasa_power,ZMB-D-0505,T2M,9789,9789,0,0.0
nasa_power,ZMB-D-0505,T2M_MAX,9789,9789,0,0.0
nasa_power,ZMB-D-0505,T2M_MIN,9789,9789,0,0.0
nasa_power,ZMB-D-0505,RH2M,9789,9789,0,0.0
nasa_power,ZMB-D-0505,WS10M,9789,9789,0,0.0
nasa_power,ZMB-D-0506,PRECTOTCORR,9789,9789,0,0.0
nasa_power,ZMB-D-0506,T2M,9789,9789,0,0.0
nasa_power,ZMB-D-0506,T2M_MAX,9789,9789,0,0.0
nasa_power,ZMB-D-0506,T2M_MIN,9789,9789,0,0.0
nasa_power,ZMB-D-0506,RH2M,9789,9789,0,0.0
nasa_power,ZMB-D-0506,WS10M,9789,9789,0,0.0
nasa_power,ZMB-D-0507,PRECTOTCORR,9789,9789,0,0.0
nasa_power,ZMB-D-0507,T2M,9789,9789,0,0.0
nasa_power,ZMB-D-0507,T2M_MAX,9789,9789,0,0.0
nasa_power,ZMB-D-0507,T2M_MIN,9789,9789,0,0.0
nasa_power,ZMB-D-0507,RH2M,9789,9789,0,0.0
nasa_power,ZMB-D-0507,WS10M,9789,9789,0,0.0
nasa_power,ZMB-D-0508,PRECTOTCORR,9789,9789,0,0.0
nasa_power,ZMB-D-0508,T2M,9789,9789,0,0.0
nasa_power,ZMB-D-0508,T2M_MAX,9789,9789,0,0.0
nasa_power,ZMB-D-0508,T2M_MIN,9789,9789,0,0.0
nasa_power,ZMB-D-0508,RH2M,9789,9789,0,0.0
nasa_power,ZMB-D-0508,WS10M,9789,9789,0,0.0
nasa_power,ZMB-D-0601,PRECTOTCORR,9789,9789,0,0.0
nasa_power,ZMB-D-0601,T2M,9789,9789,0,0.0
nasa_power,ZMB-D-0601,T2M_MAX,9789,9789,0,0.0
nasa_power,ZMB-D-0601,T2M_MIN,9789,9789,0,0.0
nasa_power,ZMB-D-0601,RH2M,9789,9789,0,0.0
nasa_power,ZMB-D-0601,WS10M,9789,9789,0,0.0
nasa_power,ZMB-D-0602,PRECTOTCORR,9789,9789,0,0.0
nasa_power,ZMB-D-0602,T2M,9789,9789,0,0.0
nasa_power,ZMB-D-0602,T2M_MAX,9789,9789,0,0.0
nasa_power,ZMB-D-0602,T2M_MIN,9789,9789,0,0.0
nasa_power,ZMB-D-0602,RH2M,9789,9789,0,0.0
nasa_power,ZMB-D-0602,WS10M,9789,9789,0,0.0
nasa_power,ZMB-D-0603,PRECTOTCORR,9789,9789,0,0.0
nasa_power,ZMB-D-0603,T2M,9789,9789,0,0.0
nasa_power,ZMB-D-0603,T2M_MAX,9789,9789,0,0.0
nasa_power,ZMB-D-0603,T2M_MIN,9789,9789,0,0.0
nasa_power,ZMB-D-0603,RH2M,9789,9789,0,0.0
nasa_power,ZMB-D-0603,WS10M,9789,9789,0,0.0
nasa_power,ZMB-D-0604,PRECTOTCORR,9789,9789,0,0.0
nasa_power,ZMB-D-0604,T2M,9789,9789,0,0.0
nasa_power,ZMB-D-0604,T2M_MAX,9789,9789,0,0.0
nasa_power,ZMB-D-0604,T2M_MIN,9789,9789,0,0.0
nasa_power,ZMB-D-0604,RH2M,9789,9789,0,0.0
nasa_power,ZMB-D-0604,WS10M,9789,9789,0,0.0
nasa_power,ZMB-D-0605,PRECTOTCORR,9789,9789,0,0.0
nasa_power,ZMB-D-0605,T2M,9789,9789,0,0.0
nasa_power,ZMB-D-0605,T2M_MAX,9789,9789,0,0.0
nasa_power,ZMB-D-0605,T2M_MIN,9789,9789,0,0.0
nasa_power,ZMB-D-0605,RH2M,9789,9789,0,0.0
nasa_power,ZMB-D-0605,WS10M,9789,9789,0,0.0
nasa_power,ZMB-D-0606,PRECTOTCORR,9789,9789,0,0.0
nasa_power,ZMB-D-0606,T2M,9789,9789,0,0.0
nasa_power,ZMB-D-0606,T2M_MAX,9789,9789,0,0.0
nasa_power,ZMB-D-0606,T2M_MIN,9789,9789,0,0.0
nasa_power,ZMB-D-0606,RH2M,9789,9789,0,0.0
nasa_power,ZMB-D-0606,WS10M,9789,9789,0,0.0
nasa_power,ZMB-D-0607,PRECTOTCORR,9789,9789,0,0.0
nasa_power,ZMB-D-0607,T2M,9789,9789,0,0.0
nasa_power,ZMB-D-0607,T2M_MAX,9789,9789,0,0.0
nasa_power,ZMB-D-0607,T2M_MIN,9789,9789,0,0.0
nasa_power,ZMB-D-0607,RH2M,9789,9789,0,0.0
nasa_power,ZMB-D-0607,WS10M,9789,9789,0,0.0
nasa_power,ZMB-D-0701,PRECTOTCORR,9789,9789,0,0.0
nasa_power,ZMB-D-0701,T2M,9789,9789,0,0.0
nasa_power,ZMB-D-0701,T2M_MAX,9789,9789,0,0.0
nasa_power,ZMB-D-0701,T2M_MIN,9789,9789,0,0.0
nasa_power,ZMB-D-0701,RH2M,9789,9789,0,0.0
nasa_power,ZMB-D-0701,WS10M,9789,9789,0,0.0
nasa_power,ZMB-D-0702,PRECTOTCORR,9789,9789,0,0.0
nasa_power,ZMB-D-0702,T2M,9789,9789,0,0.0
nasa_power,ZMB-D-0702,T2M_MAX,9789,9789,0,0.0
nasa_power,ZMB-D-0702,T2M_MIN,9789,9789,0,0.0
nasa_power,ZMB-D-0702,RH2M,9789,9789,0,0.0
nasa_power,ZMB-D-0702,WS10M,9789,9789,0,0.0
nasa_power,ZMB-D-0703,PRECTOTCORR,9789,9789,0,0.0
nasa_power,ZMB-D-0703,T2M,9789,9789,0,0.0
nasa_power,ZMB-D-0703,T2M_MAX,9789,9789,0,0.0
nasa_power,ZMB-D-0703,T2M_MIN,9789,9789,0,0.0
nasa_power,ZMB-D-0703,RH2M,9789,9789,0,0.0
nasa_power,ZMB-D-0703,WS10M,9789,9789,0,0.0
nasa_power,ZMB-D-0704,PRECTOTCORR,9789,9789,0,0.0
nasa_power,ZMB-D-0704,T2M,9789,9789,0,0.0
nasa_power,ZMB-D-0704,T2M_MAX,9789,9789,0,0.0
nasa_power,ZMB-D-0704,T2M_MIN,9789,9789,0,0.0
nasa_power,ZMB-D-0704,RH2M,9789,9789,0,0.0
nasa_power,ZMB-D-0704,WS10M,9789,9789,0,0.0
nasa_power,ZMB-D-0705,PRECTOTCORR,9789,9789,0,0.0
nasa_power,ZMB-D-0705,T2M,9789,9789,0,0.0
nasa_power,ZMB-D-0705,T2M_MAX,9789,9789,0,0.0
nasa_power,ZMB-D-0705,T2M_MIN,9789,9789,0,0.0
nasa_power,ZMB-D-0705,RH2M,9789,9789,0,0.0
nasa_power,ZMB-D-0705,WS10M,9789,9789,0,0.0
nasa_power,ZMB-D-0706,PRECTOTCORR,9789,9789,0,0.0
nasa_power,ZMB-D-0706,T2M,9789,9789,0,0.0
nasa_power,ZMB-D-0706,T2M_MAX,9789,9789,0,0.0
nasa_power,ZMB-D-0706,T2M_MIN,9789,9789,0,0.0
nasa_power,ZMB-D-0706,RH2M,9789,9789,0,0.0
nasa_power,ZMB-D-0706,WS10M,9789,9789,0,0.0
nasa_power,ZMB-D-0707,PRECTOTCORR,9789,9789,0,0.0
nasa_power,ZMB-D-0707,T2M,9789,9789,0,0.0
nasa_power,ZMB-D-0707,T2M_MAX,9789,9789,0,0.0
nasa_power,ZMB-D-0707,T2M_MIN,9789,9789,0,0.0
nasa_power,ZMB-D-0707,RH2M,9789,9789,0,0.0
nasa_power,ZMB-D-0707,WS10M,9789,9789,0,0.0
nasa_power,ZMB-D-0708,PRECTOTCORR,9789,9789,0,0.0
nasa_power,ZMB-D-0708,T2M,9789,9789,0,0.0
nasa_power,ZMB-D-0708,T2M_MAX,9789,9789,0,0.0
nasa_power,ZMB-D-0708,T2M_MIN,9789,9789,0,0.0
nasa_power,ZMB-D-0708,RH2M,9789,9789,0,0.0
nasa_power,ZMB-D-0708,WS10M,9789,9789,0,0.0
nasa_power,ZMB-D-0709,PRECTOTCORR,9789,9789,0,0.0
nasa_power,ZMB-D-0709,T2M,9789,9789,0,0.0
nasa_power,ZMB-D-0709,T2M_MAX,9789,9789,0,0.0
nasa_power,ZMB-D-0709,T2M_MIN,9789,9789,0,0.0
nasa_power,ZMB-D-0709,RH2M,9789,9789,0,0.0
nasa_power,ZMB-D-0709,WS10M,9789,9789,0,0.0
nasa_power,ZMB-D-0801,PRECTOTCORR,9789,9789,0,0.0
nasa_power,ZMB-D-0801,T2M,9789,9789,0,0.0
nasa_power,ZMB-D-0801,T2M_MAX,9789,9789,0,0.0
nasa_power,ZMB-D-0801,T2M_MIN,9789,9789,0,0.0
nasa_power,ZMB-D-0801,RH2M,9789,9789,0,0.0
nasa_power,ZMB-D-0801,WS10M,9789,9789,0,0.0
nasa_power,ZMB-D-0802,PRECTOTCORR,9789,9789,0,0.0
nasa_power,ZMB-D-0802,T2M,9789,9789,0,0.0
nasa_power,ZMB-D-0802,T2M_MAX,9789,9789,0,0.0
nasa_power,ZMB-D-0802,T2M_MIN,9789,9789,0,0.0
nasa_power,ZMB-D-0802,RH2M,9789,9789,0,0.0
nasa_power,ZMB-D-0802,WS10M,9789,9789,0,0.0
nasa_power,ZMB-D-0803,PRECTOTCORR,9789,9789,0,0.0
nasa_power,ZMB-D-0803,T2M,9789,9789,0,0.0
nasa_power,ZMB-D-0803,T2M_MAX,9789,9789,0,0.0
nasa_power,ZMB-D-0803,T2M_MIN,9789,9789,0,0.0
nasa_power,ZMB-D-0803,RH2M,9789,9789,0,0.0
nasa_power,ZMB-D-0803,WS10M,9789,9789,0,0.0
nasa_power,ZMB-D-0804,PRECTOTCORR,9789,9789,0,0.0
nasa_power,ZMB-D-0804,T2M,9789,9789,0,0.0
nasa_power,ZMB-D-0804,T2M_MAX,9789,9789,0,0.0
nasa_power,ZMB-D-0804,T2M_MIN,9789,9789,0,0.0
nasa_power,ZMB-D-0804,RH2M,9789,9789,0,0.0
nasa_power,ZMB-D-0804,WS10M,9789,9789,0,0.0
nasa_power,ZMB-D-0805,PRECTOTCORR,9789,9789,0,0.0
nasa_power,ZMB-D-0805,T2M,9789,9789,0,0.0
nasa_power,ZMB-D-0805,T2M_MAX,9789,9789,0,0.0
nasa_power,ZMB-D-0805,T2M_MIN,9789,9789,0,0.0
nasa_power,ZMB-D-0805,RH2M,9789,9789,0,0.0
nasa_power,ZMB-D-0805,WS10M,9789,9789,0,0.0
nasa_power,ZMB-D-0806,PRECTOTCORR,9789,9789,0,0.0
nasa_power,ZMB-D-0806,T2M,9789,9789,0,0.0
nasa_power,ZMB-D-0806,T2M_MAX,9789,9789,0,0.0
nasa_power,ZMB-D-0806,T2M_MIN,9789,9789,0,0.0
nasa_power,ZMB-D-0806,RH2M,9789,9789,0,0.0
nasa_power,ZMB-D-0806,WS10M,9789,9789,0,0.0
nasa_power,ZMB-D-0807,PRECTOTCORR,9789,9789,0,0.0
nasa_power,ZMB-D-0807,T2M,9789,9789,0,0.0
nasa_power,ZMB-D-0807,T2M_MAX,9789,9789,0,0.0
nasa_power,ZMB-D-0807,T2M_MIN,9789,9789,0,0.0
nasa_power,ZMB-D-0807,RH2M,9789,9789,0,0.0
nasa_power,ZMB-D-0807,WS10M,9789,9789,0,0.0
nasa_power,ZMB-D-0808,PRECTOTCORR,9789,9789,0,0.0
nasa_power,ZMB-D-0808,T2M,9789,9789,0,0.0
nasa_power,ZMB-D-0808,T2M_MAX,9789,9789,0,0.0
nasa_power,ZMB-D-0808,T2M_MIN,9789,9789,0,0.0
nasa_power,ZMB-D-0808,RH2M,9789,9789,0,0.0
nasa_power,ZMB-D-0808,WS10M,9789,9789,0,0.0
nasa_power,ZMB-D-0809,PRECTOTCORR,9789,9789,0,0.0
nasa_power,ZMB-D-0809,T2M,9789,9789,0,0.0
nasa_power,ZMB-D-0809,T2M_MAX,9789,9789,0,0.0
nasa_power,ZMB-D-0809,T2M_MIN,9789,9789,0,0.0
nasa_power,ZMB-D-0809,RH2M,9789,9789,0,0.0
nasa_power,ZMB-D-0809,WS10M,9789,9789,0,0.0
nasa_power,ZMB-D-0901,PRECTOTCORR,9789,9789,0,0.0
nasa_power,ZMB-D-0901,T2M,9789,9789,0,0.0
nasa_power,ZMB-D-0901,T2M_MAX,9789,9789,0,0.0
nasa_power,ZMB-D-0901,T2M_MIN,9789,9789,0,0.0
nasa_power,ZMB-D-0901,RH2M,9789,9789,0,0.0
nasa_power,ZMB-D-0901,WS10M,9789,9789,0,0.0
nasa_power,ZMB-D-0902,PRECTOTCORR,9789,9789,0,0.0
nasa_power,ZMB-D-0902,T2M,9789,9789,0,0.0
nasa_power,ZMB-D-0902,T2M_MAX,9789,9789,0,0.0
nasa_power,ZMB-D-0902,T2M_MIN,9789,9789,0,0.0
nasa_power,ZMB-D-0902,RH2M,9789,9789,0,0.0
nasa_power,ZMB-D-0902,WS10M,9789,9789,0,0.0
nasa_power,ZMB-D-0903,PRECTOTCORR,9789,9789,0,0.0
nasa_power,ZMB-D-0903,T2M,9789,9789,0,0.0
nasa_power,ZMB-D-0903,T2M_MAX,9789,9789,0,0.0
nasa_power,ZMB-D-0903,T2M_MIN,9789,9789,0,0.0
nasa_power,ZMB-D-0903,RH2M,9789,9789,0,0.0
nasa_power,ZMB-D-0903,WS10M,9789,9789,0,0.0
nasa_power,ZMB-D-0904,PRECTOTCORR,9789,9789,0,0.0
nasa_power,ZMB-D-0904,T2M,9789,9789,0,0.0
nasa_power,ZMB-D-0904,T2M_MAX,9789,9789,0,0.0
nasa_power,ZMB-D-0904,T2M_MIN,9789,9789,0,0.0
nasa_power,ZMB-D-0904,RH2M,9789,9789,0,0.0
nasa_power,ZMB-D-0904,WS10M,9789,9789,0,0.0
nasa_power,ZMB-D-0905,PRECTOTCORR,9789,9789,0,0.0
nasa_power,ZMB-D-0905,T2M,9789,9789,0,0.0
nasa_power,ZMB-D-0905,T2M_MAX,9789,9789,0,0.0
nasa_power,ZMB-D-0905,T2M_MIN,9789,9789,0,0.0
nasa_power,ZMB-D-0905,RH2M,9789,9789,0,0.0
nasa_power,ZMB-D-0905,WS10M,9789,9789,0,0.0
nasa_power,ZMB-D-0906,PRECTOTCORR,9789,9789,0,0.0
nasa_power,ZMB-D-0906,T2M,9789,9789,0,0.0
nasa_power,ZMB-D-0906,T2M_MAX,9789,9789,0,0.0
nasa_power,ZMB-D-0906,T2M_MIN,9789,9789,0,0.0
nasa_power,ZMB-D-0906,RH2M,9789,9789,0,0.0
nasa_power,ZMB-D-0906,WS10M,9789,9789,0,0.0
nasa_power,ZMB-D-0907,PRECTOTCORR,9789,9789,0,0.0
nasa_power,ZMB-D-0907,T2M,9789,9789,0,0.0
nasa_power,ZMB-D-0907,T2M_MAX,9789,9789,0,0.0
nasa_power,ZMB-D-0907,T2M_MIN,9789,9789,0,0.0
nasa_power,ZMB-D-0907,RH2M,9789,9789,0,0.0
nasa_power,ZMB-D-0907,WS10M,9789,9789,0,0.0
nasa_power,ZMB-D-0908,PRECTOTCORR,9789,9789,0,0.0
nasa_power,ZMB-D-0908,T2M,9789,9789,0,0.0
nasa_power,ZMB-D-0908,T2M_MAX,9789,9789,0,0.0
nasa_power,ZMB-D-0908,T2M_MIN,9789,9789,0,0.0
nasa_power,ZMB-D-0908,RH2M,9789,9789,0,0.0
nasa_power,ZMB-D-0908,WS10M,9789,9789,0,0.0
nasa_power,ZMB-D-0909,PRECTOTCORR,9789,9789,0,0.0
nasa_power,ZMB-D-0909,T2M,9789,9789,0,0.0
nasa_power,ZMB-D-0909,T2M_MAX,9789,9789,0,0.0
nasa_power,ZMB-D-0909,T2M_MIN,9789,9789,0,0.0
nasa_power,ZMB-D-0909,RH2M,9789,9789,0,0.0
nasa_power,ZMB-D-0909,WS10M,9789,9789,0,0.0
nasa_power,ZMB-D-0910,PRECTOTCORR,9789,9789,0,0.0
nasa_power,ZMB-D-0910,T2M,9789,9789,0,0.0
nasa_power,ZMB-D-0910,T2M_MAX,9789,9789,0,0.0
nasa_power,ZMB-D-0910,T2M_MIN,9789,9789,0,0.0
nasa_power,ZMB-D-0910,RH2M,9789,9789,0,0.0
nasa_power,ZMB-D-0910,WS10M,9789,9789,0,0.0
nasa_power,ZMB-D-0911,PRECTOTCORR,9789,9789,0,0.0
nasa_power,ZMB-D-0911,T2M,9789,9789,0,0.0
nasa_power,ZMB-D-0911,T2M_MAX,9789,9789,0,0.0
nasa_power,ZMB-D-0911,T2M_MIN,9789,9789,0,0.0
nasa_power,ZMB-D-0911,RH2M,9789,9789,0,0.0
nasa_power,ZMB-D-0911,WS10M,9789,9789,0,0.0
nasa_power,ZMB-D-0912,PRECTOTCORR,9789,9789,0,0.0
nasa_power,ZMB-D-0912,T2M,9789,9789,0,0.0
nasa_power,ZMB-D-0912,T2M_MAX,9789,9789,0,0.0
nasa_power,ZMB-D-0912,T2M_MIN,9789,9789,0,0.0
nasa_power,ZMB-D-0912,RH2M,9789,9789,0,0.0
nasa_power,ZMB-D-0912,WS10M,9789,9789,0,0.0
nasa_power,ZMB-D-1001,PRECTOTCORR,9789,9789,0,0.0
nasa_power,ZMB-D-1001,T2M,9789,9789,0,0.0
nasa_power,ZMB-D-1001,T2M_MAX,9789,9789,0,0.0
nasa_power,ZMB-D-1001,T2M_MIN,9789,9789,0,0.0
nasa_power,ZMB-D-1001,RH2M,9789,9789,0,0.0
nasa_power,ZMB-D-1001,WS10M,9789,9789,0,0.0
nasa_power,ZMB-D-1002,PRECTOTCORR,9789,9789,0,0.0
nasa_power,ZMB-D-1002,T2M,9789,9789,0,0.0
nasa_power,ZMB-D-1002,T2M_MAX,9789,9789,0,0.0
nasa_power,ZMB-D-1002,T2M_MIN,9789,9789,0,0.0
nasa_power,ZMB-D-1002,RH2M,9789,9789,0,0.0
nasa_power,ZMB-D-1002,WS10M,9789,9789,0,0.0
nasa_power,ZMB-D-1003,PRECTOTCORR,9789,9789,0,0.0
nasa_power,ZMB-D-1003,T2M,9789,9789,0,0.0
nasa_power,ZMB-D-1003,T2M_MAX,9789,9789,0,0.0
nasa_power,ZMB-D-1003,T2M_MIN,9789,9789,0,0.0
nasa_power,ZMB-D-1003,RH2M,9789,9789,0,0.0
nasa_power,ZMB-D-1003,WS10M,9789,9789,0,0.0
nasa_power,ZMB-D-1004,PRECTOTCORR,9789,9789,0,0.0
nasa_power,ZMB-D-1004,T2M,9789,9789,0,0.0
nasa_power,ZMB-D-1004,T2M_MAX,9789,9789,0,0.0
nasa_power,ZMB-D-1004,T2M_MIN,9789,9789,0,0.0
nasa_power,ZMB-D-1004,RH2M,9789,9789,0,0.0
nasa_power,ZMB-D-1004,WS10M,9789,9789,0,0.0
nasa_power,ZMB-D-1005,PRECTOTCORR,9789,9789,0,0.0
nasa_power,ZMB-D-1005,T2M,9789,9789,0,0.0
nasa_power,ZMB-D-1005,T2M_MAX,9789,9789,0,0.0
nasa_power,ZMB-D-1005,T2M_MIN,9789,9789,0,0.0
nasa_power,ZMB-D-1005,RH2M,9789,9789,0,0.0
nasa_power,ZMB-D-1005,WS10M,9789,9789,0,0.0
nasa_power,ZMB-D-1006,PRECTOTCORR,9789,9789,0,0.0
nasa_power,ZMB-D-1006,T2M,9789,9789,0,0.0
nasa_power,ZMB-D-1006,T2M_MAX,9789,9789,0,0.0
nasa_power,ZMB-D-1006,T2M_MIN,9789,9789,0,0.0
nasa_power,ZMB-D-1006,RH2M,9789,9789,0,0.0
nasa_power,ZMB-D-1006,WS10M,9789,9789,0,0.0
nasa_power,ZMB-D-1007,PRECTOTCORR,9789,9789,0,0.0
nasa_power,ZMB-D-1007,T2M,9789,9789,0,0.0
nasa_power,ZMB-D-1007,T2M_MAX,9789,9789,0,0.0
nasa_power,ZMB-D-1007,T2M_MIN,9789,9789,0,0.0
nasa_power,ZMB-D-1007,RH2M,9789,9789,0,0.0
nasa_power,ZMB-D-1007,WS10M,9789,9789,0,0.0
nasa_power,ZMB-D-1008,PRECTOTCORR,9789,9789,0,0.0
nasa_power,ZMB-D-1008,T2M,9789,9789,0,0.0
nasa_power,ZMB-D-1008,T2M_MAX,9789,9789,0,0.0
nasa_power,ZMB-D-1008,T2M_MIN,9789,9789,0,0.0
nasa_power,ZMB-D-1008,RH2M,9789,9789,0,0.0
nasa_power,ZMB-D-1008,WS10M,9789,9789,0,0.0
nasa_power,ZMB-D-1009,PRECTOTCORR,9789,9789,0,0.0
nasa_power,ZMB-D-1009,T2M,9789,9789,0,0.0
nasa_power,ZMB-D-1009,T2M_MAX,9789,9789,0,0.0
nasa_power,ZMB-D-1009,T2M_MIN,9789,9789,0,0.0
nasa_power,ZMB-D-1009,RH2M,9789,9789,0,0.0
nasa_power,ZMB-D-1009,WS10M,9789,9789,0,0.0
nasa_power,ZMB-D-1010,PRECTOTCORR,9789,9789,0,0.0
nasa_power,ZMB-D-1010,T2M,9789,9789,0,0.0
nasa_power,ZMB-D-1010,T2M_MAX,9789,9789,0,0.0
nasa_power,ZMB-D-1010,T2M_MIN,9789,9789,0,0.0
nasa_power,ZMB-D-1010,RH2M,9789,9789,0,0.0
nasa_power,ZMB-D-1010,WS10M,9789,9789,0,0.0
nasa_power,ZMB-D-1011,PRECTOTCORR,9789,9789,0,0.0
nasa_power,ZMB-D-1011,T2M,9789,9789,0,0.0
nasa_power,ZMB-D-1011,T2M_MAX,9789,9789,0,0.0
nasa_power,ZMB-D-1011,T2M_MIN,9789,9789,0,0.0
nasa_power,ZMB-D-1011,RH2M,9789,9789,0,0.0
nasa_power,ZMB-D-1011,WS10M,9789,9789,0,0.0
nasa_power,ZMB-D-1012,PRECTOTCORR,9789,9789,0,0.0
nasa_power,ZMB-D-1012,T2M,9789,9789,0,0.0
nasa_power,ZMB-D-1012,T2M_MAX,9789,9789,0,0.0
nasa_power,ZMB-D-1012,T2M_MIN,9789,9789,0,0.0
nasa_power,ZMB-D-1012,RH2M,9789,9789,0,0.0
nasa_power,ZMB-D-1012,WS10M,9789,9789,0,0.0
nasa_power,ZMB-D-1013,PRECTOTCORR,9789,9789,0,0.0
nasa_power,ZMB-D-1013,T2M,9789,9789,0,0.0
nasa_power,ZMB-D-1013,T2M_MAX,9789,9789,0,0.0
nasa_power,ZMB-D-1013,T2M_MIN,9789,9789,0,0.0
nasa_power,ZMB-D-1013,RH2M,9789,9789,0,0.0
nasa_power,ZMB-D-1013,WS10M,9789,9789,0,0.0
nasa_power,ZMB-D-1014,PRECTOTCORR,9789,9789,0,0.0
nasa_power,ZMB-D-1014,T2M,9789,9789,0,0.0
nasa_power,ZMB-D-1014,T2M_MAX,9789,9789,0,0.0
nasa_power,ZMB-D-1014,T2M_MIN,9789,9789,0,0.0
nasa_power,ZMB-D-1014,RH2M,9789,9789,0,0.0
nasa_power,ZMB-D-1014,WS10M,9789,9789,0,0.0
nasa_power,ZMB-D-1015,PRECTOTCORR,9789,9789,0,0.0
nasa_power,ZMB-D-1015,T2M,9789,9789,0,0.0
nasa_power,ZMB-D-1015,T2M_MAX,9789,9789,0,0.0
nasa_power,ZMB-D-1015,T2M_MIN,9789,9789,0,0.0
nasa_power,ZMB-D-1015,RH2M,9789,9789,0,0.0
nasa_power,ZMB-D-1015,WS10M,9789,9789,0,0.0
chirps,GRID,precip_days,9789,9789,0,0.0
chirps,GRID,precip_pixel_days,470615964,470615964,0,0.0
chirps_points,ZMB-D-0101,chirps_precip_mm,9789,9789,0,0.0
chirps_points,ZMB-D-0102,chirps_precip_mm,9789,9789,0,0.0
chirps_points,ZMB-D-0103,chirps_precip_mm,9789,9789,0,0.0
chirps_points,ZMB-D-0104,chirps_precip_mm,9789,9789,0,0.0
chirps_points,ZMB-D-0105,chirps_precip_mm,9789,9789,0,0.0
chirps_points,ZMB-D-0106,chirps_precip_mm,9789,9789,0,0.0
chirps_points,ZMB-D-0107,chirps_precip_mm,9789,9789,0,0.0
chirps_points,ZMB-D-0108,chirps_precip_mm,9789,9789,0,0.0
chirps_points,ZMB-D-0109,chirps_precip_mm,9789,9789,0,0.0
chirps_points,ZMB-D-0110,chirps_precip_mm,9789,9789,0,0.0
chirps_points,ZMB-D-0111,chirps_precip_mm,9789,9789,0,0.0
chirps_points,ZMB-D-0201,chirps_precip_mm,9789,9789,0,0.0
chirps_points,ZMB-D-0202,chirps_precip_mm,9789,9789,0,0.0
chirps_points,ZMB-D-0203,chirps_precip_mm,9789,9789,0,0.0
chirps_points,ZMB-D-0204,chirps_precip_mm,9789,9789,0,0.0
chirps_points,ZMB-D-0205,chirps_precip_mm,9789,9789,0,0.0
chirps_points,ZMB-D-0206,chirps_precip_mm,9789,9789,0,0.0
chirps_points,ZMB-D-0207,chirps_precip_mm,9789,9789,0,0.0
chirps_points,ZMB-D-0208,chirps_precip_mm,9789,9789,0,0.0
chirps_points,ZMB-D-0209,chirps_precip_mm,9789,9789,0,0.0
chirps_points,ZMB-D-0210,chirps_precip_mm,9789,9789,0,0.0
chirps_points,ZMB-D-0301,chirps_precip_mm,9789,9789,0,0.0
chirps_points,ZMB-D-0302,chirps_precip_mm,9789,9789,0,0.0
chirps_points,ZMB-D-0303,chirps_precip_mm,9789,9789,0,0.0
chirps_points,ZMB-D-0304,chirps_precip_mm,9789,9789,0,0.0
chirps_points,ZMB-D-0305,chirps_precip_mm,9789,9789,0,0.0
chirps_points,ZMB-D-0306,chirps_precip_mm,9789,9789,0,0.0
chirps_points,ZMB-D-0307,chirps_precip_mm,9789,9789,0,0.0
chirps_points,ZMB-D-0308,chirps_precip_mm,9789,9789,0,0.0
chirps_points,ZMB-D-0309,chirps_precip_mm,9789,9789,0,0.0
chirps_points,ZMB-D-0401,chirps_precip_mm,9789,9789,0,0.0
chirps_points,ZMB-D-0402,chirps_precip_mm,9789,9789,0,0.0
chirps_points,ZMB-D-0403,chirps_precip_mm,9789,9789,0,0.0
chirps_points,ZMB-D-0404,chirps_precip_mm,9789,9789,0,0.0
chirps_points,ZMB-D-0405,chirps_precip_mm,9789,9789,0,0.0
chirps_points,ZMB-D-0406,chirps_precip_mm,9789,9789,0,0.0
chirps_points,ZMB-D-0407,chirps_precip_mm,9789,9789,0,0.0
chirps_points,ZMB-D-0408,chirps_precip_mm,9789,9789,0,0.0
chirps_points,ZMB-D-0409,chirps_precip_mm,9789,9789,0,0.0
chirps_points,ZMB-D-0410,chirps_precip_mm,9789,9789,0,0.0
chirps_points,ZMB-D-0411,chirps_precip_mm,9789,9789,0,0.0
chirps_points,ZMB-D-0501,chirps_precip_mm,9789,9789,0,0.0
chirps_points,ZMB-D-0502,chirps_precip_mm,9789,9789,0,0.0
chirps_points,ZMB-D-0503,chirps_precip_mm,9789,9789,0,0.0
chirps_points,ZMB-D-0504,chirps_precip_mm,9789,9789,0,0.0
chirps_points,ZMB-D-0505,chirps_precip_mm,9789,9789,0,0.0
chirps_points,ZMB-D-0506,chirps_precip_mm,9789,9789,0,0.0
chirps_points,ZMB-D-0507,chirps_precip_mm,9789,9789,0,0.0
chirps_points,ZMB-D-0508,chirps_precip_mm,9789,9789,0,0.0
chirps_points,ZMB-D-0601,chirps_precip_mm,9789,9789,0,0.0
chirps_points,ZMB-D-0602,chirps_precip_mm,9789,9789,0,0.0
chirps_points,ZMB-D-0603,chirps_precip_mm,9789,9789,0,0.0
chirps_points,ZMB-D-0604,chirps_precip_mm,9789,9789,0,0.0
chirps_points,ZMB-D-0605,chirps_precip_mm,9789,9789,0,0.0
chirps_points,ZMB-D-0606,chirps_precip_mm,9789,9789,0,0.0
chirps_points,ZMB-D-0607,chirps_precip_mm,9789,9789,0,0.0
chirps_points,ZMB-D-0701,chirps_precip_mm,9789,9789,0,0.0
chirps_points,ZMB-D-0702,chirps_precip_mm,9789,9789,0,0.0
chirps_points,ZMB-D-0703,chirps_precip_mm,9789,9789,0,0.0
chirps_points,ZMB-D-0704,chirps_precip_mm,9789,9789,0,0.0
chirps_points,ZMB-D-0705,chirps_precip_mm,9789,9789,0,0.0
chirps_points,ZMB-D-0706,chirps_precip_mm,9789,9789,0,0.0
chirps_points,ZMB-D-0707,chirps_precip_mm,9789,9789,0,0.0
chirps_points,ZMB-D-0708,chirps_precip_mm,9789,9789,0,0.0
chirps_points,ZMB-D-0709,chirps_precip_mm,9789,9789,0,0.0
chirps_points,ZMB-D-0801,chirps_precip_mm,9789,9789,0,0.0
chirps_points,ZMB-D-0802,chirps_precip_mm,9789,9789,0,0.0
chirps_points,ZMB-D-0803,chirps_precip_mm,9789,9789,0,0.0
chirps_points,ZMB-D-0804,chirps_precip_mm,9789,9789,0,0.0
chirps_points,ZMB-D-0805,chirps_precip_mm,9789,9789,0,0.0
chirps_points,ZMB-D-0806,chirps_precip_mm,9789,9789,0,0.0
chirps_points,ZMB-D-0807,chirps_precip_mm,9789,9789,0,0.0
chirps_points,ZMB-D-0808,chirps_precip_mm,9789,9789,0,0.0
chirps_points,ZMB-D-0809,chirps_precip_mm,9789,9789,0,0.0
chirps_points,ZMB-D-0901,chirps_precip_mm,9789,9789,0,0.0
chirps_points,ZMB-D-0902,chirps_precip_mm,9789,9789,0,0.0
chirps_points,ZMB-D-0903,chirps_precip_mm,9789,9789,0,0.0
chirps_points,ZMB-D-0904,chirps_precip_mm,9789,9789,0,0.0
chirps_points,ZMB-D-0905,chirps_precip_mm,9789,9789,0,0.0
chirps_points,ZMB-D-0906,chirps_precip_mm,9789,9789,0,0.0
chirps_points,ZMB-D-0907,chirps_precip_mm,9789,9789,0,0.0
chirps_points,ZMB-D-0908,chirps_precip_mm,9789,9789,0,0.0
chirps_points,ZMB-D-0909,chirps_precip_mm,9789,9789,0,0.0
chirps_points,ZMB-D-0910,chirps_precip_mm,9789,9789,0,0.0
chirps_points,ZMB-D-0911,chirps_precip_mm,9789,9789,0,0.0
chirps_points,ZMB-D-0912,chirps_precip_mm,9789,9789,0,0.0
chirps_points,ZMB-D-1001,chirps_precip_mm,9789,9789,0,0.0
chirps_points,ZMB-D-1002,chirps_precip_mm,9789,9789,0,0.0
chirps_points,ZMB-D-1003,chirps_precip_mm,9789,9789,0,0.0
chirps_points,ZMB-D-1004,chirps_precip_mm,9789,9789,0,0.0
chirps_points,ZMB-D-1005,chirps_precip_mm,9789,9789,0,0.0
chirps_points,ZMB-D-1006,chirps_precip_mm,9789,9789,0,0.0
chirps_points,ZMB-D-1007,chirps_precip_mm,9789,9789,0,0.0
chirps_points,ZMB-D-1008,chirps_precip_mm,9789,9789,0,0.0
chirps_points,ZMB-D-1009,chirps_precip_mm,9789,9789,0,0.0
chirps_points,ZMB-D-1010,chirps_precip_mm,9789,9789,0,0.0
chirps_points,ZMB-D-1011,chirps_precip_mm,9789,9789,0,0.0
chirps_points,ZMB-D-1012,chirps_precip_mm,9789,9789,0,0.0
chirps_points,ZMB-D-1013,chirps_precip_mm,9789,9789,0,0.0
chirps_points,ZMB-D-1014,chirps_precip_mm,9789,9789,0,0.0
chirps_points,ZMB-D-1015,chirps_precip_mm,9789,9789,0,0.0
