location_id,date,variable,value,flag
ZMB-D-0706,2020-02-23,PRECTOTCORR,338.3,"outside_bounds[0,300]"
ZMB-D-0907,2023-12-22,PRECTOTCORR,303.64,"outside_bounds[0,300]"
ZMB-D-0102,2023-12-23,PRECTOTCORR,178.29,extreme_rain_check
ZMB-D-0105,2015-12-16,PRECTOTCORR,170.91,extreme_rain_check
ZMB-D-0107,2022-06-26,PRECTOTCORR,186.75,extreme_rain_check
ZMB-D-0107,2022-06-27,PRECTOTCORR,206.16,extreme_rain_check
ZMB-D-0107,2022-06-29,PRECTOTCORR,188.16,extreme_rain_check
ZMB-D-0110,2015-12-16,PRECTOTCORR,211.5,extreme_rain_check
ZMB-D-0111,2022-06-26,PRECTOTCORR,186.75,extreme_rain_check
ZMB-D-0111,2022-06-27,PRECTOTCORR,206.16,extreme_rain_check
ZMB-D-0111,2022-06-29,PRECTOTCORR,188.16,extreme_rain_check
ZMB-D-0208,2015-12-16,PRECTOTCORR,150.63,extreme_rain_check
ZMB-D-0210,2015-12-16,PRECTOTCORR,176.01,extreme_rain_check
ZMB-D-0307,2020-03-03,PRECTOTCORR,181.05,extreme_rain_check
ZMB-D-0307,2020-03-04,PRECTOTCORR,291.88,extreme_rain_check
ZMB-D-0309,2021-02-21,PRECTOTCORR,162.74,extreme_rain_check
ZMB-D-0410,2016-01-07,PRECTOTCORR,155.8,extreme_rain_check
ZMB-D-0501,2023-12-23,PRECTOTCORR,198.93,extreme_rain_check
ZMB-D-0505,2023-12-22,PRECTOTCORR,162.7,extreme_rain_check
ZMB-D-0507,2023-12-23,PRECTOTCORR,198.93,extreme_rain_check
ZMB-D-0508,2023-12-23,PRECTOTCORR,192.53,extreme_rain_check
ZMB-D-0607,2026-01-08,PRECTOTCORR,176.1,extreme_rain_check
ZMB-D-0704,2015-12-16,PRECTOTCORR,250.59,extreme_rain_check
ZMB-D-0706,2015-12-12,PRECTOTCORR,170.95,extreme_rain_check
ZMB-D-0706,2020-02-23,PRECTOTCORR,338.3,extreme_rain_check
ZMB-D-0707,2018-08-23,PRECTOTCORR,158.04,extreme_rain_check
ZMB-D-0804,2022-02-23,PRECTOTCORR,151.29,extreme_rain_check
ZMB-D-0805,2020-11-30,PRECTOTCORR,194.92,extreme_rain_check
ZMB-D-0907,2023-12-22,PRECTOTCORR,303.64,extreme_rain_check
ZMB-D-0907,2023-12-26,PRECTOTCORR,175.42,extreme_rain_check
ZMB-D-0908,2023-12-23,PRECTOTCORR,189.27,extreme_rain_check
ZMB-D-0909,2023-12-23,PRECTOTCORR,174.48,extreme_rain_check
ZMB-D-0910,2023-12-23,PRECTOTCORR,189.27,extreme_rain_check
