file,sha256,recorded,match
data\raw\desinventar\original\DI_export_zmb.zip,cc27bf744c6574286541b3387a75f3552e34e506303172a3873fc4874adc5a25,cc27bf744c6574286541b3387a75f3552e34e506303172a3873fc4874adc5a25,True
data\raw\nasa_power\daily_weather\ZMB-D-0101\ZMB-D-0101__1999-04-14_2026-01-30.json,2bb6ac570897e574c795160ac4977920e4ef03e676e76743e08dd54363f27fba,2bb6ac570897e574c795160ac4977920e4ef03e676e76743e08dd54363f27fba,True
data\raw\nasa_power\daily_weather\ZMB-D-0102\ZMB-D-0102__1999-04-14_2026-01-30.json,9430497d506a4b6abc477455c782ab272ce8c0de178825b87db15b591aaeb271,9430497d506a4b6abc477455c782ab272ce8c0de178825b87db15b591aaeb271,True
data\raw\nasa_power\daily_weather\ZMB-D-0103\ZMB-D-0103__1999-04-14_2026-01-30.json,bf81f5e2b604910ac9bee3ee3210d53e28de2951c8aac548f3645a33a14626dc,bf81f5e2b604910ac9bee3ee3210d53e28de2951c8aac548f3645a33a14626dc,True
data\raw\nasa_power\daily_weather\ZMB-D-0104\ZMB-D-0104__1999-04-14_2026-01-30.json,2badc58b324f975269ab616113103c476ed45c71b701703d6cc9f2119a1d0c86,2badc58b324f975269ab616113103c476ed45c71b701703d6cc9f2119a1d0c86,True
data\raw\nasa_power\daily_weather\ZMB-D-0105\ZMB-D-0105__1999-04-14_2026-01-30.json,8e64953d1c5cadca0a8ac372772d1973dfecbeb750506f5debfe140134713c5b,8e64953d1c5cadca0a8ac372772d1973dfecbeb750506f5debfe140134713c5b,True
data\raw\nasa_power\daily_weather\ZMB-D-0106\ZMB-D-0106__1999-04-14_2026-01-30.json,fe4c5159f875c1e456304bb4a47405b95885150d09c26c9490ddb8853f23a7f7,fe4c5159f875c1e456304bb4a47405b95885150d09c26c9490ddb8853f23a7f7,True
data\raw\nasa_power\daily_weather\ZMB-D-0107\ZMB-D-0107__1999-04-14_2026-01-30.json,ec29afc3d517c0657ed7676821b4472de01b10909082ce807a1f31d4fc06621d,ec29afc3d517c0657ed7676821b4472de01b10909082ce807a1f31d4fc06621d,True
data\raw\nasa_power\daily_weather\ZMB-D-0108\ZMB-D-0108__1999-04-14_2026-01-30.json,444abe1936374f61e50b45cb81554adef734a5af7e0403638b4a683749722ebf,444abe1936374f61e50b45cb81554adef734a5af7e0403638b4a683749722ebf,True
data\raw\nasa_power\daily_weather\ZMB-D-0109\ZMB-D-0109__1999-04-14_2026-01-30.json,6a49aa5d8dc20076bca56623f1a2c7132f431a5cea55270e841f6bcb4e51b6b1,6a49aa5d8dc20076bca56623f1a2c7132f431a5cea55270e841f6bcb4e51b6b1,True
data\raw\nasa_power\daily_weather\ZMB-D-0110\ZMB-D-0110__1999-04-14_2026-01-30.json,d361b370622a2bb2f4c9549764ae856bb33dd8bb33e00cb1a0dc78116740157d,d361b370622a2bb2f4c9549764ae856bb33dd8bb33e00cb1a0dc78116740157d,True
data\raw\nasa_power\daily_weather\ZMB-D-0111\ZMB-D-0111__1999-04-14_2026-01-30.json,807b102d1a1972b98dacb9c598d00c9afeb48a15bbb842b4c018f7376f780253,807b102d1a1972b98dacb9c598d00c9afeb48a15bbb842b4c018f7376f780253,True
data\raw\nasa_power\daily_weather\ZMB-D-0201\ZMB-D-0201__1999-04-14_2026-01-30.json,3d304f8a3a8cbbe80fa1247076b57336f310700bca4f36674cbf9d5929a675c2,3d304f8a3a8cbbe80fa1247076b57336f310700bca4f36674cbf9d5929a675c2,True
data\raw\nasa_power\daily_weather\ZMB-D-0202\ZMB-D-0202__1999-04-14_2026-01-30.json,33c2447c7cc652139a600e2f26bf9e28ea8172d3d20142bae8b68c1b54459a22,33c2447c7cc652139a600e2f26bf9e28ea8172d3d20142bae8b68c1b54459a22,True
data\raw\nasa_power\daily_weather\ZMB-D-0203\ZMB-D-0203__1999-04-14_2026-01-30.json,e1cb35e26a73cdd7b5179ca02304cfc29c797fdf49e451694cc870396c6c1986,e1cb35e26a73cdd7b5179ca02304cfc29c797fdf49e451694cc870396c6c1986,True
data\raw\nasa_power\daily_weather\ZMB-D-0204\ZMB-D-0204__1999-04-14_2026-01-30.json,9f88ffc481c9659fc226214225ed81e8b8c6839e03dfb9342f4e903be6ed22d5,9f88ffc481c9659fc226214225ed81e8b8c6839e03dfb9342f4e903be6ed22d5,True
data\raw\nasa_power\daily_weather\ZMB-D-0205\ZMB-D-0205__1999-04-14_2026-01-30.json,37d523e9a52b2c34e242e2424859fd85434a6032a5387d5de9f77737c63d3f6e,37d523e9a52b2c34e242e2424859fd85434a6032a5387d5de9f77737c63d3f6e,True
data\raw\nasa_power\daily_weather\ZMB-D-0206\ZMB-D-0206__1999-04-14_2026-01-30.json,821f573d4b627662bcbed7511889a67ebdbac8ea6022cb44cd38b1fe66b464a7,821f573d4b627662bcbed7511889a67ebdbac8ea6022cb44cd38b1fe66b464a7,True
data\raw\nasa_power\daily_weather\ZMB-D-0207\ZMB-D-0207__1999-04-14_2026-01-30.json,c3063c9ac4ad70cf70bd4ba4aa0c535f5eb9cec1e3145eed51fb052f63304f77,c3063c9ac4ad70cf70bd4ba4aa0c535f5eb9cec1e3145eed51fb052f63304f77,True
data\raw\nasa_power\daily_weather\ZMB-D-0208\ZMB-D-0208__1999-04-14_2026-01-30.json,9155696123a79b38f4020323b2afa796c46784ec629523ab0b37fc469fc3f829,9155696123a79b38f4020323b2afa796c46784ec629523ab0b37fc469fc3f829,True
data\raw\nasa_power\daily_weather\ZMB-D-0209\ZMB-D-0209__1999-04-14_2026-01-30.json,a3f05fa170d832f970aa3520e2af5056cba51ab1a97fa209671ad3d1205a9890,a3f05fa170d832f970aa3520e2af5056cba51ab1a97fa209671ad3d1205a9890,True
data\raw\nasa_power\daily_weather\ZMB-D-0210\ZMB-D-0210__1999-04-14_2026-01-30.json,037b7bec0c42a6454a69c2611e5b85be933a42940024cf8f7e4435282e564f37,037b7bec0c42a6454a69c2611e5b85be933a42940024cf8f7e4435282e564f37,True
data\raw\nasa_power\daily_weather\ZMB-D-0301\ZMB-D-0301__1999-04-14_2026-01-30.json,f41f0deb138c6ec70687a57b26806b0138aab55f4b245623729a2e3b556c392c,f41f0deb138c6ec70687a57b26806b0138aab55f4b245623729a2e3b556c392c,True
data\raw\nasa_power\daily_weather\ZMB-D-0302\ZMB-D-0302__1999-04-14_2026-01-30.json,230481176eea8f577bf5ecbd4f3528530517a1fd29b08ddd9f5b844ed510b5d5,230481176eea8f577bf5ecbd4f3528530517a1fd29b08ddd9f5b844ed510b5d5,True
data\raw\nasa_power\daily_weather\ZMB-D-0303\ZMB-D-0303__1999-04-14_2026-01-30.json,6afa0ce154c3b665a3ac4c7c7f8004f8568884dba30edd88cd708de567ab06c7,6afa0ce154c3b665a3ac4c7c7f8004f8568884dba30edd88cd708de567ab06c7,True
data\raw\nasa_power\daily_weather\ZMB-D-0304\ZMB-D-0304__1999-04-14_2026-01-30.json,0057f94425a132f0131eef18b33f02939a823f3ae0048583ca6f3e95acafe00c,0057f94425a132f0131eef18b33f02939a823f3ae0048583ca6f3e95acafe00c,True
data\raw\nasa_power\daily_weather\ZMB-D-0305\ZMB-D-0305__1999-04-14_2026-01-30.json,f7512710439751400a11551da3fce79f07a99219f3281687bdb41d59581d2a1c,f7512710439751400a11551da3fce79f07a99219f3281687bdb41d59581d2a1c,True
data\raw\nasa_power\daily_weather\ZMB-D-0306\ZMB-D-0306__1999-04-14_2026-01-30.json,28728c7c3957d03f7b6f206fbdc085f1ee17cdeefceffe4174198e0c576c70fa,28728c7c3957d03f7b6f206fbdc085f1ee17cdeefceffe4174198e0c576c70fa,True
data\raw\nasa_power\daily_weather\ZMB-D-0307\ZMB-D-0307__1999-04-14_2026-01-30.json,b5a3c471d278e80bc572708c98cb0b4aa6df84d74be94f093981decb2ddaaf72,b5a3c471d278e80bc572708c98cb0b4aa6df84d74be94f093981decb2ddaaf72,True
data\raw\nasa_power\daily_weather\ZMB-D-0308\ZMB-D-0308__1999-04-14_2026-01-30.json,db8a2aa29f3136d792766155673fe0b4c4af4fb98453ac5b0812e41413eb5a7a,db8a2aa29f3136d792766155673fe0b4c4af4fb98453ac5b0812e41413eb5a7a,True
data\raw\nasa_power\daily_weather\ZMB-D-0309\ZMB-D-0309__1999-04-14_2026-01-30.json,05b5e5f31ea70eff8371fbc26d1aa1ae845635f7132a808fb0cf5cd8b0ebe427,05b5e5f31ea70eff8371fbc26d1aa1ae845635f7132a808fb0cf5cd8b0ebe427,True
data\raw\nasa_power\daily_weather\ZMB-D-0401\ZMB-D-0401__1999-04-14_2026-01-30.json,0cde780877499648aad76f1e2df7d1f08ec9609ae7a927379b868a458487289a,0cde780877499648aad76f1e2df7d1f08ec9609ae7a927379b868a458487289a,True
data\raw\nasa_power\daily_weather\ZMB-D-0402\ZMB-D-0402__1999-04-14_2026-01-30.json,c4bf307ddaab84c084dcac4cb0c653468a2bb38ff97d2a53c36f88da38cc935a,c4bf307ddaab84c084dcac4cb0c653468a2bb38ff97d2a53c36f88da38cc935a,True
data\raw\nasa_power\daily_weather\ZMB-D-0403\ZMB-D-0403__1999-04-14_2026-01-30.json,4a0c1caccbe17fda6d747d2b431d8bb3ac7daf0f882602fd17f2c8c2f87bdf01,4a0c1caccbe17fda6d747d2b431d8bb3ac7daf0f882602fd17f2c8c2f87bdf01,True
data\raw\nasa_power\daily_weather\ZMB-D-0404\ZMB-D-0404__1999-04-14_2026-01-30.json,1389d2a9b5e7560ee49bcb2b60720a0c8c13277114e792ee10d77d417eb61b94,1389d2a9b5e7560ee49bcb2b60720a0c8c13277114e792ee10d77d417eb61b94,True
data\raw\nasa_power\daily_weather\ZMB-D-0405\ZMB-D-0405__1999-04-14_2026-01-30.json,c9f103e69275447fd23cdf41801f8cc7c5bf0ca6e0613796d3ce863c523a890b,c9f103e69275447fd23cdf41801f8cc7c5bf0ca6e0613796d3ce863c523a890b,True
data\raw\nasa_power\daily_weather\ZMB-D-0406\ZMB-D-0406__1999-04-14_2026-01-30.json,2231af133fd5215c290f6c6633f147d74fd58c5d20621a45250d7dce8a66fadf,2231af133fd5215c290f6c6633f147d74fd58c5d20621a45250d7dce8a66fadf,True
data\raw\nasa_power\daily_weather\ZMB-D-0407\ZMB-D-0407__1999-04-14_2026-01-30.json,916fcf9f6becd52c836dd1a84c6791e53537461b5526ab3b832653e5495f1ae1,916fcf9f6becd52c836dd1a84c6791e53537461b5526ab3b832653e5495f1ae1,True
data\raw\nasa_power\daily_weather\ZMB-D-0408\ZMB-D-0408__1999-04-14_2026-01-30.json,aadc899264b9053bb71d092f80e8e7e7ff710953499b666de07a5905d65e4baf,aadc899264b9053bb71d092f80e8e7e7ff710953499b666de07a5905d65e4baf,True
data\raw\nasa_power\daily_weather\ZMB-D-0409\ZMB-D-0409__1999-04-14_2026-01-30.json,f82c64c6cbb80743af4ea969311afbe8d673885e9f5a3315f04b546b7119e215,f82c64c6cbb80743af4ea969311afbe8d673885e9f5a3315f04b546b7119e215,True
data\raw\nasa_power\daily_weather\ZMB-D-0410\ZMB-D-0410__1999-04-14_2026-01-30.json,16d206bc371dc04c5c5f7c1a1a66679a166df606d71073ee2b25f68f12cd1ee6,16d206bc371dc04c5c5f7c1a1a66679a166df606d71073ee2b25f68f12cd1ee6,True
data\raw\nasa_power\daily_weather\ZMB-D-0411\ZMB-D-0411__1999-04-14_2026-01-30.json,108c4a166a7c3c71c09cd4f1701e1e5768b7c19a8e9d33e50973be319c99e7ca,108c4a166a7c3c71c09cd4f1701e1e5768b7c19a8e9d33e50973be319c99e7ca,True
data\raw\nasa_power\daily_weather\ZMB-D-0501\ZMB-D-0501__1999-04-14_2026-01-30.json,3e6ab212b8224af339dcd357c3c79cc65d8f8606e23094f990bd6fd389c768ff,3e6ab212b8224af339dcd357c3c79cc65d8f8606e23094f990bd6fd389c768ff,True
data\raw\nasa_power\daily_weather\ZMB-D-0502\ZMB-D-0502__1999-04-14_2026-01-30.json,b037e40a627c3f4192254a8c77cfd03f0cd5697875431adb6cde05cf8ee425f3,b037e40a627c3f4192254a8c77cfd03f0cd5697875431adb6cde05cf8ee425f3,True
data\raw\nasa_power\daily_weather\ZMB-D-0503\ZMB-D-0503__1999-04-14_2026-01-30.json,769956c455ad940e66d8b9d6014c8ad88c552ff9106738d75cc6782321f76490,769956c455ad940e66d8b9d6014c8ad88c552ff9106738d75cc6782321f76490,True
data\raw\nasa_power\daily_weather\ZMB-D-0504\ZMB-D-0504__1999-04-14_2026-01-30.json,7f5cffad0cac6efc576be0848e4f1277ed67cf69e2b0741f483c5a36154cb553,7f5cffad0cac6efc576be0848e4f1277ed67cf69e2b0741f483c5a36154cb553,True
data\raw\nasa_power\daily_weather\ZMB-D-0505\ZMB-D-0505__1999-04-14_2026-01-30.json,62851a7ea469ba80b32b7ff45d6426052d8143a2cce72fc71097062a1303b072,62851a7ea469ba80b32b7ff45d6426052d8143a2cce72fc71097062a1303b072,True
data\raw\nasa_power\daily_weather\ZMB-D-0506\ZMB-D-0506__1999-04-14_2026-01-30.json,dae5d4f8f8da366883b84b8df54da4873ec5fe56597bd4a2d0b657bc8913ce45,dae5d4f8f8da366883b84b8df54da4873ec5fe56597bd4a2d0b657bc8913ce45,True
data\raw\nasa_power\daily_weather\ZMB-D-0507\ZMB-D-0507__1999-04-14_2026-01-30.json,468fd7f03aab2a6104bff4ebca6aaff109beb6ad9313ff9df68c0ed896a348c8,468fd7f03aab2a6104bff4ebca6aaff109beb6ad9313ff9df68c0ed896a348c8,True
data\raw\nasa_power\daily_weather\ZMB-D-0508\ZMB-D-0508__1999-04-14_2026-01-30.json,6b7df48017a0faec501d277ee255ccbd5b58cd1e3bb00102056bebdd7359a690,6b7df48017a0faec501d277ee255ccbd5b58cd1e3bb00102056bebdd7359a690,True
data\raw\nasa_power\daily_weather\ZMB-D-0601\ZMB-D-0601__1999-04-14_2026-01-30.json,7e0b16a52f7d7943ed00d26db27ccd7fc6b8e27cb530b71b8ff16690e8f57b4f,7e0b16a52f7d7943ed00d26db27ccd7fc6b8e27cb530b71b8ff16690e8f57b4f,True
data\raw\nasa_power\daily_weather\ZMB-D-0602\ZMB-D-0602__1999-04-14_2026-01-30.json,6812188abb640132a04299a0098992828ec4cef5ee82ccf2701ce05d659a6c95,6812188abb640132a04299a0098992828ec4cef5ee82ccf2701ce05d659a6c95,True
data\raw\nasa_power\daily_weather\ZMB-D-0603\ZMB-D-0603__1999-04-14_2026-01-30.json,92b369db8957ae1b7880bc960d4902b8225a43549d4f7bc83da8c0105e819530,92b369db8957ae1b7880bc960d4902b8225a43549d4f7bc83da8c0105e819530,True
data\raw\nasa_power\daily_weather\ZMB-D-0604\ZMB-D-0604__1999-04-14_2026-01-30.json,57f34059728c592bf0b378ab55f279afbce9ff11e0a518ae84927774a1d83488,57f34059728c592bf0b378ab55f279afbce9ff11e0a518ae84927774a1d83488,True
data\raw\nasa_power\daily_weather\ZMB-D-0605\ZMB-D-0605__1999-04-14_2026-01-30.json,b385e4438d2b6165b49429071117c2ee7f966151c1818741b5e952445f6bf55d,b385e4438d2b6165b49429071117c2ee7f966151c1818741b5e952445f6bf55d,True
data\raw\nasa_power\daily_weather\ZMB-D-0606\ZMB-D-0606__1999-04-14_2026-01-30.json,c7b6208d24906c1688dc6703b27caaabfb9ac89028446902e9fc32543fd44c1f,c7b6208d24906c1688dc6703b27caaabfb9ac89028446902e9fc32543fd44c1f,True
data\raw\nasa_power\daily_weather\ZMB-D-0607\ZMB-D-0607__1999-04-14_2026-01-30.json,0e450013044010b0f80d352eea138dd907ed0b913a57bd8c44aff0a0e08976db,0e450013044010b0f80d352eea138dd907ed0b913a57bd8c44aff0a0e08976db,True
data\raw\nasa_power\daily_weather\ZMB-D-0701\ZMB-D-0701__1999-04-14_2026-01-30.json,541e44e013c4e3514515169cc52665378c1d45a2c23613f982467ebe012b5b26,541e44e013c4e3514515169cc52665378c1d45a2c23613f982467ebe012b5b26,True
data\raw\nasa_power\daily_weather\ZMB-D-0702\ZMB-D-0702__1999-04-14_2026-01-30.json,c781b2c6b8fe4d53e860e193bdf80b75393d1510cda3aa2fd4988431d90e6320,c781b2c6b8fe4d53e860e193bdf80b75393d1510cda3aa2fd4988431d90e6320,True
data\raw\nasa_power\daily_weather\ZMB-D-0703\ZMB-D-0703__1999-04-14_2026-01-30.json,dd3e4032f16c09513b2e13c36a91bbefd81ad9e15ebb43745193ff3aeb2c5308,dd3e4032f16c09513b2e13c36a91bbefd81ad9e15ebb43745193ff3aeb2c5308,True
data\raw\nasa_power\daily_weather\ZMB-D-0704\ZMB-D-0704__1999-04-14_2026-01-30.json,a9a97f46ec81ac805c51459fe43b1daf518544b4ba9d7d209eec8f579b0d6f5e,a9a97f46ec81ac805c51459fe43b1daf518544b4ba9d7d209eec8f579b0d6f5e,True
data\raw\nasa_power\daily_weather\ZMB-D-0705\ZMB-D-0705__1999-04-14_2026-01-30.json,8a562eeb3efb7668554ba09f234cf390c2bb3687b94a0154a7251655d0713ec7,8a562eeb3efb7668554ba09f234cf390c2bb3687b94a0154a7251655d0713ec7,True
data\raw\nasa_power\daily_weather\ZMB-D-0706\ZMB-D-0706__1999-04-14_2026-01-30.json,0e2794fbd5ff00e9ccab87573e46dca03f7d3a209c028377948f1c19b60a169e,0e2794fbd5ff00e9ccab87573e46dca03f7d3a209c028377948f1c19b60a169e,True
data\raw\nasa_power\daily_weather\ZMB-D-0707\ZMB-D-0707__1999-04-14_2026-01-30.json,9f6d305b817f3773870702315163d420e1e84905ca77bee4483191c5330be79d,9f6d305b817f3773870702315163d420e1e84905ca77bee4483191c5330be79d,True
data\raw\nasa_power\daily_weather\ZMB-D-0708\ZMB-D-0708__1999-04-14_2026-01-30.json,38d754a25100e42349a2c460cf2fa0a9f58ba342ec1d276658a8f8f262cc92ad,38d754a25100e42349a2c460cf2fa0a9f58ba342ec1d276658a8f8f262cc92ad,True
data\raw\nasa_power\daily_weather\ZMB-D-0709\ZMB-D-0709__1999-04-14_2026-01-30.json,3eaee403a67efe449935ae68909cadec12a408eb53097f6ea116b48168024aa3,3eaee403a67efe449935ae68909cadec12a408eb53097f6ea116b48168024aa3,True
data\raw\nasa_power\daily_weather\ZMB-D-0801\ZMB-D-0801__1999-04-14_2026-01-30.json,60beddaa72fa1ab938ce168976325caf0abb5d0613a65ac8201481d350930e5b,60beddaa72fa1ab938ce168976325caf0abb5d0613a65ac8201481d350930e5b,True
data\raw\nasa_power\daily_weather\ZMB-D-0802\ZMB-D-0802__1999-04-14_2026-01-30.json,6c724cf586bd0d14759c5d850c3401414df6c1a772157c922f03e7ed11b75ddb,6c724cf586bd0d14759c5d850c3401414df6c1a772157c922f03e7ed11b75ddb,True
data\raw\nasa_power\daily_weather\ZMB-D-0803\ZMB-D-0803__1999-04-14_2026-01-30.json,95fff854dfe394b75a3d36bae19adc974aba1df46df4599a2562cf6dff5f6bdc,95fff854dfe394b75a3d36bae19adc974aba1df46df4599a2562cf6dff5f6bdc,True
data\raw\nasa_power\daily_weather\ZMB-D-0804\ZMB-D-0804__1999-04-14_2026-01-30.json,1a49d41ba172cb6e54545a26925ded771d101d07401c857d6a382b3d7d69acfe,1a49d41ba172cb6e54545a26925ded771d101d07401c857d6a382b3d7d69acfe,True
data\raw\nasa_power\daily_weather\ZMB-D-0805\ZMB-D-0805__1999-04-14_2026-01-30.json,fb5d983218fb035dfac6609dff31616d4d7a18ce98d44b8fcaef5bc4106b1fba,fb5d983218fb035dfac6609dff31616d4d7a18ce98d44b8fcaef5bc4106b1fba,True
data\raw\nasa_power\daily_weather\ZMB-D-0806\ZMB-D-0806__1999-04-14_2026-01-30.json,9b92db82122d468fe8c50d6757632f3fc22c747d89865fd057f0924b792d35ea,9b92db82122d468fe8c50d6757632f3fc22c747d89865fd057f0924b792d35ea,True
data\raw\nasa_power\daily_weather\ZMB-D-0807\ZMB-D-0807__1999-04-14_2026-01-30.json,76bcdd52859d2f8e928b6138626f6710ac56a6b484c74a5cf6dadd80cd23903e,76bcdd52859d2f8e928b6138626f6710ac56a6b484c74a5cf6dadd80cd23903e,True
data\raw\nasa_power\daily_weather\ZMB-D-0808\ZMB-D-0808__1999-04-14_2026-01-30.json,09b3c240387b50dad537f0dc11c13507472521765aa10d954abc1aa32533b35f,09b3c240387b50dad537f0dc11c13507472521765aa10d954abc1aa32533b35f,True
data\raw\nasa_power\daily_weather\ZMB-D-0809\ZMB-D-0809__1999-04-14_2026-01-30.json,f1859f447a37c70f262a88a9c32e6d3279c99437f6dd4da05a2d92d938bad45b,f1859f447a37c70f262a88a9c32e6d3279c99437f6dd4da05a2d92d938bad45b,True
data\raw\nasa_power\daily_weather\ZMB-D-0901\ZMB-D-0901__1999-04-14_2026-01-30.json,934ef2e216a3f41e385b06e1a7601a9a6ebb1fe1fdfdda8d9bbd4fdee93d526e,934ef2e216a3f41e385b06e1a7601a9a6ebb1fe1fdfdda8d9bbd4fdee93d526e,True
data\raw\nasa_power\daily_weather\ZMB-D-0902\ZMB-D-0902__1999-04-14_2026-01-30.json,750b10b36cf8179e509f1c7cb173751572b034be4018a1ec2628a84258de63ae,750b10b36cf8179e509f1c7cb173751572b034be4018a1ec2628a84258de63ae,True
data\raw\nasa_power\daily_weather\ZMB-D-0903\ZMB-D-0903__1999-04-14_2026-01-30.json,7f03fccb9632897c987882bcac3a981d66c43bd3ddeb4eb37d7eb259d889c57f,7f03fccb9632897c987882bcac3a981d66c43bd3ddeb4eb37d7eb259d889c57f,True
data\raw\nasa_power\daily_weather\ZMB-D-0904\ZMB-D-0904__1999-04-14_2026-01-30.json,cc6ca682a77d6870d4c76bc784d9657ce12d0f00f65891c1c8b553a18e16475f,cc6ca682a77d6870d4c76bc784d9657ce12d0f00f65891c1c8b553a18e16475f,True
data\raw\nasa_power\daily_weather\ZMB-D-0905\ZMB-D-0905__1999-04-14_2026-01-30.json,b01dd6ec8e158e3e5a2456f34ca51ec45cdbb0dc42bba2714d7401c5e51df770,b01dd6ec8e158e3e5a2456f34ca51ec45cdbb0dc42bba2714d7401c5e51df770,True
data\raw\nasa_power\daily_weather\ZMB-D-0906\ZMB-D-0906__1999-04-14_2026-01-30.json,35fe4b9872f88928848069d5e60cad81f5b13a8493e128bf8cb4a922f456fe03,35fe4b9872f88928848069d5e60cad81f5b13a8493e128bf8cb4a922f456fe03,True
data\raw\nasa_power\daily_weather\ZMB-D-0907\ZMB-D-0907__1999-04-14_2026-01-30.json,aee6f823aa7216bdcf89a0ad2ad959b713f275ca56b432bd61f5896e687a4005,aee6f823aa7216bdcf89a0ad2ad959b713f275ca56b432bd61f5896e687a4005,True
data\raw\nasa_power\daily_weather\ZMB-D-0908\ZMB-D-0908__1999-04-14_2026-01-30.json,2a72d8abd0910351a684507231e8c1b79f261f174b9132b29ec63a75641610e9,2a72d8abd0910351a684507231e8c1b79f261f174b9132b29ec63a75641610e9,True
data\raw\nasa_power\daily_weather\ZMB-D-0909\ZMB-D-0909__1999-04-14_2026-01-30.json,4c453925b4ea1f2f236e8a083b365f58a8751db1cc25c9dc4ad260df25bbd48a,4c453925b4ea1f2f236e8a083b365f58a8751db1cc25c9dc4ad260df25bbd48a,True
data\raw\nasa_power\daily_weather\ZMB-D-0910\ZMB-D-0910__1999-04-14_2026-01-30.json,d47be5b78d4e4d607603ee7b73ce0c837e5011cbb94ae59df02a5a41e497d984,d47be5b78d4e4d607603ee7b73ce0c837e5011cbb94ae59df02a5a41e497d984,True
data\raw\nasa_power\daily_weather\ZMB-D-0911\ZMB-D-0911__1999-04-14_2026-01-30.json,b04a5c76f912563765a68461025f1a37c3f7bc2bd0b27f1841ce61b64e1cce2b,b04a5c76f912563765a68461025f1a37c3f7bc2bd0b27f1841ce61b64e1cce2b,True
data\raw\nasa_power\daily_weather\ZMB-D-0912\ZMB-D-0912__1999-04-14_2026-01-30.json,db6ca806b05292e8bf8fa4f4e40a61482c572e6c1f5e464430e062b111f8aa64,db6ca806b05292e8bf8fa4f4e40a61482c572e6c1f5e464430e062b111f8aa64,True
data\raw\nasa_power\daily_weather\ZMB-D-1001\ZMB-D-1001__1999-04-14_2026-01-30.json,6732cdf300e3fe01b8c8a345a9231324a1119e9579bc52e379b871975d3c1cd5,6732cdf300e3fe01b8c8a345a9231324a1119e9579bc52e379b871975d3c1cd5,True
data\raw\nasa_power\daily_weather\ZMB-D-1002\ZMB-D-1002__1999-04-14_2026-01-30.json,8a11b653134a538215ae94c6c3f718a795c0fb33f4621005d112110c65a99b75,8a11b653134a538215ae94c6c3f718a795c0fb33f4621005d112110c65a99b75,True
data\raw\nasa_power\daily_weather\ZMB-D-1003\ZMB-D-1003__1999-04-14_2026-01-30.json,61c6c98b89cd64b88d8aacb2504ddef2012b4dd918d000339c674a1906037e1d,61c6c98b89cd64b88d8aacb2504ddef2012b4dd918d000339c674a1906037e1d,True
data\raw\nasa_power\daily_weather\ZMB-D-1004\ZMB-D-1004__1999-04-14_2026-01-30.json,1740c4f46c83d2d7347b8047de21703ad3e9d1ef33a3df88e1cc417d0f38bd6d,1740c4f46c83d2d7347b8047de21703ad3e9d1ef33a3df88e1cc417d0f38bd6d,True
data\raw\nasa_power\daily_weather\ZMB-D-1005\ZMB-D-1005__1999-04-14_2026-01-30.json,a743ae6e0ff9ac8a0e7122c6bd568aeaf6841e5c61ade8c9fc2ea0cb726a25f9,a743ae6e0ff9ac8a0e7122c6bd568aeaf6841e5c61ade8c9fc2ea0cb726a25f9,True
data\raw\nasa_power\daily_weather\ZMB-D-1006\ZMB-D-1006__1999-04-14_2026-01-30.json,c9717da0cd7f9870c9b8a25f19a047a6bc958aaf7bcaaf3e1bb47ed6e7f92727,c9717da0cd7f9870c9b8a25f19a047a6bc958aaf7bcaaf3e1bb47ed6e7f92727,True
data\raw\nasa_power\daily_weather\ZMB-D-1007\ZMB-D-1007__1999-04-14_2026-01-30.json,330746b59eb627b0abc05daaca7bdedd694539c85ad29e4cd3d6e19983cbbae4,330746b59eb627b0abc05daaca7bdedd694539c85ad29e4cd3d6e19983cbbae4,True
data\raw\nasa_power\daily_weather\ZMB-D-1008\ZMB-D-1008__1999-04-14_2026-01-30.json,9f7609d587098a34c9e12648b1f82ff53d1a59df1ba0cf8ec4b9f28168e804cc,9f7609d587098a34c9e12648b1f82ff53d1a59df1ba0cf8ec4b9f28168e804cc,True
data\raw\nasa_power\daily_weather\ZMB-D-1009\ZMB-D-1009__1999-04-14_2026-01-30.json,90d54b82d666fc601252f945364ce5cdcb38c43dfbea9cffe2b355ccf191bb41,90d54b82d666fc601252f945364ce5cdcb38c43dfbea9cffe2b355ccf191bb41,True
data\raw\nasa_power\daily_weather\ZMB-D-1010\ZMB-D-1010__1999-04-14_2026-01-30.json,43af6c3821ed6ae178d76e28e1c6e03efd9e8c0c9fe5ca0d8454957d1882fd7a,43af6c3821ed6ae178d76e28e1c6e03efd9e8c0c9fe5ca0d8454957d1882fd7a,True
data\raw\nasa_power\daily_weather\ZMB-D-1011\ZMB-D-1011__1999-04-14_2026-01-30.json,db224945c2d3f5afd29eeb0fda315207b466b83b4418ce053562fba93075d4a2,db224945c2d3f5afd29eeb0fda315207b466b83b4418ce053562fba93075d4a2,True
data\raw\nasa_power\daily_weather\ZMB-D-1012\ZMB-D-1012__1999-04-14_2026-01-30.json,15caadaf7ab692b028bac05480ae11f9c880afa89ab30ef3bdee7285e5fe442b,15caadaf7ab692b028bac05480ae11f9c880afa89ab30ef3bdee7285e5fe442b,True
data\raw\nasa_power\daily_weather\ZMB-D-1013\ZMB-D-1013__1999-04-14_2026-01-30.json,3f2f55a91a70c2e0e3beb05d221604591abdc07d6750188ebee908873b8ca8bc,3f2f55a91a70c2e0e3beb05d221604591abdc07d6750188ebee908873b8ca8bc,True
data\raw\nasa_power\daily_weather\ZMB-D-1014\ZMB-D-1014__1999-04-14_2026-01-30.json,aeb36f7247cab48227421f050fb099ff27efd397deaa5f543bfca976f47ba04c,aeb36f7247cab48227421f050fb099ff27efd397deaa5f543bfca976f47ba04c,True
data\raw\nasa_power\daily_weather\ZMB-D-1015\ZMB-D-1015__1999-04-14_2026-01-30.json,50ba09e4530f807a81a0cadfbde1d94b8d11c1d5d0d106d1812162bc1316d5f6,50ba09e4530f807a81a0cadfbde1d94b8d11c1d5d0d106d1812162bc1316d5f6,True
data\raw\chirps\daily_rainfall\chirps-v3.0.rnl.zambia.1999.nc,2adc55624ba1dced4bf8f77a53e770923609448d7e1a2a638ba71543404c4b99,,
data\raw\chirps\daily_rainfall\chirps-v3.0.rnl.zambia.2000.nc,0224e4583ae1e7a383dabe6a27404d54045b0a350ba8c3481c324edca70f4b5b,,
data\raw\chirps\daily_rainfall\chirps-v3.0.rnl.zambia.2001.nc,06796d3d8dd9482f9508160e0cd70bff7ee2a570e32e8541484b939016e03e31,,
data\raw\chirps\daily_rainfall\chirps-v3.0.rnl.zambia.2002.nc,7045cfbf52121aa3edd54364d7ed1970f4406d1b0132dee19f34a2642d20fe73,,
data\raw\chirps\daily_rainfall\chirps-v3.0.rnl.zambia.2003.nc,ce476e8a149808b75ccc0749edb97e7bdf9c49d7d3c9a33a0d5e02d6198d1b3d,,
data\raw\chirps\daily_rainfall\chirps-v3.0.rnl.zambia.2004.nc,bb433da90ce6665a2bed9c66bb582c903a0112ba9b35d2b0e8f5c8c50f74431d,,
data\raw\chirps\daily_rainfall\chirps-v3.0.rnl.zambia.2005.nc,17ce23af33a777ae21a8c25712fc3b3a77078b0e72fb5ec2d8551e7637bd392c,,
data\raw\chirps\daily_rainfall\chirps-v3.0.rnl.zambia.2006.nc,73a9a32a67753ea07e02d3d82af9edd6b39446c0b5710968533fb9970f90ad13,,
data\raw\chirps\daily_rainfall\chirps-v3.0.rnl.zambia.2007.nc,4c332ff365a2b4bb5558635013e83d412e81859593a62c579a480dc715c928e8,,
data\raw\chirps\daily_rainfall\chirps-v3.0.rnl.zambia.2008.nc,c005afe7dd4d1764874272ce9a33b3739e9afc814b377fc592ec36f41d5db09a,,
data\raw\chirps\daily_rainfall\chirps-v3.0.rnl.zambia.2009.nc,88785dab5b34ea7b3cfe7d9583ec335741a8c1f5b6bdb6d35ab95a8f2fdaa17e,,
data\raw\chirps\daily_rainfall\chirps-v3.0.rnl.zambia.2010.nc,7da30793e432675c19199015df8fb6e620e3b3eba0bc3da7d7ffcbe0e6181bf3,,
data\raw\chirps\daily_rainfall\chirps-v3.0.rnl.zambia.2011.nc,2195c26764c9c17169f7e55ee992f692bd5cd64dce4f9d27fe3efab0e13f7e28,,
data\raw\chirps\daily_rainfall\chirps-v3.0.rnl.zambia.2012.nc,ed713067b42eebdeb34929af8f1dcf907f9d1772e1ad6938fb64c494ecf52394,,
data\raw\chirps\daily_rainfall\chirps-v3.0.rnl.zambia.2013.nc,f1565459a8864c431979e1cd356db221222aa92f3871e4027617e9f151ae63e2,,
data\raw\chirps\daily_rainfall\chirps-v3.0.rnl.zambia.2014.nc,f37a7896c211505442ec39591cb100ced762756a4217f4efce225ea4fda3b44c,,
data\raw\chirps\daily_rainfall\chirps-v3.0.rnl.zambia.2015.nc,290b1cd1769d358712e466fc5d5f1adf518e6abd1556682c1387912b1a7f92df,,
data\raw\chirps\daily_rainfall\chirps-v3.0.rnl.zambia.2016.nc,596a39c517e37a30157d7f42270c793a4c91dd5b36c5a2d788f55828563640b8,,
data\raw\chirps\daily_rainfall\chirps-v3.0.rnl.zambia.2017.nc,8b39e706056278506baad9247f3f1fd6914d5993226b0b1abf850d1e35b63a27,,
data\raw\chirps\daily_rainfall\chirps-v3.0.rnl.zambia.2018.nc,54ebca15b07da9300aae54e5866f00c35cd857772ac497ba23fedb084ad2ed8a,,
data\raw\chirps\daily_rainfall\chirps-v3.0.rnl.zambia.2019.nc,c6b7bc959e5fd29aa07fe00b9cc78600dd4fd466e45421b1e8ea2cb066339458,,
data\raw\chirps\daily_rainfall\chirps-v3.0.rnl.zambia.2020.nc,4fe2d117cae1f7a27c31327ae7fdfc15807cb73705aa14d4199c9c2939df1296,,
data\raw\chirps\daily_rainfall\chirps-v3.0.rnl.zambia.2021.nc,59e1072620d538a68048bc392c81c819bc71739e1693ad7372fdb03b55f4bbbf,,
data\raw\chirps\daily_rainfall\chirps-v3.0.rnl.zambia.2022.nc,162bd4b1846c1769bf2446e39823286620d94470422789529f3ac536e3b7b62a,,
data\raw\chirps\daily_rainfall\chirps-v3.0.rnl.zambia.2023.nc,ddfed03ee1da5f22e49fd20a834eb7f6221328a141ef6508e7f3b01fe2da21df,,
data\raw\chirps\daily_rainfall\chirps-v3.0.rnl.zambia.2024.nc,9c94b110dcc73b7cdc318312977e1062794c49edd289b78e6af1ce74c4f6cb66,,
data\raw\chirps\daily_rainfall\chirps-v3.0.rnl.zambia.2025.nc,32302890789ecb8bc464b18a0b9dd3bfcb0479d75c32a8aed81f96315331466b,,
data\raw\chirps\daily_rainfall\chirps-v3.0.rnl.zambia.2026.nc,7d061233f1e0feef383a4ad807c5810d76afe845fcab6dae28b32477fb7a4987,,
