dataset,location_id,variable,flag,n_days
Soil wetness,ZMB-D-0101,GWETTOP,constant_run_ge_10,696
Soil wetness,ZMB-D-0102,GWETTOP,constant_run_ge_10,748
Soil wetness,ZMB-D-0103,GWETTOP,constant_run_ge_10,471
Soil wetness,ZMB-D-0104,GWETTOP,constant_run_ge_10,1123
Soil wetness,ZMB-D-0105,GWETTOP,constant_run_ge_10,725
Soil wetness,ZMB-D-0106,GWETTOP,constant_run_ge_10,1357
Soil wetness,ZMB-D-0107,GWETTOP,constant_run_ge_10,351
Soil wetness,ZMB-D-0108,GWETTOP,constant_run_ge_10,266
Soil wetness,ZMB-D-0109,GWETTOP,constant_run_ge_10,694
Soil wetness,ZMB-D-0110,GWETTOP,constant_run_ge_10,510
Soil wetness,ZMB-D-0111,GWETTOP,constant_run_ge_10,351
Soil wetness,ZMB-D-0201,GWETTOP,constant_run_ge_10,716
Soil wetness,ZMB-D-0202,GWETTOP,constant_run_ge_10,426
Soil wetness,ZMB-D-0203,GWETTOP,constant_run_ge_10,336
Soil wetness,ZMB-D-0204,GWETTOP,constant_run_ge_10,336
Soil wetness,ZMB-D-0205,GWETTOP,constant_run_ge_10,563
Soil wetness,ZMB-D-0206,GWETTOP,constant_run_ge_10,333
Soil wetness,ZMB-D-0207,GWETTOP,constant_run_ge_10,336
Soil wetness,ZMB-D-0208,GWETTOP,constant_run_ge_10,494
Soil wetness,ZMB-D-0209,GWETTOP,constant_run_ge_10,426
Soil wetness,ZMB-D-0210,GWETTOP,constant_run_ge_10,548
Soil wetness,ZMB-D-0301,GWETTOP,constant_run_ge_10,387
Soil wetness,ZMB-D-0302,GWETTOP,constant_run_ge_10,2121
Soil wetness,ZMB-D-0303,GWETTOP,constant_run_ge_10,349
Soil wetness,ZMB-D-0304,GWETTOP,constant_run_ge_10,535
Soil wetness,ZMB-D-0305,GWETTOP,constant_run_ge_10,538
Soil wetness,ZMB-D-0306,GWETTOP,constant_run_ge_10,513
Soil wetness,ZMB-D-0307,GWETTOP,constant_run_ge_10,1270
Soil wetness,ZMB-D-0308,GWETTOP,constant_run_ge_10,349
Soil wetness,ZMB-D-0309,GWETTOP,constant_run_ge_10,517
Soil wetness,ZMB-D-0401,GWETTOP,constant_run_ge_10,606
Soil wetness,ZMB-D-0402,GWETTOP,constant_run_ge_10,537
Soil wetness,ZMB-D-0403,GWETTOP,constant_run_ge_10,609
Soil wetness,ZMB-D-0404,GWETTOP,constant_run_ge_10,731
Soil wetness,ZMB-D-0405,GWETTOP,constant_run_ge_10,373
Soil wetness,ZMB-D-0406,GWETTOP,constant_run_ge_10,218
Soil wetness,ZMB-D-0407,GWETTOP,constant_run_ge_10,483
Soil wetness,ZMB-D-0408,GWETTOP,constant_run_ge_10,586
Soil wetness,ZMB-D-0409,GWETTOP,constant_run_ge_10,786
Soil wetness,ZMB-D-0410,GWETTOP,constant_run_ge_10,233
Soil wetness,ZMB-D-0411,GWETTOP,constant_run_ge_10,127
Soil wetness,ZMB-D-0501,GWETTOP,constant_run_ge_10,2073
Soil wetness,ZMB-D-0502,GWETTOP,constant_run_ge_10,1840
Soil wetness,ZMB-D-0503,GWETTOP,constant_run_ge_10,1529
Soil wetness,ZMB-D-0504,GWETTOP,constant_run_ge_10,1582
Soil wetness,ZMB-D-0505,GWETTOP,constant_run_ge_10,2644
Soil wetness,ZMB-D-0506,GWETTOP,constant_run_ge_10,1840
Soil wetness,ZMB-D-0507,GWETTOP,constant_run_ge_10,2073
Soil wetness,ZMB-D-0508,GWETTOP,constant_run_ge_10,2382
Soil wetness,ZMB-D-0601,GWETTOP,constant_run_ge_10,201
Soil wetness,ZMB-D-0602,GWETTOP,constant_run_ge_10,614
Soil wetness,ZMB-D-0603,GWETTOP,constant_run_ge_10,375
Soil wetness,ZMB-D-0604,GWETTOP,constant_run_ge_10,277
Soil wetness,ZMB-D-0605,GWETTOP,constant_run_ge_10,223
Soil wetness,ZMB-D-0606,GWETTOP,constant_run_ge_10,518
Soil wetness,ZMB-D-0607,GWETTOP,constant_run_ge_10,648
Soil wetness,ZMB-D-0701,GWETTOP,constant_run_ge_10,1756
Soil wetness,ZMB-D-0702,GWETTOP,constant_run_ge_10,1730
Soil wetness,ZMB-D-0703,GWETTOP,constant_run_ge_10,1374
Soil wetness,ZMB-D-0704,GWETTOP,constant_run_ge_10,492
Soil wetness,ZMB-D-0705,GWETTOP,constant_run_ge_10,239
Soil wetness,ZMB-D-0706,GWETTOP,constant_run_ge_10,192
Soil wetness,ZMB-D-0707,GWETTOP,constant_run_ge_10,125
Soil wetness,ZMB-D-0708,GWETTOP,constant_run_ge_10,1394
Soil wetness,ZMB-D-0709,GWETTOP,constant_run_ge_10,1079
Soil wetness,ZMB-D-0801,GWETTOP,constant_run_ge_10,863
Soil wetness,ZMB-D-0802,GWETTOP,constant_run_ge_10,1109
Soil wetness,ZMB-D-0803,GWETTOP,constant_run_ge_10,583
Soil wetness,ZMB-D-0804,GWETTOP,constant_run_ge_10,623
Soil wetness,ZMB-D-0805,GWETTOP,constant_run_ge_10,562
Soil wetness,ZMB-D-0806,GWETTOP,constant_run_ge_10,180
Soil wetness,ZMB-D-0807,GWETTOP,constant_run_ge_10,503
Soil wetness,ZMB-D-0808,GWETTOP,constant_run_ge_10,458
Soil wetness,ZMB-D-0809,GWETTOP,constant_run_ge_10,483
Soil wetness,ZMB-D-0901,GWETTOP,constant_run_ge_10,1376
Soil wetness,ZMB-D-0902,GWETTOP,constant_run_ge_10,1970
Soil wetness,ZMB-D-0903,GWETTOP,constant_run_ge_10,1826
Soil wetness,ZMB-D-0904,GWETTOP,constant_run_ge_10,581
Soil wetness,ZMB-D-0905,GWETTOP,constant_run_ge_10,401
Soil wetness,ZMB-D-0906,GWETTOP,constant_run_ge_10,1704
Soil wetness,ZMB-D-0907,GWETTOP,constant_run_ge_10,2821
Soil wetness,ZMB-D-0908,GWETTOP,constant_run_ge_10,1650
Soil wetness,ZMB-D-0909,GWETTOP,constant_run_ge_10,693
Soil wetness,ZMB-D-0910,GWETTOP,constant_run_ge_10,1650
Soil wetness,ZMB-D-0911,GWETTOP,constant_run_ge_10,553
Soil wetness,ZMB-D-0912,GWETTOP,constant_run_ge_10,1484
Soil wetness,ZMB-D-1001,GWETTOP,constant_run_ge_10,1735
Soil wetness,ZMB-D-1002,GWETTOP,constant_run_ge_10,1535
Soil wetness,ZMB-D-1003,GWETTOP,constant_run_ge_10,1464
Soil wetness,ZMB-D-1004,GWETTOP,constant_run_ge_10,1323
Soil wetness,ZMB-D-1005,GWETTOP,constant_run_ge_10,1061
Soil wetness,ZMB-D-1006,GWETTOP,constant_run_ge_10,2489
Soil wetness,ZMB-D-1007,GWETTOP,constant_run_ge_10,1753
Soil wetness,ZMB-D-1008,GWETTOP,constant_run_ge_10,1527
Soil wetness,ZMB-D-1009,GWETTOP,constant_run_ge_10,1588
Soil wetness,ZMB-D-1010,GWETTOP,constant_run_ge_10,1602
Soil wetness,ZMB-D-1011,GWETTOP,constant_run_ge_10,1881
Soil wetness,ZMB-D-1012,GWETTOP,constant_run_ge_10,1056
Soil wetness,ZMB-D-1013,GWETTOP,constant_run_ge_10,1183
Soil wetness,ZMB-D-1014,GWETTOP,constant_run_ge_10,1285
Soil wetness,ZMB-D-1015,GWETTOP,constant_run_ge_10,1631
Soil wetness,ZMB-D-0101,GWETROOT,constant_run_ge_10,5099
Soil wetness,ZMB-D-0102,GWETROOT,constant_run_ge_10,4265
Soil wetness,ZMB-D-0103,GWETROOT,constant_run_ge_10,4790
Soil wetness,ZMB-D-0104,GWETROOT,constant_run_ge_10,4834
Soil wetness,ZMB-D-0105,GWETROOT,constant_run_ge_10,4638
Soil wetness,ZMB-D-0106,GWETROOT,constant_run_ge_10,4074
Soil wetness,ZMB-D-0107,GWETROOT,constant_run_ge_10,2396
Soil wetness,ZMB-D-0108,GWETROOT,constant_run_ge_10,3541
Soil wetness,ZMB-D-0109,GWETROOT,constant_run_ge_10,3976
Soil wetness,ZMB-D-0110,GWETROOT,constant_run_ge_10,3887
Soil wetness,ZMB-D-0111,GWETROOT,constant_run_ge_10,2396
Soil wetness,ZMB-D-0201,GWETROOT,constant_run_ge_10,4268
Soil wetness,ZMB-D-0202,GWETROOT,constant_run_ge_10,4201
Soil wetness,ZMB-D-0203,GWETROOT,constant_run_ge_10,3566
Soil wetness,ZMB-D-0204,GWETROOT,constant_run_ge_10,3566
Soil wetness,ZMB-D-0205,GWETROOT,constant_run_ge_10,4170
Soil wetness,ZMB-D-0206,GWETROOT,constant_run_ge_10,3447
Soil wetness,ZMB-D-0207,GWETROOT,constant_run_ge_10,3566
Soil wetness,ZMB-D-0208,GWETROOT,constant_run_ge_10,3967
Soil wetness,ZMB-D-0209,GWETROOT,constant_run_ge_10,4201
Soil wetness,ZMB-D-0210,GWETROOT,constant_run_ge_10,4268
Soil wetness,ZMB-D-0301,GWETROOT,constant_run_ge_10,4153
Soil wetness,ZMB-D-0302,GWETROOT,constant_run_ge_10,4726
Soil wetness,ZMB-D-0303,GWETROOT,constant_run_ge_10,4537
Soil wetness,ZMB-D-0304,GWETROOT,constant_run_ge_10,4630
Soil wetness,ZMB-D-0305,GWETROOT,constant_run_ge_10,4170
Soil wetness,ZMB-D-0306,GWETROOT,constant_run_ge_10,4544
Soil wetness,ZMB-D-0307,GWETROOT,constant_run_ge_10,4163
Soil wetness,ZMB-D-0308,GWETROOT,constant_run_ge_10,4537
Soil wetness,ZMB-D-0309,GWETROOT,constant_run_ge_10,4027
Soil wetness,ZMB-D-0401,GWETROOT,constant_run_ge_10,3171
Soil wetness,ZMB-D-0402,GWETROOT,constant_run_ge_10,3419
Soil wetness,ZMB-D-0403,GWETROOT,constant_run_ge_10,3495
Soil wetness,ZMB-D-0404,GWETROOT,constant_run_ge_10,3051
Soil wetness,ZMB-D-0405,GWETROOT,constant_run_ge_10,2798
Soil wetness,ZMB-D-0406,GWETROOT,constant_run_ge_10,3021
Soil wetness,ZMB-D-0407,GWETROOT,constant_run_ge_10,3556
Soil wetness,ZMB-D-0408,GWETROOT,constant_run_ge_10,3355
Soil wetness,ZMB-D-0409,GWETROOT,constant_run_ge_10,4569
Soil wetness,ZMB-D-0410,GWETROOT,constant_run_ge_10,3283
Soil wetness,ZMB-D-0411,GWETROOT,constant_run_ge_10,2978
Soil wetness,ZMB-D-0501,GWETROOT,constant_run_ge_10,4762
Soil wetness,ZMB-D-0502,GWETROOT,constant_run_ge_10,4361
Soil wetness,ZMB-D-0503,GWETROOT,constant_run_ge_10,4807
Soil wetness,ZMB-D-0504,GWETROOT,constant_run_ge_10,4226
Soil wetness,ZMB-D-0505,GWETROOT,constant_run_ge_10,4948
Soil wetness,ZMB-D-0506,GWETROOT,constant_run_ge_10,4361
Soil wetness,ZMB-D-0507,GWETROOT,constant_run_ge_10,4762
Soil wetness,ZMB-D-0508,GWETROOT,constant_run_ge_10,5121
Soil wetness,ZMB-D-0601,GWETROOT,constant_run_ge_10,1899
Soil wetness,ZMB-D-0602,GWETROOT,constant_run_ge_10,3817
Soil wetness,ZMB-D-0603,GWETROOT,constant_run_ge_10,2419
Soil wetness,ZMB-D-0604,GWETROOT,constant_run_ge_10,2557
Soil wetness,ZMB-D-0605,GWETROOT,constant_run_ge_10,1673
Soil wetness,ZMB-D-0606,GWETROOT,constant_run_ge_10,3270
Soil wetness,ZMB-D-0607,GWETROOT,constant_run_ge_10,3680
Soil wetness,ZMB-D-0701,GWETROOT,constant_run_ge_10,4313
Soil wetness,ZMB-D-0702,GWETROOT,constant_run_ge_10,4529
Soil wetness,ZMB-D-0703,GWETROOT,constant_run_ge_10,3799
Soil wetness,ZMB-D-0704,GWETROOT,constant_run_ge_10,4356
Soil wetness,ZMB-D-0705,GWETROOT,constant_run_ge_10,3378
Soil wetness,ZMB-D-0706,GWETROOT,constant_run_ge_10,2998
Soil wetness,ZMB-D-0707,GWETROOT,constant_run_ge_10,2762
Soil wetness,ZMB-D-0708,GWETROOT,constant_run_ge_10,3872
Soil wetness,ZMB-D-0709,GWETROOT,constant_run_ge_10,3407
Soil wetness,ZMB-D-0801,GWETROOT,constant_run_ge_10,4359
Soil wetness,ZMB-D-0802,GWETROOT,constant_run_ge_10,4622
Soil wetness,ZMB-D-0803,GWETROOT,constant_run_ge_10,3158
Soil wetness,ZMB-D-0804,GWETROOT,constant_run_ge_10,2805
Soil wetness,ZMB-D-0805,GWETROOT,constant_run_ge_10,3100
Soil wetness,ZMB-D-0806,GWETROOT,constant_run_ge_10,1987
Soil wetness,ZMB-D-0807,GWETROOT,constant_run_ge_10,3279
Soil wetness,ZMB-D-0808,GWETROOT,constant_run_ge_10,3450
Soil wetness,ZMB-D-0809,GWETROOT,constant_run_ge_10,3556
Soil wetness,ZMB-D-0901,GWETROOT,constant_run_ge_10,4873
Soil wetness,ZMB-D-0902,GWETROOT,constant_run_ge_10,4412
Soil wetness,ZMB-D-0903,GWETROOT,constant_run_ge_10,4607
Soil wetness,ZMB-D-0904,GWETROOT,constant_run_ge_10,4883
Soil wetness,ZMB-D-0905,GWETROOT,constant_run_ge_10,4376
Soil wetness,ZMB-D-0906,GWETROOT,constant_run_ge_10,5026
Soil wetness,ZMB-D-0907,GWETROOT,constant_run_ge_10,4917
Soil wetness,ZMB-D-0908,GWETROOT,constant_run_ge_10,4932
Soil wetness,ZMB-D-0909,GWETROOT,constant_run_ge_10,4950
Soil wetness,ZMB-D-0910,GWETROOT,constant_run_ge_10,4932
Soil wetness,ZMB-D-0911,GWETROOT,constant_run_ge_10,4212
Soil wetness,ZMB-D-0912,GWETROOT,constant_run_ge_10,4313
Soil wetness,ZMB-D-1001,GWETROOT,constant_run_ge_10,5084
Soil wetness,ZMB-D-1002,GWETROOT,constant_run_ge_10,3831
Soil wetness,ZMB-D-1003,GWETROOT,constant_run_ge_10,3716
Soil wetness,ZMB-D-1004,GWETROOT,constant_run_ge_10,4623
Soil wetness,ZMB-D-1005,GWETROOT,constant_run_ge_10,3887
Soil wetness,ZMB-D-1006,GWETROOT,constant_run_ge_10,4347
Soil wetness,ZMB-D-1007,GWETROOT,constant_run_ge_10,4738
Soil wetness,ZMB-D-1008,GWETROOT,constant_run_ge_10,4610
Soil wetness,ZMB-D-1009,GWETROOT,constant_run_ge_10,4854
Soil wetness,ZMB-D-1010,GWETROOT,constant_run_ge_10,4488
Soil wetness,ZMB-D-1011,GWETROOT,constant_run_ge_10,4882
Soil wetness,ZMB-D-1012,GWETROOT,constant_run_ge_10,3824
Soil wetness,ZMB-D-1013,GWETROOT,constant_run_ge_10,3989
Soil wetness,ZMB-D-1014,GWETROOT,constant_run_ge_10,4563
Soil wetness,ZMB-D-1015,GWETROOT,constant_run_ge_10,4742
Soil wetness,ZMB-D-0101,GWETPROF,constant_run_ge_10,6237
Soil wetness,ZMB-D-0102,GWETPROF,constant_run_ge_10,4451
Soil wetness,ZMB-D-0103,GWETPROF,constant_run_ge_10,6113
Soil wetness,ZMB-D-0104,GWETPROF,constant_run_ge_10,5599
Soil wetness,ZMB-D-0105,GWETPROF,constant_run_ge_10,5662
Soil wetness,ZMB-D-0106,GWETPROF,constant_run_ge_10,4136
Soil wetness,ZMB-D-0107,GWETPROF,constant_run_ge_10,2911
Soil wetness,ZMB-D-0108,GWETPROF,constant_run_ge_10,3641
Soil wetness,ZMB-D-0109,GWETPROF,constant_run_ge_10,4251
Soil wetness,ZMB-D-0110,GWETPROF,constant_run_ge_10,4627
Soil wetness,ZMB-D-0111,GWETPROF,constant_run_ge_10,2911
Soil wetness,ZMB-D-0201,GWETPROF,constant_run_ge_10,5144
Soil wetness,ZMB-D-0202,GWETPROF,constant_run_ge_10,4757
Soil wetness,ZMB-D-0203,GWETPROF,constant_run_ge_10,4127
Soil wetness,ZMB-D-0204,GWETPROF,constant_run_ge_10,4127
Soil wetness,ZMB-D-0205,GWETPROF,constant_run_ge_10,5025
Soil wetness,ZMB-D-0206,GWETPROF,constant_run_ge_10,3997
Soil wetness,ZMB-D-0207,GWETPROF,constant_run_ge_10,4127
Soil wetness,ZMB-D-0208,GWETPROF,constant_run_ge_10,4496
Soil wetness,ZMB-D-0209,GWETPROF,constant_run_ge_10,4757
Soil wetness,ZMB-D-0210,GWETPROF,constant_run_ge_10,4865
Soil wetness,ZMB-D-0301,GWETPROF,constant_run_ge_10,5351
Soil wetness,ZMB-D-0302,GWETPROF,constant_run_ge_10,4950
Soil wetness,ZMB-D-0303,GWETPROF,constant_run_ge_10,5455
Soil wetness,ZMB-D-0304,GWETPROF,constant_run_ge_10,4866
Soil wetness,ZMB-D-0305,GWETPROF,constant_run_ge_10,5176
Soil wetness,ZMB-D-0306,GWETPROF,constant_run_ge_10,4985
Soil wetness,ZMB-D-0307,GWETPROF,constant_run_ge_10,4363
Soil wetness,ZMB-D-0308,GWETPROF,constant_run_ge_10,5455
Soil wetness,ZMB-D-0309,GWETPROF,constant_run_ge_10,4797
Soil wetness,ZMB-D-0401,GWETPROF,constant_run_ge_10,3931
Soil wetness,ZMB-D-0402,GWETPROF,constant_run_ge_10,3973
Soil wetness,ZMB-D-0403,GWETPROF,constant_run_ge_10,3921
Soil wetness,ZMB-D-0404,GWETPROF,constant_run_ge_10,3673
Soil wetness,ZMB-D-0405,GWETPROF,constant_run_ge_10,3717
Soil wetness,ZMB-D-0406,GWETPROF,constant_run_ge_10,3942
Soil wetness,ZMB-D-0407,GWETPROF,constant_run_ge_10,4979
Soil wetness,ZMB-D-0408,GWETPROF,constant_run_ge_10,3901
Soil wetness,ZMB-D-0409,GWETPROF,constant_run_ge_10,5609
Soil wetness,ZMB-D-0410,GWETPROF,constant_run_ge_10,3668
Soil wetness,ZMB-D-0411,GWETPROF,constant_run_ge_10,3455
Soil wetness,ZMB-D-0501,GWETPROF,constant_run_ge_10,4899
Soil wetness,ZMB-D-0502,GWETPROF,constant_run_ge_10,4602
Soil wetness,ZMB-D-0503,GWETPROF,constant_run_ge_10,5216
Soil wetness,ZMB-D-0504,GWETPROF,constant_run_ge_10,4431
Soil wetness,ZMB-D-0505,GWETPROF,constant_run_ge_10,5194
Soil wetness,ZMB-D-0506,GWETPROF,constant_run_ge_10,4602
Soil wetness,ZMB-D-0507,GWETPROF,constant_run_ge_10,4899
Soil wetness,ZMB-D-0508,GWETPROF,constant_run_ge_10,5174
Soil wetness,ZMB-D-0601,GWETPROF,constant_run_ge_10,2147
Soil wetness,ZMB-D-0602,GWETPROF,constant_run_ge_10,4329
Soil wetness,ZMB-D-0603,GWETPROF,constant_run_ge_10,2907
Soil wetness,ZMB-D-0604,GWETPROF,constant_run_ge_10,3672
Soil wetness,ZMB-D-0605,GWETPROF,constant_run_ge_10,2751
Soil wetness,ZMB-D-0606,GWETPROF,constant_run_ge_10,4570
Soil wetness,ZMB-D-0607,GWETPROF,constant_run_ge_10,4707
Soil wetness,ZMB-D-0701,GWETPROF,constant_run_ge_10,4841
Soil wetness,ZMB-D-0702,GWETPROF,constant_run_ge_10,5949
Soil wetness,ZMB-D-0703,GWETPROF,constant_run_ge_10,3885
Soil wetness,ZMB-D-0704,GWETPROF,constant_run_ge_10,4600
Soil wetness,ZMB-D-0705,GWETPROF,constant_run_ge_10,4291
Soil wetness,ZMB-D-0706,GWETPROF,constant_run_ge_10,3264
Soil wetness,ZMB-D-0707,GWETPROF,constant_run_ge_10,3401
Soil wetness,ZMB-D-0708,GWETPROF,constant_run_ge_10,3943
Soil wetness,ZMB-D-0709,GWETPROF,constant_run_ge_10,3618
Soil wetness,ZMB-D-0801,GWETPROF,constant_run_ge_10,5300
Soil wetness,ZMB-D-0802,GWETPROF,constant_run_ge_10,6688
Soil wetness,ZMB-D-0803,GWETPROF,constant_run_ge_10,4217
Soil wetness,ZMB-D-0804,GWETPROF,constant_run_ge_10,3965
Soil wetness,ZMB-D-0805,GWETPROF,constant_run_ge_10,4380
Soil wetness,ZMB-D-0806,GWETPROF,constant_run_ge_10,2669
Soil wetness,ZMB-D-0807,GWETPROF,constant_run_ge_10,4875
Soil wetness,ZMB-D-0808,GWETPROF,constant_run_ge_10,4876
Soil wetness,ZMB-D-0809,GWETPROF,constant_run_ge_10,4979
Soil wetness,ZMB-D-0901,GWETPROF,constant_run_ge_10,5147
Soil wetness,ZMB-D-0902,GWETPROF,constant_run_ge_10,4563
Soil wetness,ZMB-D-0903,GWETPROF,constant_run_ge_10,4994
Soil wetness,ZMB-D-0904,GWETPROF,constant_run_ge_10,6013
Soil wetness,ZMB-D-0905,GWETPROF,constant_run_ge_10,5342
Soil wetness,ZMB-D-0906,GWETPROF,constant_run_ge_10,5356
Soil wetness,ZMB-D-0907,GWETPROF,constant_run_ge_10,5073
Soil wetness,ZMB-D-0908,GWETPROF,constant_run_ge_10,5071
Soil wetness,ZMB-D-0909,GWETPROF,constant_run_ge_10,5800
Soil wetness,ZMB-D-0910,GWETPROF,constant_run_ge_10,5071
Soil wetness,ZMB-D-0911,GWETPROF,constant_run_ge_10,4797
Soil wetness,ZMB-D-0912,GWETPROF,constant_run_ge_10,4460
Soil wetness,ZMB-D-1001,GWETPROF,constant_run_ge_10,5939
Soil wetness,ZMB-D-1002,GWETPROF,constant_run_ge_10,4028
Soil wetness,ZMB-D-1003,GWETPROF,constant_run_ge_10,3733
Soil wetness,ZMB-D-1004,GWETPROF,constant_run_ge_10,5491
Soil wetness,ZMB-D-1005,GWETPROF,constant_run_ge_10,4072
Soil wetness,ZMB-D-1006,GWETPROF,constant_run_ge_10,4733
Soil wetness,ZMB-D-1007,GWETPROF,constant_run_ge_10,5037
Soil wetness,ZMB-D-1008,GWETPROF,constant_run_ge_10,5040
Soil wetness,ZMB-D-1009,GWETPROF,constant_run_ge_10,5260
Soil wetness,ZMB-D-1010,GWETPROF,constant_run_ge_10,4754
Soil wetness,ZMB-D-1011,GWETPROF,constant_run_ge_10,5778
Soil wetness,ZMB-D-1012,GWETPROF,constant_run_ge_10,4118
Soil wetness,ZMB-D-1013,GWETPROF,constant_run_ge_10,4187
Soil wetness,ZMB-D-1014,GWETPROF,constant_run_ge_10,4996
Soil wetness,ZMB-D-1015,GWETPROF,constant_run_ge_10,5494
