location_id,cells,pct_ever_water,pct_intermittent_water_1_to_74,pct_permanent_water_ge_75,mean_occurrence_pct,source,created_utc
ZMB-D-0901,1146878,0.8848229008362908,0.4333344021866782,0.45148849864961266,0.5594461513361146,JRC Global Surface Water v1.4 occurrence (1984-2021),2026-10-07T20:23:47+00:00
ZMB-D-0902,6898902,24.517581084079136,3.1567063945759672,21.36087468950317,22.06533946849641,JRC Global Surface Water v1.4 occurrence (1984-2021),2026-10-07T20:23:47+00:00
ZMB-D-0903,5226179,23.871773842663277,2.2899607031559035,21.58181313950737,21.891301176354837,JRC Global Surface Water v1.4 occurrence (1984-2021),2026-10-07T20:23:47+00:00
ZMB-D-0904,10963504,0.15678901473699258,0.1340472260846692,0.022741788652323364,0.06445992219485078,JRC Global Surface Water v1.4 occurrence (1984-2021),2026-10-07T20:23:47+00:00
ZMB-D-0905,6989617,0.16825804311766474,0.1324253762081182,0.03583266690954655,0.07666216763866335,JRC Global Surface Water v1.4 occurrence (1984-2021),2026-10-07T20:23:47+00:00
ZMB-D-0906,24840532,0.12545002863911617,0.11037833951801286,0.015071689121103321,0.02388170377921989,JRC Global Surface Water v1.4 occurrence (1984-2021),2026-10-07T20:23:47+00:00
ZMB-D-0907,2775007,20.09169761578213,1.9434969510635283,18.1482006647186,18.339840476498292,JRC Global Surface Water v1.4 occurrence (1984-2021),2026-10-07T20:23:47+00:00
ZMB-D-1001,11209869,0.7643280106808557,0.7539729759653182,0.010355034715537365,0.036688793766055924,JRC Global Surface Water v1.4 occurrence (1984-2021),2026-10-07T20:23:47+00:00
ZMB-D-0908,6626885,3.546018449997699,2.210685596611878,1.3353328533858206,1.4950293844853741,JRC Global Surface Water v1.4 occurrence (1984-2021),2026-10-07T20:23:47+00:00
ZMB-D-0909,7303110,4.343088430743489,3.591168952299686,0.7519194784438025,1.048068622970282,JRC Global Surface Water v1.4 occurrence (1984-2021),2026-10-07T20:23:47+00:00
ZMB-D-0910,5165080,9.859995107125739,9.235697542675716,0.6242975644500216,1.1842871402761819,JRC Global Surface Water v1.4 occurrence (1984-2021),2026-10-07T20:23:47+00:00
ZMB-D-1002,14886365,3.395000849282974,3.0821349206664315,0.31286592861654305,0.609497082446617,JRC Global Surface Water v1.4 occurrence (1984-2021),2026-10-07T20:23:47+00:00
ZMB-D-0501,581299,0.18529283259536194,0.14159647823032978,0.04369635436503216,0.07144259282784615,JRC Global Surface Water v1.4 occurrence (1984-2021),2026-10-07T20:23:47+00:00
ZMB-D-0101,21782020,3.8004017816375546,1.8035391394093108,1.9968626422282445,2.215163814524758,JRC Global Surface Water v1.4 occurrence (1984-2021),2026-10-07T20:23:47+00:00
ZMB-D-0502,6258975,4.285219397215906,2.9376047314174,1.3476146657985062,1.5641367929721284,JRC Global Surface Water v1.4 occurrence (1984-2021),2026-10-07T20:23:47+00:00
ZMB-D-0503,5084891,2.198707857597554,1.6408935369191917,0.5578143206783625,0.8547750840848729,JRC Global Surface Water v1.4 occurrence (1984-2021),2026-10-07T20:23:47+00:00
ZMB-D-0504,12865145,0.1153961618895819,0.10142079363207128,0.013975368257510635,0.032754471634106955,JRC Global Surface Water v1.4 occurrence (1984-2021),2026-10-07T20:23:47+00:00
ZMB-D-1003,8158421,7.479483904090914,7.304919251616708,0.17456465247420574,0.9470436319000106,JRC Global Surface Water v1.4 occurrence (1984-2021),2026-10-07T20:23:47+00:00
ZMB-D-0102,11986845,2.1974113471694756,1.995204798145041,0.20220654902443438,0.3941007318547284,JRC Global Surface Water v1.4 occurrence (1984-2021),2026-10-07T20:23:47+00:00
ZMB-D-0103,2071752,0.3631060522008804,0.29827782232390765,0.06482822987697272,0.15723889799695753,JRC Global Surface Water v1.4 occurrence (1984-2021),2026-10-07T20:23:47+00:00
ZMB-D-0104,26798792,1.674304300086938,1.4371854912780064,0.2371188088089313,0.3258031469820785,JRC Global Surface Water v1.4 occurrence (1984-2021),2026-10-07T20:23:47+00:00
ZMB-D-1004,13224559,8.281935345936603,8.10803973208016,0.17389561385644212,0.7097729316876938,JRC Global Surface Water v1.4 occurrence (1984-2021),2026-10-07T20:23:47+00:00
ZMB-D-1005,12269052,0.33490228387892784,0.33278408720144087,0.0021181966774869764,0.035102731569577966,JRC Global Surface Water v1.4 occurrence (1984-2021),2026-10-07T20:23:47+00:00
ZMB-D-0301,2017270,0.02632661572094993,0.02226054751622891,0.0040660682047210205,0.007451888850910195,JRC Global Surface Water v1.4 occurrence (1984-2021),2026-10-07T20:23:47+00:00
ZMB-D-0302,13720024,0.5702553328631356,0.5393011541450253,0.03095417871811016,0.17527735340021885,JRC Global Surface Water v1.4 occurrence (1984-2021),2026-10-07T20:23:47+00:00
ZMB-D-1006,12514295,1.6594881048087797,1.4423626375519187,0.21712546725686113,0.3247727722220521,JRC Global Surface Water v1.4 occurrence (1984-2021),2026-10-07T20:23:47+00:00
ZMB-D-0303,3276336,0.022555881881406784,0.02099856827585371,0.0015573136055530715,0.005775412243029089,JRC Global Surface Water v1.4 occurrence (1984-2021),2026-10-07T20:23:47+00:00
ZMB-D-0105,9238718,2.8535410409123836,2.600201955837975,0.2533390850744079,0.520030666317301,JRC Global Surface Water v1.4 occurrence (1984-2021),2026-10-07T20:23:47+00:00
ZMB-D-0304,9841675,0.37596611443990674,0.36595559247414866,0.010010521965758115,0.11173351070056924,JRC Global Surface Water v1.4 occurrence (1984-2021),2026-10-07T20:23:47+00:00
ZMB-D-0106,12436942,0.5179466719708229,0.38443173426760807,0.13351493770321493,0.24698457349938613,JRC Global Surface Water v1.4 occurrence (1984-2021),2026-10-07T20:23:47+00:00
ZMB-D-0201,11900463,0.3324402137542357,0.29007454278969863,0.04236567096453709,0.07559312082460413,JRC Global Surface Water v1.4 occurrence (1984-2021),2026-10-07T20:23:47+00:00
ZMB-D-0305,8547603,0.05412534309885893,0.02483975046172181,0.029285592637137113,0.03428490728997584,JRC Global Surface Water v1.4 occurrence (1984-2021),2026-10-07T20:23:47+00:00
ZMB-D-0701,19100610,2.8362155306485337,2.589138027269312,0.24707750337922155,0.3644485108588094,JRC Global Surface Water v1.4 occurrence (1984-2021),2026-10-07T20:23:47+00:00
ZMB-D-0702,6115798,9.131824009320528,8.770934971921418,0.3608890373991087,1.1148927743482264,JRC Global Surface Water v1.4 occurrence (1984-2021),2026-10-07T20:23:47+00:00
ZMB-D-0703,25419827,0.25216995909230916,0.2441206007641325,0.008049358328176657,0.020153112799004204,JRC Global Surface Water v1.4 occurrence (1984-2021),2026-10-07T20:23:47+00:00
ZMB-D-0306,7894574,0.4500402176017654,0.43731161164002963,0.01272860596173572,0.13110144176375596,JRC Global Surface Water v1.4 occurrence (1984-2021),2026-10-07T20:23:47+00:00
ZMB-D-0704,29135517,0.24312388568932547,0.20424897612014647,0.03887490956917896,0.059519105813834385,JRC Global Surface Water v1.4 occurrence (1984-2021),2026-10-07T20:23:47+00:00
ZMB-D-0202,1595132,0.7877101910491656,0.6277300709809511,0.1599801200682146,0.293667842146443,JRC Global Surface Water v1.4 occurrence (1984-2021),2026-10-07T20:23:47+00:00
ZMB-D-0203,1424542,0.44298687985500806,0.3918904613685549,0.051096418486453084,0.10976352177127215,JRC Global Surface Water v1.4 occurrence (1984-2021),2026-10-07T20:23:47+00:00
ZMB-D-0204,993084,1.714956944690345,0.9979071955603186,0.7170497491300264,0.8622095401551145,JRC Global Surface Water v1.4 occurrence (1984-2021),2026-10-07T20:23:47+00:00
ZMB-D-0205,14449462,0.2923233825732003,0.28691045280879585,0.005412929764404451,0.03165991655548693,JRC Global Surface Water v1.4 occurrence (1984-2021),2026-10-07T20:23:47+00:00
ZMB-D-0206,2071208,1.9643790820635962,1.760737021616873,0.20364206044672384,0.45207393328494466,JRC Global Surface Water v1.4 occurrence (1984-2021),2026-10-07T20:23:47+00:00
ZMB-D-0207,1171630,1.2905300894388159,0.9951578602241392,0.2953722292146765,0.5138373075906926,JRC Global Surface Water v1.4 occurrence (1984-2021),2026-10-07T20:23:47+00:00
ZMB-D-0107,16007726,2.0274564027792015,1.69022488766025,0.3372315151189512,0.5855962597581156,JRC Global Surface Water v1.4 occurrence (1984-2021),2026-10-07T20:23:47+00:00
ZMB-D-0307,18139755,0.2738826802749344,0.26875747541965406,0.005125204855280357,0.06041840216598152,JRC Global Surface Water v1.4 occurrence (1984-2021),2026-10-07T20:23:47+00:00
ZMB-D-0705,40498078,0.5185782934497551,0.513303817820984,0.005274475628771104,0.12808788675798266,JRC Global Surface Water v1.4 occurrence (1984-2021),2026-10-07T20:23:47+00:00
ZMB-D-0401,8215541,0.7321397034644723,0.5471440772234313,0.18499562624104118,0.24245617246620857,JRC Global Surface Water v1.4 occurrence (1984-2021),2026-10-07T20:23:47+00:00
ZMB-D-0601,53240244,1.9415331820154829,1.8681524985081281,0.07338068350735463,0.3333717596565513,JRC Global Surface Water v1.4 occurrence (1984-2021),2026-10-07T20:23:47+00:00
ZMB-D-0706,27703079,0.05621646475630072,0.05054295348158282,0.005673511274717905,0.011728584845452899,JRC Global Surface Water v1.4 occurrence (1984-2021),2026-10-07T20:23:47+00:00
ZMB-D-0402,8299027,30.54944405296415,5.125066026581964,25.424378026382193,25.80185131457994,JRC Global Surface Water v1.4 occurrence (1984-2021),2026-10-07T20:23:47+00:00
ZMB-D-0801,6830161,28.799906337219028,17.053138119421334,11.74676821779769,14.445829530389059,JRC Global Surface Water v1.4 occurrence (1984-2021),2026-10-07T20:23:47+00:00
ZMB-D-0403,10015921,0.4310492651933813,0.14682200806540308,0.28422725712797825,0.29150969695346035,JRC Global Surface Water v1.4 occurrence (1984-2021),2026-10-07T20:23:47+00:00
ZMB-D-0602,23375597,0.21713934089346448,0.2164222183680274,0.0007171225254371001,0.0434187722196457,JRC Global Surface Water v1.4 occurrence (1984-2021),2026-10-07T20:23:47+00:00
ZMB-D-0802,11812069,0.6566828289309545,0.579383957272899,0.07729887165805567,0.12177815548860638,JRC Global Surface Water v1.4 occurrence (1984-2021),2026-10-07T20:23:47+00:00
ZMB-D-0404,5544716,0.2629821651794638,0.167451210227425,0.09553095495203884,0.11506015954594383,JRC Global Surface Water v1.4 occurrence (1984-2021),2026-10-07T20:23:47+00:00
ZMB-D-0603,12094145,0.8296196853605865,0.713736146991454,0.11588353836913244,0.20624947337636815,JRC Global Surface Water v1.4 occurrence (1984-2021),2026-10-07T20:23:47+00:00
ZMB-D-0803,14017750,0.5707752181649094,0.5475476261689742,0.02322759199593513,0.07352489363850437,JRC Global Surface Water v1.4 occurrence (1984-2021),2026-10-07T20:23:47+00:00
ZMB-D-0604,6970567,0.7802547553665534,0.7735686865880378,0.006686068778515609,0.15092343745757117,JRC Global Surface Water v1.4 occurrence (1984-2021),2026-10-07T20:23:47+00:00
ZMB-D-0804,12810222,0.6322580231248184,0.6183487752635596,0.013909247861258899,0.06584529009290406,JRC Global Surface Water v1.4 occurrence (1984-2021),2026-10-07T20:23:47+00:00
ZMB-D-0405,10534857,0.06989120903700517,0.06896023007100105,0.0009309789660041196,0.006226044691115519,JRC Global Surface Water v1.4 occurrence (1984-2021),2026-10-07T20:23:47+00:00
ZMB-D-0805,15831711,0.08782246637870358,0.08397966785188565,0.0038427985268179488,0.018907924535296664,JRC Global Surface Water v1.4 occurrence (1984-2021),2026-10-07T20:23:47+00:00
ZMB-D-0605,5723017,0.07848264123950438,0.07808080659777894,0.0004018346417254343,0.005169363527928078,JRC Global Surface Water v1.4 occurrence (1984-2021),2026-10-07T20:23:47+00:00
ZMB-D-0406,5555190,40.16174258181311,3.916316081094241,36.24542650071887,36.43396211502435,JRC Global Surface Water v1.4 occurrence (1984-2021),2026-10-07T20:23:47+00:00
ZMB-D-0806,10057027,0.08876704980782564,0.0784059162696662,0.010361133538159435,0.029196856278139838,JRC Global Surface Water v1.4 occurrence (1984-2021),2026-10-07T20:23:47+00:00
ZMB-D-0807,14580338,14.544774413552298,0.5207947903698099,14.023979623182486,13.908472998779027,JRC Global Surface Water v1.4 occurrence (1984-2021),2026-10-07T20:23:47+00:00
ZMB-D-0808,9738236,15.328271257915185,2.899060677601141,12.429210580314043,12.91539279140089,JRC Global Surface Water v1.4 occurrence (1984-2021),2026-10-07T20:23:47+00:00
ZMB-D-0407,5113630,39.27804635678014,0.14665778456245976,39.13138857221767,38.68058909497208,JRC Global Surface Water v1.4 occurrence (1984-2021),2026-10-07T20:23:47+00:00
ZMB-D-0208,4916891,0.04422847852147748,0.039630895310197554,0.0045975832112799195,0.011475658552744811,JRC Global Surface Water v1.4 occurrence (1984-2021),2026-10-07T20:23:47+00:00
ZMB-D-0209,1057270,0.9387671218981783,0.768836484231992,0.16993063766618632,0.32501200782602385,JRC Global Surface Water v1.4 occurrence (1984-2021),2026-10-07T20:23:47+00:00
ZMB-D-0210,1449929,0.5039970269355657,0.34541770100353064,0.158579325932035,0.23734013433522028,JRC Global Surface Water v1.4 occurrence (1984-2021),2026-10-07T20:23:47+00:00
ZMB-D-0707,2908011,0.010932048617724805,0.010932048617724805,0.0,0.0016929028931337339,JRC Global Surface Water v1.4 occurrence (1984-2021),2026-10-07T20:23:47+00:00
ZMB-D-0606,5385848,0.0023018778178001795,0.0023018778178001795,0.0,0.00010430680114374783,JRC Global Surface Water v1.4 occurrence (1984-2021),2026-10-07T20:23:47+00:00
ZMB-D-0505,2398512,2.4976092981776326,0.9065106611931095,1.591098636984523,1.722130819951668,JRC Global Surface Water v1.4 occurrence (1984-2021),2026-10-07T20:23:47+00:00
ZMB-D-0408,2853789,0.26367366482727805,0.0771518167101926,0.1865218481170855,0.19161026652448301,JRC Global Surface Water v1.4 occurrence (1984-2021),2026-10-07T20:23:47+00:00
ZMB-D-0607,8274929,2.4193304531861406,2.407457205283727,0.01187324790241391,0.2694512440506307,JRC Global Surface Water v1.4 occurrence (1984-2021),2026-10-07T20:23:47+00:00
ZMB-D-0108,11252418,0.3592227399624382,0.33138377502327504,0.027838964939163133,0.11430593688518353,JRC Global Surface Water v1.4 occurrence (1984-2021),2026-10-07T20:23:47+00:00
ZMB-D-0506,3044234,0.5500250938556985,0.49513385204132343,0.05489124181437518,0.20440484653376184,JRC Global Surface Water v1.4 occurrence (1984-2021),2026-10-07T20:23:47+00:00
ZMB-D-0109,7083026,0.716193477074945,0.5283488085107799,0.18784466856416507,0.30982088596921364,JRC Global Surface Water v1.4 occurrence (1984-2021),2026-10-07T20:23:47+00:00
ZMB-D-1007,15048504,0.6168810521941185,0.16653741639630992,0.45034363579780856,0.46296734017677416,JRC Global Surface Water v1.4 occurrence (1984-2021),2026-10-07T20:23:47+00:00
ZMB-D-1008,8774520,1.9525812220821173,1.8862045894431947,0.06637663263892254,0.2001755382111036,JRC Global Surface Water v1.4 occurrence (1984-2021),2026-10-07T20:23:47+00:00
ZMB-D-1009,10791203,1.9164425922230954,1.6879758189764507,0.22846677324664524,0.32648831420093605,JRC Global Surface Water v1.4 occurrence (1984-2021),2026-10-07T20:23:47+00:00
ZMB-D-1010,6242301,14.844693181616812,14.382681118005005,0.46201206361180935,1.864117360154626,JRC Global Surface Water v1.4 occurrence (1984-2021),2026-10-07T20:23:47+00:00
ZMB-D-1011,10288454,1.6521130962288217,1.650723143563925,0.0013899526648967911,0.05687244475268516,JRC Global Surface Water v1.4 occurrence (1984-2021),2026-10-07T20:23:47+00:00
ZMB-D-1012,13715197,0.00894852735689228,0.00887550937356506,7.301798332721974e-05,0.00044825195865454864,JRC Global Surface Water v1.4 occurrence (1984-2021),2026-10-07T20:23:47+00:00
ZMB-D-1013,5106437,0.02493182794210777,0.024833911900446193,9.791604166157172e-05,0.0030762891888786548,JRC Global Surface Water v1.4 occurrence (1984-2021),2026-10-07T20:23:47+00:00
ZMB-D-0809,6664599,18.410112607424796,5.743480107142168,12.66663250028263,14.206117662909856,JRC Global Surface Water v1.4 occurrence (1984-2021),2026-10-07T20:23:47+00:00
ZMB-D-0409,4912024,9.57496874730227,7.282145907970983,2.2928228393312877,3.087913552660296,JRC Global Surface Water v1.4 occurrence (1984-2021),2026-10-07T20:23:47+00:00
ZMB-D-0911,7149730,0.2563535735089717,0.14678920845159996,0.1095643650573717,0.1518490977761649,JRC Global Surface Water v1.4 occurrence (1984-2021),2026-10-07T20:23:47+00:00
ZMB-D-0308,3470168,0.04285152702974751,0.03034503522873202,0.012506491801015492,0.020327741904989323,JRC Global Surface Water v1.4 occurrence (1984-2021),2026-10-07T20:23:47+00:00
ZMB-D-0110,12479022,0.41941213722103216,0.35394321400797435,0.06546892321305785,0.18351406964000633,JRC Global Surface Water v1.4 occurrence (1984-2021),2026-10-07T20:23:47+00:00
ZMB-D-0507,1799729,0.08578477476818085,0.08151015103611511,0.004274623732065718,0.013038895889681415,JRC Global Surface Water v1.4 occurrence (1984-2021),2026-10-07T20:23:47+00:00
ZMB-D-0309,1232369,0.05859589852411601,0.05380777969993687,0.004788118824179127,0.0159239497753709,JRC Global Surface Water v1.4 occurrence (1984-2021),2026-10-07T20:23:47+00:00
ZMB-D-1014,5249289,4.716187327822972,4.5627442587771245,0.15344306904584842,0.4943311002865195,JRC Global Surface Water v1.4 occurrence (1984-2021),2026-10-07T20:23:47+00:00
ZMB-D-1015,8518031,9.587049865500072,9.038094156934303,0.5489557085657693,1.0384108158234782,JRC Global Surface Water v1.4 occurrence (1984-2021),2026-10-07T20:23:47+00:00
ZMB-D-0111,15467057,0.09726118139704615,0.09156219177275848,0.005698989624287661,0.02406263625769716,JRC Global Surface Water v1.4 occurrence (1984-2021),2026-10-07T20:23:47+00:00
ZMB-D-0708,9411252,0.21001171553199233,0.13866400283851546,0.07134771269347685,0.0905416212512061,JRC Global Surface Water v1.4 occurrence (1984-2021),2026-10-07T20:23:47+00:00
ZMB-D-0709,9894223,0.12271200307127905,0.09638195762812107,0.02633004544315798,0.04260509312553334,JRC Global Surface Water v1.4 occurrence (1984-2021),2026-10-07T20:23:47+00:00
ZMB-D-0410,3212722,2.050608975443234,1.0545345893685367,0.9960743860746976,1.1042234294128526,JRC Global Surface Water v1.4 occurrence (1984-2021),2026-10-07T20:23:47+00:00
ZMB-D-0411,1567758,8.905033581710613,5.789884417242903,3.1151491644677107,3.7092135830534194,JRC Global Surface Water v1.4 occurrence (1984-2021),2026-10-07T20:23:47+00:00
ZMB-D-0912,2573229,0.10686713290235607,0.08319154670927262,0.02367558619308344,0.05005682386209205,JRC Global Surface Water v1.4 occurrence (1984-2021),2026-10-07T20:23:47+00:00
ZMB-D-0508,2202441,11.511588378639372,11.039008819152555,0.4725795594868163,1.127608464910391,JRC Global Surface Water v1.4 occurrence (1984-2021),2026-10-07T20:23:47+00:00
