location_id,district,A_centroid_lat,A_centroid_lon,A_upstream_km2,A_on_significant_river,B_zonal_cells,C_main_river_lat,C_main_river_lon,C_upstream_km2,D_nearest_river_lat,D_nearest_river_lon,D_upstream_km2,D_distance_km,D_inside_district,hydrorivers_max_upland_km2,C_vs_hydrorivers_ratio,created_utc
ZMB-D-0901,Livingstone,-17.77499999999999,25.875,29.340272903442383,False,29,-17.924999999999997,25.875,516567.25,-17.875,25.82499999999999,516537.90625,9.37923356574936,True,522064.1,0.9894709289529773,2026-10-07T20:11:41+00:00
ZMB-D-0902,Sinazongwe,-17.424999999999997,27.274999999999977,58.79159164428711,False,175,-17.125,27.674999999999983,595766.1875,-17.52499999999999,27.375,588206.125,14.917583391288524,True,600635.8,0.9918925703396301,2026-10-07T20:11:41+00:00
ZMB-D-0903,Gwembe,-16.674999999999997,27.924999999999983,88.54094696044922,False,131,-16.674999999999997,28.375,615022.6875,-16.825000000000003,27.924999999999983,1180.5875244140625,18.10432945500392,True,616276.5,0.9979655033089855,2026-10-07T20:11:41+00:00
ZMB-D-0904,Kalomo,-16.825000000000003,26.474999999999994,117.98417663574219,False,272,-17.375,26.375,3623.268310546875,-16.974999999999994,26.474999999999994,1002.60693359375,15.556239610068594,True,3378.8,1.0723535901938188,2026-10-07T20:11:41+00:00
ZMB-D-0905,Choma,-16.875,27.024999999999977,29.480867385864258,False,176,-16.224999999999994,26.924999999999983,1949.99560546875,-17.125,27.224999999999994,1502.9273681640625,36.865903621326645,False,2036.4,0.9575700282207572,2026-10-07T20:11:41+00:00
ZMB-D-0906,Kazungula,-17.02499999999999,25.674999999999983,1355.3616943359375,True,619,-17.924999999999997,26.375,525032.4375,-17.02499999999999,25.674999999999983,1355.3616943359375,2.6949335112712554,True,523249.3,1.0034078163124156,2026-10-07T20:11:41+00:00
ZMB-D-0907,Siavonga,-16.375,28.474999999999994,29.555892944335938,False,69,-16.474999999999994,28.82499999999999,673756.0625,-16.27499999999999,28.474999999999994,1183.51953125,10.562349404286719,True,679457.3,0.9916091305516918,2026-10-07T20:11:41+00:00
ZMB-D-1001,Shangombo,-16.474999999999994,22.524999999999977,206.8245391845703,False,280,-16.174999999999997,23.174999999999983,8657.740234375,-16.325000000000003,22.524999999999977,2220.043212890625,18.783746141698966,True,56490.2,0.1532609237420827,2026-10-07T20:11:41+00:00
ZMB-D-0908,Monze,-16.125,27.57499999999999,29.592575073242188,False,162,-15.724999999999994,27.274999999999977,133495.34375,-16.125,27.625,1152.727783203125,5.066156593970175,False,136601.6,0.9772604694966969,2026-10-07T20:11:41+00:00
ZMB-D-0909,Namwala,-15.974999999999994,26.774999999999977,29.614320755004883,False,185,-15.625,27.07499999999999,123528.34375,-15.875,26.625,1391.313720703125,18.21649797923982,True,128097.9,0.9643276255894906,2026-10-07T20:11:41+00:00
ZMB-D-0910,Mazabuka,-15.924999999999997,27.724999999999994,532.8692016601562,False,130,-15.774999999999991,27.924999999999983,149912.578125,-15.924999999999997,27.625,2158.954345703125,12.432896563098913,True,148974.8,1.0062948775564726,2026-10-07T20:11:41+00:00
ZMB-D-1002,Senanga,-16.02499999999999,23.924999999999983,118.44283294677734,False,375,-16.674999999999997,23.625,317294.65625,-16.125,24.07499999999999,3438.2041015625,21.719010246590816,True,326538.4,0.9716917099183434,2026-10-07T20:11:41+00:00
ZMB-D-0501,Lusaka,-15.424999999999997,28.375,29.692346572875977,False,16,-15.424999999999997,28.224999999999994,148.44078063964844,-15.274999999999991,28.57499999999999,1248.534912109375,30.85319959282348,False,148.1,1.0023010171482,2026-10-07T20:11:41+00:00
ZMB-D-0101,Itezhi-tezhi,-15.924999999999997,26.224999999999994,29.621524810791016,False,542,-15.724999999999994,27.224999999999994,123824.9296875,-15.875,26.174999999999983,6974.9248046875,9.097860913362476,True,128272.3,0.9653286772553388,2026-10-07T20:11:41+00:00
ZMB-D-0502,Kafue,-15.724999999999994,28.57499999999999,266.95721435546875,False,153,-15.724999999999994,29.32499999999999,843523.1875,-15.825000000000003,28.474999999999994,153412.015625,14.697616727507057,True,844494.5,0.9988498296910163,2026-10-07T20:11:41+00:00
ZMB-D-0503,Luangwa,-15.375,29.875,118.83186340332031,False,128,-15.625,30.375,853133.25,-15.274999999999991,29.974999999999994,1278.4210205078125,15.021549367741944,True,858398.9,0.9938657307226278,2026-10-07T20:11:41+00:00
ZMB-D-0504,Rufunsa,-15.174999999999997,29.524999999999977,59.46070098876953,False,320,-14.825000000000003,30.174999999999983,44133.39453125,-14.875,29.424999999999983,24799.693359375,33.2670250945521,False,142734.5,0.3091992092398824,2026-10-07T20:11:41+00:00
ZMB-D-1003,Mongu,-15.424999999999997,23.474999999999994,356.481689453125,False,203,-15.424999999999997,23.07499999999999,279901.59375,-15.524999999999991,23.625,5526.89306640625,19.27623480671362,True,280981.1,0.9961580823407696,2026-10-07T20:11:41+00:00
ZMB-D-0102,Chibombo,-14.875,27.774999999999977,29.767688751220703,False,299,-14.375,27.224999999999994,13935.0712890625,-14.724999999999994,27.774999999999977,1161.0867919921875,14.091769282642547,True,50642.6,0.2751650051352518,2026-10-07T20:11:41+00:00
ZMB-D-0103,Kabwe,-14.474999999999994,28.375,29.82079315185547,False,55,-14.325000000000003,28.57499999999999,2030.4036865234375,-14.274999999999991,28.474999999999994,1283.95068359375,24.090020373761927,False,2214.1,0.9170334160712875,2026-10-07T20:11:41+00:00
ZMB-D-0104,Mumbwa,-14.974999999999994,26.474999999999994,29.75419044494629,False,674,-15.724999999999994,27.32499999999999,133525.0,-14.724999999999994,26.474999999999994,1101.8798828125,25.552933839102177,True,136601.6,0.9774775698088455,2026-10-07T20:11:41+00:00
ZMB-D-1004,Kalabo,-14.875,22.774999999999977,89.30977630615234,False,325,-15.174999999999997,22.924999999999983,279515.375,-14.875,22.82499999999999,7102.849609375,6.345500023561661,True,280488.8,0.9965295405734561,2026-10-07T20:11:41+00:00
ZMB-D-1005,Kaoma,-14.524999999999991,24.424999999999983,59.62188720703125,False,309,-14.625,23.674999999999983,18596.099609375,-14.575000000000003,24.32499999999999,6073.630859375,10.620130675030326,True,18126.8,1.025889821114317,2026-10-07T20:11:41+00:00
ZMB-D-0301,Chadiza,-14.125,32.474999999999994,29.8660945892334,False,51,-14.274999999999991,32.32499999999999,1284.743408203125,-14.224999999999994,32.32499999999999,1254.8966064453125,20.016373596173917,True,1000.7,1.283844716901294,2026-10-07T20:11:41+00:00
ZMB-D-0302,Nyimba,-14.375,30.625,29.83384895324707,False,341,-14.974999999999994,30.224999999999994,142148.171875,-14.375,30.524999999999977,92264.8984375,8.465268981992994,True,141784.8,1.0025628408334322,2026-10-07T20:11:41+00:00
ZMB-D-1006,Lukulu,-14.375,23.82499999999999,268.5888977050781,False,311,-14.825000000000003,23.024999999999977,237547.625,-14.424999999999997,23.82499999999999,16926.490234375,6.884919469102562,True,215027.4,1.1047318853318229,2026-10-07T20:11:41+00:00
ZMB-D-0303,Katete,-14.024999999999991,32.07499999999999,89.64918518066406,False,79,-14.325000000000003,32.17499999999998,1671.921875,-14.325000000000003,32.125,1074.645751953125,31.791460034840753,True,1290.7,1.2953605601611529,2026-10-07T20:11:41+00:00
ZMB-D-0105,Ngabwe,-14.075000000000003,27.424999999999983,89.63648986816406,False,229,-14.325000000000003,27.224999999999994,36503.76171875,-14.125,27.424999999999983,34592.2421875,4.942770721818421,True,37134.6,0.9830121158905711,2026-10-07T20:11:41+00:00
ZMB-D-0304,Petauke,-14.075000000000003,31.375,776.2999877929688,False,245,-13.774999999999991,31.07499999999999,84173.0546875,-14.075000000000003,31.274999999999977,1015.228515625,10.83591072267789,True,84564.7,0.9953686903341465,2026-10-07T20:11:41+00:00
ZMB-D-0106,Luano,-14.474999999999994,29.625,119.30931091308594,False,313,-14.625,29.974999999999994,28195.74609375,-14.375,29.375,2749.74951171875,26.433034374322865,True,28418.8,0.9921511849110448,2026-10-07T20:11:41+00:00
ZMB-D-0201,Mpongwe,-13.575000000000003,27.625,22636.181640625,True,300,-13.875,27.424999999999983,24760.087890625,-13.575000000000003,27.625,22636.181640625,3.1518613960154123,True,24862.2,0.9958928771639275,2026-10-07T20:11:41+00:00
ZMB-D-0305,Chipata,-13.524999999999991,32.474999999999994,29.94120979309082,False,214,-13.375,32.224999999999994,1705.703125,-13.575000000000003,32.42499999999998,1256.5118408203125,10.25824148761474,True,1689.1,1.0098295690012433,2026-10-07T20:11:41+00:00
ZMB-D-0701,Zambezi,-13.575000000000003,22.875,59.876285552978516,False,475,-14.125,23.224999999999994,93994.1015625,-13.625,22.82499999999999,2606.087646484375,4.652891613660739,True,93331.4,1.0071005209661485,2026-10-07T20:11:41+00:00
ZMB-D-0702,Chavuma,-13.325000000000003,22.524999999999977,59.93107223510742,False,150,-13.274999999999991,22.924999999999983,82627.109375,-13.125,22.674999999999983,80437.75,24.776041022322836,True,83963.0,0.9840895319962364,2026-10-07T20:11:41+00:00
ZMB-D-0703,Mufumbwe,-13.774999999999991,25.274999999999977,29.910301208496094,False,639,-13.125,24.674999999999983,34603.3515625,-13.724999999999994,25.224999999999994,1586.5687255859375,7.224623797279603,True,92641.4,0.3735193073776951,2026-10-07T20:11:41+00:00
ZMB-D-0306,Mambwe,-13.325000000000003,32.02499999999998,29.96553611755371,False,201,-13.424999999999997,31.57499999999999,76327.078125,-13.325000000000003,32.07499999999999,1885.4842529296875,7.98005256026971,True,76817.4,0.9936170467237893,2026-10-07T20:11:41+00:00
ZMB-D-0704,Kasempa,-13.774999999999991,26.07499999999999,29.910301208496094,False,733,-14.674999999999997,26.274999999999977,81745.015625,-13.875,26.274999999999977,21252.30078125,25.208423385238376,True,81404.6,1.0041817738186785,2026-10-07T20:11:41+00:00
ZMB-D-0202,Kitwe,-12.825000000000003,28.274999999999977,8934.58203125,True,39,-12.974999999999994,28.224999999999994,9925.06640625,-12.825000000000003,28.274999999999977,8934.58203125,3.332550953309804,True,10139.2,0.9788806223617247,2026-10-07T20:11:41+00:00
ZMB-D-0203,Kalulushi,-12.724999999999994,27.924999999999983,150.2105712890625,False,35,-12.575000000000003,28.125,6591.24951171875,-12.674999999999997,28.174999999999983,7102.21044921875,25.908814653323983,False,6938.2,0.9499941644401646,2026-10-07T20:11:41+00:00
ZMB-D-0204,Mufulira,-12.524999999999991,28.274999999999977,150.31893920898438,False,25,-12.674999999999997,28.224999999999994,7582.9990234375,-12.575000000000003,28.174999999999983,6921.92919921875,10.585005470603274,True,7144.5,1.0613757468594722,2026-10-07T20:11:41+00:00
ZMB-D-0205,Lufwanyama,-12.924999999999997,27.524999999999977,30.013111114501953,False,363,-13.524999999999991,27.674999999999983,22126.94921875,-12.924999999999997,27.625,1501.6710205078125,9.519835912032777,True,22222.1,0.9957181912938022,2026-10-07T20:11:41+00:00
ZMB-D-0206,Chingola,-12.474999999999994,27.724999999999994,30.064926147460938,False,53,-12.474999999999994,27.974999999999994,5839.50341796875,-12.424999999999997,27.724999999999994,4967.57470703125,6.8203760570461,False,5909.0,0.9882388590233119,2026-10-07T20:11:41+00:00
ZMB-D-0207,Chililabombwe,-12.375,27.924999999999983,180.51303100585938,False,30,-12.524999999999991,28.07499999999999,6410.8662109375,-12.424999999999997,27.82499999999999,5388.63671875,9.18747912033106,False,6422.6,0.998173046887164,2026-10-07T20:11:41+00:00
ZMB-D-0107,Chitambo,-12.875,30.625,90.04518127441406,False,404,-13.724999999999994,31.07499999999999,83394.984375,-12.674999999999997,30.57499999999999,1170.8997802734375,23.65135415541122,True,83908.9,0.9938753144779636,2026-10-07T20:11:41+00:00
ZMB-D-0307,Lundazi,-12.424999999999997,32.724999999999994,30.070571899414062,False,449,-12.875,32.02499999999998,59729.9453125,-12.274999999999991,32.724999999999994,1353.009521484375,18.337735653321737,True,59898.1,0.9971926540658218,2026-10-07T20:11:41+00:00
ZMB-D-0705,Solwezi,-12.524999999999991,26.274999999999977,30.05925750732422,False,1010,-12.974999999999994,25.024999999999977,21774.548828125,-12.474999999999994,26.32499999999999,2166.56640625,5.705019678328953,True,20617.5,1.056119744300958,2026-10-07T20:11:41+00:00
ZMB-D-0401,Milengi,-11.924999999999997,29.174999999999983,150.59632873535156,False,203,-11.974999999999994,28.774999999999977,121934.0234375,-11.875,29.07499999999999,4130.86669921875,11.72476607262304,True,116008.1,1.0510819799436417,2026-10-07T20:11:41+00:00
ZMB-D-0601,Mpika,-12.174999999999997,31.174999999999983,60.19138717651367,False,1332,-12.125,29.82499999999999,91725.7265625,-12.274999999999991,30.974999999999994,1743.0830078125,26.207050300110314,True,92234.9,0.9944796011325432,2026-10-07T20:11:41+00:00
ZMB-D-0706,Mwinilunga,-12.024999999999991,24.724999999999994,30.114925384521484,False,692,-13.075000000000003,24.674999999999983,22644.310546875,-12.174999999999997,24.774999999999977,1084.36865234375,19.873685374097974,True,22641.2,1.0001373843645653,2026-10-07T20:11:41+00:00
ZMB-D-0402,Samfya,-11.474999999999994,29.625,150.86782836914062,False,212,-12.174999999999997,29.57499999999999,93441.8203125,-11.575000000000003,29.774999999999977,1477.5733642578125,19.517397476239363,True,92817.4,1.0067274057719782,2026-10-07T20:11:41+00:00
ZMB-D-0801,Chilubi,-11.075000000000003,30.274999999999977,151.12249755859375,False,171,-11.424999999999997,30.424999999999983,47023.96484375,-11.125,30.174999999999983,8652.5419921875,11.82758857318103,True,49479.2,0.9503784386924203,2026-10-07T20:11:41+00:00
ZMB-D-0403,Mansa,-11.125,29.024999999999977,60.42398452758789,False,254,-10.974999999999994,28.524999999999977,148556.40625,-11.174999999999997,28.974999999999994,1057.1881103515625,6.348596957209479,True,146990.5,1.0106531119358053,2026-10-07T20:11:41+00:00
ZMB-D-0602,Chama,-11.274999999999991,32.974999999999994,301.8959045410156,False,585,-11.924999999999997,32.42499999999998,31101.03125,-11.274999999999991,32.875,19639.740234375,9.965010481738934,True,34244.1,0.9082157583350124,2026-10-07T20:11:41+00:00
ZMB-D-0802,Luwingu,-10.575000000000003,29.924999999999983,60.53212356567383,False,297,-10.825000000000003,29.875,5023.6220703125,-10.575000000000003,29.82499999999999,1120.5045166015625,12.265504389384121,True,5164.5,0.9727218647134283,2026-10-07T20:11:41+00:00
ZMB-D-0404,Chipili,-10.474999999999994,29.174999999999983,60.546451568603516,False,137,-10.625,28.924999999999983,6087.02099609375,-10.474999999999994,29.024999999999977,3878.397216796875,17.69087559860635,True,6610.3,0.9208388418216646,2026-10-07T20:11:41+00:00
ZMB-D-0603,Shiwang'andu,-11.075000000000003,31.724999999999994,120.86808013916016,False,302,-10.974999999999994,31.125,34127.9453125,-11.174999999999997,31.674999999999983,1207.576171875,12.916706899414308,True,31369.0,1.0879513313302942,2026-10-07T20:11:41+00:00
ZMB-D-0803,Kasama,-10.524999999999991,30.924999999999983,242.18092346191406,False,343,-11.224999999999994,30.724999999999994,44035.40234375,-10.474999999999994,31.024999999999977,7034.0849609375,13.37859749505758,True,43321.8,1.0164721305151216,2026-10-07T20:11:41+00:00
ZMB-D-0604,Isoka,-10.024999999999991,32.92499999999998,303.1694641113281,False,176,-10.375,32.92499999999998,5335.1015625,-10.024999999999991,33.07499999999999,2001.9244384765625,17.563795648449773,True,5243.0,1.0175665768643907,2026-10-07T20:11:41+00:00
ZMB-D-0804,Mungwi,-9.974999999999994,31.724999999999994,1364.07958984375,True,324,-10.524999999999991,31.674999999999983,26235.6328125,-9.974999999999994,31.724999999999994,1364.07958984375,2.4382852049986043,True,26829.0,0.9778833654813821,2026-10-07T20:11:41+00:00
ZMB-D-0405,Kawambwa,-9.774999999999991,29.424999999999983,1455.270263671875,True,262,-9.274999999999991,29.32499999999999,12351.1640625,-9.774999999999991,29.424999999999983,1455.270263671875,2.4504666210126524,True,10757.3,1.1481658094968068,2026-10-07T20:11:41+00:00
ZMB-D-0805,Mporokoso,-9.774999999999991,30.224999999999994,30.337629318237305,False,399,-9.325000000000003,29.375,11622.1826171875,-9.625,30.174999999999983,1001.3006591796875,17.061838466694738,True,12162.0,0.955614423383284,2026-10-07T20:11:41+00:00
ZMB-D-0605,Nakonde,-9.424999999999997,32.57499999999999,30.368173599243164,False,140,-9.674999999999997,32.375,4799.55517578125,-9.474999999999994,32.375,1002.5185546875,24.775676797259308,True,4732.7,1.0141262230399666,2026-10-07T20:11:41+00:00
ZMB-D-0406,Nchelenge,-9.424999999999997,28.875,60.73634719848633,False,141,-9.075000000000003,28.674999999999983,180870.25,-9.274999999999991,28.625,177436.4375,28.45078001507517,True,181176.9,0.998307455310252,2026-10-07T20:11:41+00:00
ZMB-D-0806,Mbala,-9.125,31.625,30.393474578857422,False,251,-8.625,31.274999999999977,3258.7822265625,-8.924999999999997,31.724999999999994,1277.0341796875,23.900172777024213,True,3258.7,1.0000252329341455,2026-10-07T20:11:41+00:00
ZMB-D-0807,Mpulungu,-8.974999999999994,30.82499999999999,60.811641693115234,False,362,-8.325000000000003,30.774999999999977,20351.205078125,-9.075000000000003,30.82499999999999,1702.653076171875,10.82921361989224,True,18647.6,1.0913578732987088,2026-10-07T20:11:41+00:00
ZMB-D-0808,Nsama,-8.825000000000003,30.125,182.52777099609375,False,246,-8.825000000000003,29.625,11109.2158203125,-8.825000000000003,30.224999999999994,7992.18359375,11.917114071502061,True,11147.9,0.9965299132852377,2026-10-07T20:11:41+00:00
ZMB-D-0407,Chiengi,-8.774999999999991,29.125,243.36769104003906,False,127,-8.625,28.924999999999983,201889.421875,-8.625,29.024999999999977,1248.3489990234375,18.933605394774148,True,182246.3,1.107783378181066,2026-10-07T20:11:41+00:00
ZMB-D-0208,Masaiti,-13.325000000000003,28.625,1048.871337890625,True,124,-13.224999999999994,28.174999999999983,11575.1552734375,-13.325000000000003,28.625,1048.871337890625,3.0193933632494487,True,11552.3,1.0019784175824296,2026-10-07T20:11:41+00:00
ZMB-D-0209,Luanshya,-13.075000000000003,28.375,29.995439529418945,False,26,-13.224999999999994,28.375,1769.63330078125,-13.224999999999994,28.375,1769.63330078125,16.672143278144684,True,1753.8,1.0090279967962426,2026-10-07T20:11:41+00:00
ZMB-D-0210,Ndola,-12.974999999999994,28.524999999999977,30.007244110107422,False,36,-13.125,28.57499999999999,840.10791015625,-13.174999999999997,28.57499999999999,1020.027099609375,23.635224865618007,False,1011.1,0.8308850857049254,2026-10-07T20:11:41+00:00
ZMB-D-0707,Ikelenge,-11.224999999999994,24.32499999999999,120.7665786743164,False,75,-11.575000000000003,24.57499999999999,3439.7568359375,-11.125,24.07499999999999,1026.903076171875,29.54507701339177,True,3252.8,1.0574756627943618,2026-10-07T20:11:41+00:00
ZMB-D-0606,Mafinga,-10.325000000000003,33.32499999999999,30.287399291992188,False,133,-10.325000000000003,33.02499999999998,4365.69482421875,-10.575000000000003,33.42499999999998,1120.46728515625,28.42110287526751,True,4376.6,0.9975082996432733,2026-10-07T20:11:41+00:00
ZMB-D-0505,Chirundu,-16.174999999999997,28.724999999999994,1715.937255859375,True,61,-15.974999999999994,28.875,677778.9375,-16.174999999999997,28.724999999999994,1715.937255859375,1.0722354257325377,True,683379.1,0.9918051890963596,2026-10-07T20:11:41+00:00
ZMB-D-0408,Chembe,-11.724999999999994,28.674999999999983,120.60489654541016,False,71,-11.625,28.424999999999983,130963.75,-11.924999999999997,28.625,123168.40625,21.645347742667827,False,129320.9,1.012703669708454,2026-10-07T20:11:41+00:00
ZMB-D-0607,Chinsali,-10.274999999999991,32.125,3177.260498046875,True,207,-10.474999999999994,31.774999999999977,24086.013671875,-10.274999999999991,32.125,3177.260498046875,2.953609488863052,True,25528.3,0.9435024530374134,2026-10-07T20:11:41+00:00
ZMB-D-0108,Mkushi,-13.774999999999991,29.474999999999994,29.910301208496094,False,278,-13.924999999999997,29.125,5626.38232421875,-13.924999999999997,29.524999999999977,1346.4134521484375,18.753789091972358,True,5654.7,0.9949921877763188,2026-10-07T20:11:41+00:00
ZMB-D-0506,Chongwe,-15.424999999999997,28.625,178.1051483154297,False,75,-15.474999999999994,28.924999999999983,3149.819580078125,-15.325000000000003,28.674999999999983,1932.253173828125,9.361830320727151,True,4039.9,0.7796776108512896,2026-10-07T20:11:41+00:00
ZMB-D-0109,Chisamba,-14.774999999999991,28.524999999999977,148.95875549316406,False,177,-14.825000000000003,28.924999999999983,7692.10205078125,-14.825000000000003,28.524999999999977,2144.275390625,5.410578048384095,True,7808.0,0.9851565126512871,2026-10-07T20:11:41+00:00
ZMB-D-1007,Sesheke,-16.924999999999997,23.82499999999999,29.473243713378906,False,375,-17.474999999999994,24.474999999999994,334847.78125,-16.875,23.82499999999999,325403.6875,6.919003142565889,True,336708.4,0.9944740946468813,2026-10-07T20:11:41+00:00
ZMB-D-1008,Mwandi,-17.075000000000003,24.674999999999983,589.4791870117188,False,217,-17.474999999999994,24.724999999999994,335582.65625,-17.174999999999997,24.57499999999999,2182.980712890625,13.151961806101424,True,340968.4,0.9842045663175825,2026-10-07T20:11:41+00:00
ZMB-D-1009,Sioma,-16.825000000000003,23.174999999999983,1357.93798828125,True,270,-16.724999999999994,23.674999999999983,324902.34375,-16.825000000000003,23.174999999999983,1357.93798828125,2.6837903951777395,True,326538.4,0.994989697230096,2026-10-07T20:11:41+00:00
ZMB-D-1010,Nalolo,-15.825000000000003,22.924999999999983,207.55783081054688,False,155,-16.224999999999994,23.224999999999994,298241.03125,-15.674999999999997,23.07499999999999,2078.9150390625,22.08937615606265,True,300538.0,0.9923571436889844,2026-10-07T20:11:41+00:00
ZMB-D-1011,Sikongo,-15.325000000000003,22.274999999999977,29.70624351501465,False,250,-14.875,22.524999999999977,20046.349609375,-15.075000000000003,22.125,1396.58544921875,33.24708945846134,True,19731.2,1.015972146112502,2026-10-07T20:11:41+00:00
ZMB-D-1012,Luampa,-15.424999999999997,24.674999999999983,59.38469314575195,False,342,-14.875,24.274999999999977,7304.56103515625,-15.424999999999997,24.724999999999994,4004.0830078125,6.312942501030234,True,7466.0,0.9783767794208746,2026-10-07T20:11:41+00:00
ZMB-D-1013,Nkeyema,-14.875,25.174999999999983,684.8243408203125,False,127,-14.774999999999991,24.924999999999983,3332.5478515625,-14.924999999999997,25.125,1219.4925537109375,9.14535796718779,True,3433.8,0.9705130909087599,2026-10-07T20:11:41+00:00
ZMB-D-0809,Kaputa,-8.825000000000003,29.474999999999994,30.41796112060547,False,164,-9.075000000000003,29.125,14721.7021484375,-8.825000000000003,29.524999999999977,11261.314453125,6.906715868140511,True,26411.8,0.5573910959661023,2026-10-07T20:11:41+00:00
ZMB-D-0409,Lunga,-11.575000000000003,30.125,60.33145523071289,False,123,-11.875,29.82499999999999,74831.453125,-11.575000000000003,30.174999999999983,47476.52734375,6.8636273189536645,True,63620.9,1.1762086535242349,2026-10-07T20:11:41+00:00
ZMB-D-0911,Zimba,-17.674999999999997,26.625,205.5493621826172,False,179,-18.02499999999999,26.774999999999977,534250.1875,-17.52499999999999,26.375,4622.61474609375,30.582441980113614,True,538934.3,0.9913085648844394,2026-10-07T20:11:41+00:00
ZMB-D-0308,Sinda,-14.224999999999994,31.774999999999977,89.5533447265625,False,85,-14.274999999999991,32.02499999999998,626.8021850585938,-14.575000000000003,31.774999999999977,1162.7008056640625,36.2063320751056,False,503.4,1.2451374355554108,2026-10-07T20:11:41+00:00
ZMB-D-0110,Kapiri Mposhi,-14.174999999999997,28.474999999999994,507.8762512207031,False,310,-14.774999999999991,28.875,7543.25048828125,-14.274999999999991,28.474999999999994,1283.95068359375,8.503787868180556,True,8737.7,0.8632993222794614,2026-10-07T20:11:41+00:00
ZMB-D-0507,Chilanga,-15.474999999999994,28.07499999999999,29.68536376953125,False,45,-15.375,27.82499999999999,3746.28759765625,-15.674999999999997,27.974999999999994,1157.4200439453125,25.24033230639403,False,251.4,14.90170086577665,2026-10-07T20:11:41+00:00
ZMB-D-0309,Vubwi,-13.974999999999994,32.974999999999994,29.885173797607422,False,31,-14.075000000000003,32.875,597.709228515625,-14.224999999999994,32.82499999999999,1075.5089111328125,29.236317357353197,False,650.8,0.9184222933552936,2026-10-07T20:11:41+00:00
ZMB-D-1014,Limulunga,-14.974999999999994,23.424999999999983,29.75419044494629,False,129,-15.125,22.974999999999994,237964.234375,-14.924999999999997,23.375,1428.17236328125,5.662024245649339,True,238358.0,0.9983480075139076,2026-10-07T20:11:41+00:00
ZMB-D-1015,Mitete,-14.274999999999991,22.974999999999994,59.693626403808594,False,213,-14.724999999999994,23.024999999999977,215792.8125,-14.274999999999991,23.024999999999977,41681.5859375,7.43981024483492,True,214775.2,1.0047380353970103,2026-10-07T20:11:41+00:00
ZMB-D-0111,Serenje,-13.174999999999997,30.424999999999983,89.96849060058594,False,397,-13.924999999999997,30.875,87011.4453125,-13.424999999999997,30.32499999999999,1138.3870849609375,28.36644447830689,True,87353.1,0.9960888086684959,2026-10-07T20:11:41+00:00
ZMB-D-0708,Kabompo,-13.524999999999991,23.974999999999994,29.94120979309082,False,237,-14.024999999999991,23.625,66630.015625,-13.524999999999991,24.07499999999999,1258.6580810546875,9.312222448637032,True,69761.1,0.9551170440976418,2026-10-07T20:11:41+00:00
ZMB-D-0709,Manyinga,-13.075000000000003,24.32499999999999,150.03610229492188,False,247,-13.575000000000003,24.274999999999977,41988.2421875,-13.075000000000003,24.224999999999994,1982.3587646484375,10.286352305982872,True,42161.0,0.9959024261165532,2026-10-07T20:11:41+00:00
ZMB-D-0410,Mwense,-10.524999999999991,28.724999999999994,30.268457412719727,False,80,-10.125,28.625,163086.75,-10.524999999999991,28.674999999999983,158060.890625,6.996666687840112,True,164272.4,0.992782415061812,2026-10-07T20:11:41+00:00
ZMB-D-0411,Mwansabombwe,-9.924999999999997,28.774999999999977,30.324201583862305,False,41,-9.774999999999991,28.674999999999983,167876.859375,-9.875,28.674999999999983,165783.703125,12.29438594335797,True,169604.8,0.9898119591839383,2026-10-07T20:11:41+00:00
ZMB-D-0912,Pemba,-16.77499999999999,27.375,29.496049880981445,False,61,-16.474999999999994,27.125,1711.824951171875,-16.52499999999999,27.125,1003.3854370117188,38.96291393788856,False,1540.3,1.1113581452781114,2026-10-07T20:11:41+00:00
ZMB-D-0508,Shibuyunji,-15.325000000000003,27.724999999999994,29.70624351501465,False,54,-15.625,27.774999999999977,148194.109375,-15.325000000000003,27.774999999999977,3597.770263671875,6.4580532147385705,True,148955.6,0.9948878012978364,2026-10-07T20:11:41+00:00
